[
	{
		"Customer Name": 'Aires',
		assets: [
			'WNCRAP0302.corp.aires.com',
			'rhel9-template',
			'corptesvl261.corp.aires.com',
			'corpprdvl215.corp.aires.com',
			'corpprdvw121.corp.aires.com',
			'corpprdvl224.corp.aires.com',
			'lxecsvn0101',
			'WNCRAP0301.corp.aires.com',
			'corpqavl300.corp.aires.com',
			'corpprdvl901',
			'corpprdvw1300.corp.aires.com',
			'wneccx0112.corp.aires.com',
			'WNCRDC0101.corp.aires.com',
			'wnecap0301.corp.aires.com',
			'WNAWDC0102.corp.aires.com',
			'corplabvl214.corp.aires.com',
			'wnecec0103.corp.aires.com',
			'corplabvl214.corp.aires.com',
			'WNAWAP0602.corp.aires.com',
			'corpdevvl401.corp.aires.com',
			'corpprdvl900.corp.aires.com',
			'WNAWWB0401.corp.aires.com',
			'corpprdvw1510.corp.aires.com',
			'lxpvidm0102.idm.aires.com',
			'WNECAP0101.corp.aires.com',
			'corptesvw1777.corp.aires.com',
			'corpprdvw107.corp.aires.com',
			'coloprdvw731.corp.aires.com',
			'corpprdvw1102.corp.aires.com',
			'lxpvdb0201.idm.aires.com',
			'wnecui0102.corp.aires.com',
			'corpprdvl700.idm.aires.com',
			'corpprdvl212.corp.aires.com',
			'corptesvw1007.corp.aires.com',
			'corpdevvl204.corp.aires.com',
			'rhel9-template.idm.aires.com',
			'lxpvsat0102.idm.aires.com',
			'lxpvebs0301.idm.aires.com',
			'corpprdvw731.corp.aires.com',
			'corptesvw760.corp.aires.com',
			'corpdevvl214.corp.aires.com',
			'WNEMFS0101.corp.aires.com',
			'lxpvebs0401.idm.aires.com',
			'corpprdvl901',
			'lxpvebs0401',
			'corptesvl501.corp.aires.com',
			'wnecec0101.corp.aires.com',
			'corpprdvwsccm01.corp.aires.com',
			'wnecui0101.corp.aires.com',
			'wneccx0108.corp.aires.com',
			'oratest.idm.aires.com',
			'corpprdvw223.corp.aires.com',
			'rhel88-template.idm.aires.com',
			'lxpvoem0101.idm.aires.com',
			'lxpvebs0401.idm.aires.com',
			'lxecsvn0101.idm.aires.com',
			'WNAWAP0502.corp.aires.com',
			'WNECWB0401.corp.aires.com',
			'WNECAP0401.corp.aires.com',
			'corpdbavl215.corp.aires.com',
			'wnecfs0102.corp.aires.com',
			'lxpvebs0201.idm.aires.com',
			'corpprdvw589.corp.aires.com',
			'WNECWB0402.corp.aires.com',
			'corpprdvw1301',
			'corpprdvw194.corp.aires.com',
			'corpprdvl405.corp.aires.com',
			'corpprdvw222.corp.aires.com',
			'rhel9-template.idm.aires.com',
			'corptesvl300.corp.aires.com',
			'neroprdvw136.corp.aires.com',
			'wneccx0113.corp.aires.com',
			'WNCRAP0101.corp.aires.com',
			'WNECCA0101.corp.aires.com',
			'WNECAP0302.corp.aires.com',
			'corptesvl210.corp.aires.com',
			'lxpvebs0301.idm.aires.com',
			'lail-lb02.idm.aires.com',
			'corpprdvw109.corp.aires.com',
			'wneccx0105.corp.aires.com',
			'WNEMDC0101.corp.aires.com',
			'wneccx0107.corp.aires.com',
			'WNNEFS0101.corp.aires.com',
			'wnecfs0105.corp.aires.com',
			'test',
			'wneccx0104.corp.aires.com',
			'corpqavl262.corp.aires.com',
			'corpqavw820.corp.aires.com',
			'lxawfs0601',
			'corpprdvl211.corp.aires.com',
			'WNAWCA0101.corp.aires.com',
			'corpprdvw777.corp.aires.com',
			'rhel8-template.idm.aires.com',
			'corpprdvw270.corp.aires.com',
			'corpprdvw760.corp.aires.com',
			'rhel9-template.idm.aires.com',
			'test.idm.aires.com',
			'corpprdvl901',
			'lail-lb01.idm.aires.com',
			'corpdevcis60.corp.aires.com',
			'lxpvebs0101.idm.aires.com',
			'WNAWAP0402.corp.aires.com',
			'corpprdvw227.corp.aires.com',
			'WNAWAP0601.corp.aires.com',
			'lxawap0601',
			'WNNEDC0101.corp.aires.com',
			'corpdbavl215.corp.aires.com',
			'corpprdvl214.corp.aires.com',
			'wneccx0103.corp.aires.com',
			'corptesvl204.corp.aires.com',
			'corptesvw1227.corp.aires.com',
			'corpprdvl214',
			'wneccx0102.corp.aires.com',
			'corpprdvl220.corp.aires.com',
			'corpprdvl261',
			'wneccx0112.corp.aires.com',
			'corptesvl210.corp.aires.com',
			'lxpvebs0101.idm.aires.com',
			'neroprdvw131.corp.aires.com',
			'wnecbi0101.corp.aires.com',
			'WNGCFS0101.corp.aires.com',
			'coloprdvw730.corp.aires.com',
			'corpprdvw2000.corp.aires.com',
			'corpqavw513.corp.aires.com',
			'corpprdvl224.corp.aires.com',
			'WNECAP0103.corp.aires.com',
			'corpprdvw754.corp.aires.com',
			'wnecfs0104.corp.aires.com',
			'corpqavl262.corp.aires.com',
			'lxecsvn0101.idm.aires.com',
			'WNECWB0101.corp.aires.com',
			'rhel9-template.idm.aires.com',
			'lxecsvn0101',
			'rhel9-template.idm.aires.com',
			'WNAWDB0501.corp.aires.com',
			'corpprdvw772.corp.aires.com',
			'wncrvm0101.corp.aires.com',
			'wnecdc0101.corp.aires.com',
			'corpdevvw820.corp.aires.com',
			'corpuatvl204.corp.aires.com',
			'corpprdvw134.corp.aires.com',
			'WNAWAP0503.corp.aires.com',
			'corpuatvl303.corp.aires.com',
			'corpprdcis02.corp.aires.com',
			'WNAWAP0501.corp.aires.com',
			'corptesvl204.corp.aires.com',
			'wneccx0201.corp.aires.com',
			'WNGCDC0102.corp.aires.com',
			'corpprdvl401.corp.aires.com',
			'corpprdcis60.corp.aires.com',
			'corpprdvw137.corp.aires.com',
			'oratest.idm.aires.com',
			'WNAWAP0401.corp.aires.com',
			'corpprdvl214',
			'lxpvebs0401.idm.aires.com',
			'wnecfs0103.corp.aires.com',
			'corptesvl215.corp.aires.com',
			'WNAWRD0401.corp.aires.com',
			'lxpvebs0101.idm.aires.com',
			'lxpvebs0401',
			'corpqavl214.corp.aires.com',
			'rhel8-template.idm.aires.com',
			'lxecsvn0101.idm.aires.com',
			'WNAWAU0401.corp.aires.com',
			'corpprdvl350',
			'corpqavl204.corp.aires.com',
			'corpprdvw1007.corp.aires.com',
			'wneccx0111.corp.aires.com',
			'wneccx0101.corp.aires.com',
			'wnecec0102.corp.aires.com',
			'rhel9-template.idm.aires.com',
			'corptesvl262.corp.aires.com',
			'lxpvidm0101.idm.aires.com',
			'corpuatvl215.corp.aires.com',
			'corpprdvl900',
			'corpprdvl260',
			'lxecsvn0101.idm.aires.com',
			'WNAWAU0402.corp.aires.com',
			'WNAWWB0501.corp.aires.com',
			'corpprdvw730.corp.aires.com',
			'corpprdvw814.corp.aires.com',
			'lxpvebs0401.idm.aires.com',
			'WNAWDB0401.corp.aires.com',
			'WNAWDC0101.corp.aires.com',
			'WNECAP0102.corp.aires.com',
			'wneccx0109.corp.aires.com',
			'wncrps0101.corp.aires.com',
			'corpprdvw1150.corp.aires.com',
			'rhel8-template.lnx.aires.com',
			'corpprdvw514.corp.aires.com',
			'corptesvw754.corp.aires.com',
			'corpprdvwsccm02.corp.aires.com',
			'corptesvl260.corp.aires.com',
			'corpdbavl300.corp.aires.com',
			'lxpvoem0101.idm.aires.com',
			'wnecec0104.corp.aires.com',
			'rhel8-template.idm.aires.com',
			'corpqavl260.corp.aires.com',
			'corpqavw1513.corp.aires.com',
			'rhel9-template.lnx.aires.com',
			'corpprdvw184.corp.aires.com',
			'corpprdvl210',
			'lxpvebs0401.idm.aires.com',
			'corpqavw712.corp.aires.com',
			'WNAWDB0601.corp.aires.com',
			'wneccx0106.corp.aires.com',
			'WNECWB0301.corp.aires.com',
			'wnecfs0101.corp.aires.com',
			'corpprdvw821.corp.aires.com',
			'corpprdvw701.corp.aires.com',
			'lxawdb0601',
			'wneccx0110.corp.aires.com',
			'rhel8-template.lnx.aires.com',
			'corpprdvl262',
			'corpprdvl900'
		]
	},
	{
		"Customer Name": 'City of Washington',
		assets: []
	},
	{
		"Customer Name": 'LJ Aviation',
		assets: [
			'LJA-RD01.ljaviation.local',
			'LJA-Mail01.ljaviation.local',
			'LJA-RD02.ljaviation.local',
			'LJA-DC01.ljaviation.local',
			'LJA-FILE01.ljaviation.local',
			'LJA-APP01.ljaviation.local',
			'LJA-dc02.ljaviation.local',
			'LJA-APP02.ljaviation.local',
			'LJA-APP03.ljaviation.local'
		]
	},
	{
		"Customer Name": "D'Anniballe and Company",
		assets: []
	},
	{
		"Customer Name": 'Advanced Manufacturing Technology, Inc',
		assets: []
	},
	{
		"Customer Name": 'Primary Solutions Inc',
		assets: []
	},
	{
		"Customer Name": 'Graceworks Lutheran Services',
		assets: []
	},
	{
		"Customer Name": 'St Moritz',
		assets: []
	},
	{
		"Customer Name": 'Financial Dimensions, Inc',
		assets: []
	},
	{
		"Customer Name": 'US Liner Company',
		assets: []
	},
	{
		"Customer Name": 'Invent Help',
		assets: []
	},
	{
		"Customer Name": 'Copic',
		assets: []
	},
	{
		"Customer Name": 'Climatech',
		assets: []
	},
	{
		"Customer Name": 'CNX',
		assets: [
			'cnxavdcyg-38.cnsl.com',
			'cnxCygWebPrd19.cnsl.com',
			'cnxavdcyg-48.cnsl.com',
			'AZECYGIOPSP1.cnx.com',
			'cnxavdcyg-56.cnsl.com',
			'cnxavdcyg-60.cnsl.com',
			'cnxavdcyg-33.cnsl.com',
			'CNXCYGAPPQA01.cnsl.com',
			'CNXIOPSBUILD01.cnsl.com',
			'cnxavdcyg-17.cnsl.com',
			'cnxavdcyg-37.cnsl.com',
			'AZECYGAPPQ1.cnx.com',
			'cnxavdcyg-35.cnsl.com',
			'cnxavdcyg-18.cnsl.com',
			'cnxavdcyg-9.cnsl.com',
			'cnxavdcyg-63.cnsl.com',
			'cnxavdcyg-43.cnsl.com',
			'cnxavdcyg-25.cnsl.com',
			'cnxavdcyg-7.cnsl.com',
			'cnxavdcyg-13.cnsl.com',
			'cnxavdcyg-57.cnsl.com',
			'cnxavdcyg-44.cnsl.com',
			'cnxavdcyg-22.cnsl.com',
			'cnxavdcyg-67.cnsl.com',
			'cnxavdcyg-54.cnsl.com',
			'cnxavdcyg-27.cnsl.com',
			'cnxavdcyg-45.cnsl.com',
			'cnxavdcyg-60.cnsl.com',
			'cnxavdcyg-59.cnsl.com',
			'cnxwin11goldcyg',
			'cnxavdcyg-69.cnsl.com',
			'cnxavdcyg-30.cnsl.com',
			'cnxavdcyg-24.cnsl.com',
			'cnxavdcyg-4.cnsl.com',
			'cnxavdcyg-23.cnsl.com',
			'cnxavdcyg-40.cnsl.com',
			'CNXCYGAPP04.cnsl.com',
			'AZWCYGAPPP1.cnx.com',
			'cnxavdcyg-64.cnsl.com',
			'AZECYGAPPP1.cnx.com',
			'AWSCYGAPPQA02.cnsl.com',
			'cnxavdcyg-62.cnsl.com',
			'cnxavdcyg-14.cnsl.com',
			'cnxavdcyg-72.cnsl.com',
			'cnxavdcyg-58.cnsl.com',
			'cnxavdcyg-16.cnsl.com',
			'cnxavdcyg-46.cnsl.com',
			'cnxavdcyg-15.cnsl.com',
			'cnxavdcyg-68.cnsl.com',
			'cnxavdcyg-19.cnsl.com',
			'cnxcygapp03.cnsl.com',
			'AWSCYGOTDR01.cnsl.com',
			'cnxavdcyg-21.cnsl.com',
			'cnxavdcyg-20.cnsl.com',
			'cnxavdcyg-34.cnsl.com',
			'CNXCYGSQLDR19.cnsl.com',
			'AZECYGWEBIOPSP1.cnx.com',
			'cnxavdcyg-32.cnsl.com',
			'cnxavdcyg-29.cnsl.com',
			'AZECYGOTCONP1.cnx.com',
			'cnxavdcyg-6.cnsl.com',
			'cnxavdcyg-1.cnsl.com',
			'CNXCYGAPP02.pocagas.org',
			'cnxavdcyg-52.cnsl.com',
			'cnxavdcyg-5.cnsl.com',
			'cnxavdcyg-3.cnsl.com',
			'CNXCYGSQLPRD19.cnsl.com',
			'cnxavdcyg-12.cnsl.com',
			'cnxavdcyg-36.cnsl.com',
			'cnxavdcyg-42.cnsl.com',
			'cnxavdcyg-71.cnsl.com',
			'cnxavdcyg-8.cnsl.com',
			'cnxavdcyg-65.cnsl.com',
			'cnxavdcyg-70.cnsl.com',
			'cnxavdcyg-28.cnsl.com',
			'cnxavdcyg-66.cnsl.com',
			'cnxavdcyg-26.cnsl.com',
			'cnxavdcyg-47.cnsl.com',
			'cnxavdcyg-53.cnsl.com',
			'cnxavdcyg-49.cnsl.com',
			'cnxavdcyg-50.cnsl.com',
			'cnxavdcyg-39.cnsl.com',
			'cnxavdcyg-31.cnsl.com',
			'cnxavdcyg-61.cnsl.com',
			'AWSCYGAPPDR01',
			'cnxavdcyg-55.cnsl.com',
			'cnxavdcyg-11.cnsl.com',
			'cnxavdcyg-41.cnsl.com',
			'cnxavdcyg-10.cnsl.com',
			'cnxavdcyg-2.cnsl.com',
			'cnxavdcyg-51.cnsl.com'
		]
	},
	{
		"Customer Name": 'TrueSense Marketing',
		assets: []
	},
	{
		"Customer Name": 'Imlers Poultry',
		assets: []
	},
	{
		"Customer Name": 'Piatt Companies',
		assets: []
	},
	{
		"Customer Name": 'Thomas Automotive',
		assets: []
	},
	{
		"Customer Name": 'Honor Built',
		assets: []
	},
	{
		"Customer Name": 'Share Medical Center',
		assets: []
	},
	{
		"Customer Name": 'Schneller',
		assets: []
	},
	{
		"Customer Name": 'Westmoreland Federal Savings & Loan Association',
		assets: []
	},
	{
		"Customer Name": 'Cochran',
		assets: [
			'W8CG7504Z47B.1cochran.com',
			'WA77001.1cochran.com',
			'WH4B62B3B.1cochran.com',
			'D85-001.1cochran.com',
			'ctc6.1cochran.com',
			'W49GCQJ3B.1cochran.com',
			'WMXL33937JCB.1cochran.com',
			'WGQTLHV2B.1cochran.com',
			'NHISVC1.1cochran.com',
			'UTLVMHORHES02.1cochran.com',
			'WMJ07LHFWB.1cochran.com',
			'DESKTOP-CSRK2OM.1cochran.com',
			'W6NTZ513B.1cochran.com',
			'WJ3DFPR3B.1cochran.com',
			'WMJ07JLFGB.1cochran.com',
			'W5CD3035KBTB.1cochran.com',
			'W5CD6468B9SB.1cochran.com',
			'W5CD414BQHMB.1cochran.com',
			'W8CG752173PB.1cochran.com',
			'W5CD3213BQBB.1cochran.com',
			'WPF1DPKJXB.1cochran.com',
			'MXL2385QXG.1cochran.com',
			'nhspc6.1cochran.com',
			'WMXL3353JKGB.1cochran.com',
			'WIN-D1FH75U9U3J.1cochran.com',
			'WLR0BM5T8B.1cochran.com',
			'W5CD2497852B.1cochran.com',
			'WCBKTXM2B.1cochran.com',
			'WMXL61122MHB.1cochran.com',
			'W5CD2428QTNB.1cochran.com',
			'W5CD338J2J9B.1cochran.com',
			'Subarusales1.1cochran.com',
			'W9188MH3B.1cochran.com',
			'WMXL142436HB.1cochran.com',
			'W5CD414BQQ9B.1cochran.com',
			'gbgcollmgr.1cochran.com',
			'OFFICE-9.1cochran.com',
			'LINDAPC.1cochran.com',
			'NHS89040.1cochran.com',
			'MXL2385R06.1cochran.com',
			'WMXL31538QRB.1cochran.com',
			'WPF-3DW51RB.1cochran.com',
			'W6VGS513B.1cochran.com',
			'AVPARTS11.1cochran.com',
			'WMXL1402XPYB.1cochran.com',
			'WMXL142430SB.1cochran.com',
			'WMXL31538RMB.1cochran.com',
			'USER-56.1cochran.com',
			'Z157018.1cochran.com',
			'WMXL3353JMRB.1cochran.com',
			'WMXL339371VB.1cochran.com',
			'W6NNR513B.1cochran.com',
			'AVPARTS5.1cochran.com',
			'S151-001.1cochran.com',
			'WMXL339351PB.1cochran.com',
			'avparts1.1cochran.com',
			'WMJ08EPH5B.1cochran.com',
			'WMXL3353JNMB.1cochran.com',
			'WCN537BGT6B.1cochran.com',
			'w5CD2352LC0b.1cochran.com',
			'WMJ075XQ8B.1cochran.com',
			'W89W4F33B.1cochran.com',
			'W5CD3213BGPB.1cochran.com',
			'OFFICE-30.1cochran.com',
			'W5CD2345JVMB.1cochran.com',
			'WMXL1522T1PB.1cochran.com',
			'WMJ0GMD1QB.1cochran.com',
			'W2UA8041XNNB.1cochran.com',
			'WMXL33937KTB.1cochran.com',
			'WMXL3353JNBB.1cochran.com',
			'MONKBB6.1cochran.com',
			'APB01-R-AudiPittsburgh.1cochran.com',
			'WMXL323337TB.1cochran.com',
			'VWMazdaPartsMgr.1cochran.com',
			'SHNissanSVC001.1cochran.com',
			'pittaudicams.1cochran.com',
			'WMXL3353JMTB.1cochran.com',
			'WMXL31538MFB.1cochran.com',
			'W1Y46JV2B.1cochran.com',
			'W5CD40389N8B.1cochran.com',
			'W382SHG3B.1cochran.com',
			'2UA80424T3.1cochran.com',
			'109-3-22-2021-1.1cochran.com',
			'Z158012.1cochran.com',
			'W1KC0ZQ2B.1cochran.com',
			'monpreown62.1cochran.com',
			'WMJ07LQQHB.1cochran.com',
			'DDPXXM2.1cochran.com',
			'WMXL1102WCJB.1cochran.com',
			'W1XS5JV2B.1cochran.com',
			'W2UA4370V79B.1cochran.com',
			'BX962B3.1cochran.com',
			'W47CZSM2B.1cochran.com',
			'WMXL13020YYB.1cochran.com',
			'BVRIROCN.1cochran.com',
			'RPT00010.1cochran.com',
			'WMP1ER64CB.1cochran.com',
			'WJ5C6JG2B.1cochran.com',
			'nhspc3.1cochran.com',
			'MRKTG20210630.1cochran.com',
			'MonBGParts6.1cochran.com',
			'WG5C41M3B.1cochran.com',
			'SOU00100.1cochran.com',
			'W7PCN0M3B.1cochran.com',
			'FJ18WM3.1cochran.com',
			'WMXL31541S9B.1cochran.com',
			'WMXL25046XRB.1cochran.com',
			'AudiTech001.1cochran.com',
			'WD227ABA1B.1cochran.com',
			'WDRH1ZQ2B.1cochran.com',
			'WJ5D5XH2B.1cochran.com',
			'W5CD3218T5RB.1cochran.com',
			'WH2HDG63B.1cochran.com',
			'Z158017.1cochran.com',
			'W97S8WM3B.1cochran.com',
			'WFMNW2Z2B.1cochran.com',
			'189-001.1cochran.com',
			'W5CD30109FTB.1cochran.com',
			'WMJ0BJWYEB.1cochran.com',
			'Z157041.1cochran.com',
			'ctc-cccone.1cochran.com',
			'WMXL3513TWRB',
			'Z157013.1cochran.com',
			'2UA5401WMC.1cochran.com',
			'WDYLC1D3B.1cochran.com',
			'roblot123.1cochran.com',
			'5CD248FGYN.1cochran.com',
			'W5CD338J2JMB.1cochran.com',
			'W363W4Z2B.1cochran.com',
			'W5CD8381FMNB.1cochran.com',
			'W5CD248FGX2B.1cochran.com',
			'WMXL303341RB.1cochran.com',
			'PRDSFTP01.1cochran.com',
			'PC89010.1cochran.com',
			'WMJ075XQTB.1cochran.com',
			'WMXL3362QMZB.1cochran.com',
			'WF68JHV2B.1cochran.com',
			'subaruscans2.1cochran.com',
			'Z157016.1cochran.com',
			'2UA7311ZQ4.1cochran.com',
			'WMXL31538QQB.1cochran.com',
			'UTLPRTGMON01.1cochran.com',
			'MEN51.1cochran.com',
			'W5CD3112QX5B.1cochran.com',
			'WMJ0813KDB.1cochran.com',
			'W2UA72226NWB.1cochran.com',
			'5CD2382LKV.1cochran.com',
			'W5CD3112QXZB.1cochran.com',
			'WLR0BMAMAB.1cochran.com',
			'WMXL1402XV7BB.1cochran.com',
			'MJ07JLFS.1cochran.com',
			'w22101e79201b.1cochran.com',
			'WMXL3073LPWB.1cochran.com',
			'WMJ07JLF9B.1cochran.com',
			'5CD2158LPM.1cochran.com',
			'Z157024.1cochran.com',
			'W6XHS513B.1cochran.com',
			'USER-36.1cochran.com',
			'5CD2428QVQ.1cochran.com',
			'WMXL33938KJB.1cochran.com',
			'WBBF5343B.1cochran.com',
			'WCND13768CNB.1cochran.com',
			'MJ090P8M.1cochran.com',
			'03182019.1cochran.com',
			'WLR0BMAMQB.1cochran.com',
			'WMXL3073LMRB.1cochran.com',
			'WJ5CRQG2B.1cochran.com',
			'5CD3112RR9.1cochran.com',
			'M720s07142020-1.1cochran.com',
			'Z157023.1cochran.com',
			'W5CD7153SRGB.1cochran.com',
			'PC101090001.1cochran.com',
			'W5CD3218SRZB.1cochran.com',
			'W2UA72226N5B.1cochran.com',
			'USER-3.1cochran.com',
			'MENCA67.1cochran.com',
			'WF837AC64B.1cochran.com',
			'WG5HXRZ2B.1cochran.com',
			'WMJOB9F4LB.1cochran.com',
			'WMP25YTS3B.1cochran.com',
			'ROBGMtech0923.1cochran.com',
			'WMXL3353JMQB.1cochran.com',
			'W5CD2345JWY1B.1cochran.com',
			'W6Z5R513B.1cochran.com',
			'WMXL339371RB.1cochran.com',
			'PF2C0QP5.1cochran.com',
			'W4NPCZ23B.1cochran.com',
			'W8CG7504Z3YB.1cochran.com',
			'WMAZDATECHB.1cochran.com',
			'DESKTOP-G4R8680.1cochran.com',
			'WMXL3063N0KB.1cochran.com',
			'W5CD40389N0B.1cochran.com',
			'OFFICE-42.1cochran.com',
			'WMXL3073LLFB1.1cochran.com',
			'WMXL3062FSJB.1cochran.com',
			'IS000002.1cochran.com',
			'WHPDBDW2B2.1cochran.com',
			'WMJ0B2YWJB.1cochran.com',
			'WDPZL9R3B.1cochran.com',
			'WMXL3353JJXB.1cochran.com',
			'W6ZTP513B.1cochran.com',
			'W46B3TZ2B.1cochran.com',
			'WMXL3353JJHB.1cochran.com',
			'W4KKCMH3B.1cochran.com',
			'WDT9YYQ2B.1cochran.com',
			'W5CD3169B6SB.1cochran.com',
			'WMXL31538NGB.1cochran.com',
			'WCPW1B.1cochran.com',
			'W5CG3151DDBB.1cochran.com',
			'WMXL3353JGNB.1cochran.com',
			'MJ5GBV61.1cochran.com',
			'WMXL3513V05B.1cochran.com',
			'avfordfi7.1cochran.com',
			'W5CD40389M2B.1cochran.com',
			'PGHAUDI19.1cochran.com',
			'WMXL1102Z1NB.1cochran.com',
			'5CD248FH2P.1cochran.com',
			'USER-76.1cochran.com',
			'NHSTECH12.1cochran.com',
			'WMJ075XQRB.1cochran.com',
			'W6XSR513B.1cochran.com',
			'W5CD3218VC8B.1cochran.com',
			'WHN27.1cochran.com',
			'5CD3112QWS.1cochran.com',
			'BJQ73Q3.1cochran.com',
			'WMXL31538QVB.1cochran.com',
			'W2UA52417SBB.1cochran.com',
			'W5CD4103Z5XB.1cochran.com',
			'MXL2392M99.1cochran.com',
			'WMJ0996K3B.1cochran.com',
			'W6NTP513B.1cochran.com',
			'SHVW000004.1cochran.com',
			'W7L594B3B.1cochran.com',
			'WMXL33934YNB.1cochran.com',
			'AUDISTATE.1cochran.com',
			'5CD2331V6N.1cochran.com',
			'W6NVV513B.1cochran.com',
			'MXL2392M82.1cochran.com',
			'W6NWQ513B.1cochran.com',
			'Nutanix-Clone-Vigilant',
			'MEN7355.1cochran.com',
			'WMXL2392M80B.1cochran.com',
			'W6NNS513B.1cochran.com',
			'WMXL3353JL6B.1cochran.com',
			'MONAUDISVC2.1cochran.com',
			'5CD615165G.1cochran.com',
			'WMXL33934ZQB.1cochran.com',
			'OSIRIS.1cochran.com',
			'WGM879R3B.1cochran.com',
			'robbgsls52.1cochran.com',
			'Operator-10.1cochran.com',
			'W6G8N053B.1cochran.com',
			'WMXL2503D6YB.1cochran.com',
			'WMJ075WLVB.1cochran.com',
			'WPF19086LB.1cochran.com',
			'WMJ0EKCLXB.1cochran.com',
			'WMXL3353JP7B.1cochran.com',
			'WBAC94E6AB.1cochran.com',
			'W596P3L3B.1cochran.com',
			'W8CG7504Z4BB.1cochran.com',
			'WMJ0HJP4YB.1cochran.com',
			'W5CD2306M5PB.1cochran.com',
			'WMXL3353J7VB.1cochran.com',
			'WCND5362F79B.1cochran.com',
			'W5CD31686SWB.1cochran.com',
			'PC-10010.1cochran.com',
			'CTC1.1cochran.com',
			'WMP2473YC.1cochran.com',
			'MJ32M0G.1cochran.com',
			'5CD2331V6J.1cochran.com',
			'Spare01536.1cochran.com',
			'W5CD4103Z5VB.1cochran.com',
			'nhspc1.1cochran.com',
			'WMXL2342PNYB.1cochran.com',
			'WDSTEST01.1cochran.com',
			'WMJ07LGFWB.1cochran.com',
			'5CD2382LLT.1cochran.com',
			'WMXL61122N0B.1cochran.com',
			'robgmparts020.1cochran.com',
			'W8CG7504Z39B.1cochran.com',
			'WMXL13433T9B.1cochran.com',
			'AXISNVR-LENCKI7.1cochran.com',
			'W5CD2507KZHB.1cochran.com',
			'Smith2',
			'SHNAsist0001.1cochran.com',
			'WMJ07LQQH2B.1cochran.com',
			'5CD2428R01.1cochran.com',
			'WMXL31538QTB.1cochran.com',
			'W5CD31686T3B.1cochran.com',
			'WMXL3202LWFB.1cochran.com',
			'WMXL33934XQB.1cochran.com',
			'W5T01ZC3B.1cochran.com',
			'OFFICE-84.1cochran.com',
			'WMJ07JLF6B.1cochran.com',
			'WMJ0AKA5LB.1cochran.com',
			'W2UA7371Q20B.1cochran.com',
			'W6NHMPPG3B.1cochran.com',
			'WMXL31538R0B.1cochran.com',
			'W2A0B129DB.1cochran.com',
			'CSERVER2.1cochran.com',
			'WMXL3353JN1B.1cochran.com',
			'5CD248FH0W.1cochran.com',
			'AXISNVR-D2QPKCF.1cochran.com',
			'WFFG41M3B.1cochran.com',
			'W2UA51322K5B.1cochran.com',
			'WMXL3353JKBB.1cochran.com',
			'W5CD2507KYXB.1cochran.com',
			'W5CD301CZTXB.1cochran.com',
			'74G0613.1cochran.com',
			'WJ5K41M2B.1cochran.com',
			'WLR0F0GXZB.1cochran.com',
			'W9MY2T13B.1cochran.com',
			'AXISNVR-NJ8NG58.1cochran.com',
			'Z157012.1cochran.com',
			'SRV-WEB01',
			'155-221.1cochran.com',
			'WMXL3202LTGB.1cochran.com',
			'WMJ07LGG2B.1cochran.com',
			'WPF1ZMX8KB.1cochran.com',
			'W5G894B3B.1cochran.com',
			'W5CD30109GNB.1cochran.com',
			'W5CD8295MQMB.1cochran.com',
			'USER-35.1cochran.com',
			'WRCARDINALB.1cochran.com',
			'W4E60A0AAB.1cochran.com',
			'LP06162020.1cochran.com',
			'W7THMPG3B.1cochran.com',
			'W74XT513B.1cochran.com',
			'W5CD321H6LWB.1cochran.com',
			'WPF1ZNDKXB.1cochran.com',
			'WMXL3353JP2B.1cochran.com',
			'W68598825B.1cochran.com',
			'WFF118B3B.1cochran.com',
			'113-1-12-2020-1.1cochran.com',
			'Rhineheart',
			'W5CD3213BF1B.1cochran.com',
			'W6NTY513B.1cochran.com',
			'WMJ0996F0B.1cochran.com',
			'W5CD2262ZF3B.1cochran.com',
			'Z157017.1cochran.com',
			'WMP236N82B.1cochran.com',
			'NEALPC.1cochran.com',
			'WJR7NZV2B.1cochran.com',
			'WMXL3202LVDB.1cochran.com',
			'WMJ07GQNJB.1cochran.com',
			'USER-9.1cochran.com',
			'2UA1370XHS.1cochran.com',
			'W6XTR513B.1cochran.com',
			'wPF-2PPNRMb.1cochran.com',
			'WIN-J38JREJKLUC.1cochran.com',
			'W8CG249172CB.1cochran.com',
			'W4MB29N2B.1cochran.com',
			'Z158021.1cochran.com',
			'WMXL3202LV7B.1cochran.com',
			'W8CG7504WGRB.1cochran.com',
			'OFFICE-90.1cochran.com',
			'WMJ0A6M2AB.1cochran.com',
			'W6DSQ053B.1cochran.com',
			'WMXL3353JVMB.1cochran.com',
			'W5CD302G6J0B.1cochran.com',
			'W2UA2370D5LB.1cochran.com',
			'WM8NXCV11W42033FB.1cochran.com',
			'SHVWTechs071221.1cochran.com',
			'WMXL3062FT0B.1cochran.com',
			'Trainerpc00123.1cochran.com',
			'WMXL3353JHXB.1cochran.com',
			'BDFBWM3.1cochran.com',
			'wmj0ekclvb.1cochran.com',
			'WG5J1SZ2B.1cochran.com',
			'W5CD3169B9HB.1cochran.com',
			'W0274EDB7B.1cochran.com',
			'WMXL3353JPYB.1cochran.com',
			'WPC1N3KWQB.1cochran.com',
			'WMXL3131C5QB.1cochran.com',
			'WJ5DHMF2B.1cochran.com',
			'W5CD4103YHSB.1cochran.com',
			'WSL10R25058B.1cochran.com',
			'WMXL3353JHHB.1cochran.com',
			'WMXL339351WB.1cochran.com',
			'W2UA513269PB.1cochran.com',
			'PF3M99QY.1cochran.com',
			'W5CD321H698B.1cochran.com',
			'Vector',
			'17H3WM3.1cochran.com',
			'W5CD414BQHNB.1cochran.com',
			'P108-001MMC.1cochran.com',
			'WLROBMAL5B.1cochran.com',
			'108-2-17-2021-1.1cochran.com',
			'WDTVCYAAB.1cochran.com',
			'wmj0ekcmrb.1cochran.com',
			'C10001.1cochran.com',
			'NTX-VIEW-CS02.1cochran.com',
			'WMJ075WBB.1cochran.com',
			'USER-38.1cochran.com',
			'MJ08YDFB.1cochran.com',
			'Operator3.1cochran.com',
			'WMXL3393516B.1cochran.com',
			'MXL2392M87.1cochran.com',
			'WMXL3353JW1B.1cochran.com',
			'WMXL3202LZCB.1cochran.com',
			'WJ5C9JG2B.1cochran.com',
			'W5CD244CPYLB.1cochran.com',
			'WMXL31538M2B.1cochran.com',
			'WMXL31541SLB.1cochran.com',
			'w5CD3011HHJb.1cochran.com',
			'WMXL252249RB.1cochran.com',
			'MMC-10023.1cochran.com',
			'WMXL3353JM7B.1cochran.com',
			'wmj0eexxfb.1cochran.com',
			'W5CD3213BFLB.1cochran.com',
			'WCBQSXM2B.1cochran.com',
			'OFFICE-10.1cochran.com',
			'USER-17.1cochran.com',
			'NHSINSP001.1cochran.com',
			'W6XSZ513B.1cochran.com',
			'Butlersls867.1cochran.com',
			'WIN-VLTUF4DE01J',
			'AVF181-001.1cochran.com',
			'PF-1ZKTSQ.1cochran.com',
			'W2UA80424TVB.1cochran.com',
			'shyusvc37.1cochran.com',
			'WPW03LXXZB.1cochran.com',
			'WMJ0DC1DXB.1cochran.com',
			'WMXL2392M5S.1cochran.com',
			'WHN20.1cochran.com',
			'WD72SHG3B.1cochran.com',
			'WMXL6112OLPB.1cochran.com',
			'WMXL32332P3B.1cochran.com',
			'WMXL13020VRB.1cochran.com',
			'W74TY513B.1cochran.com',
			'W5CD244CPYSB.1cochran.com',
			'WMJ075WM1B.1cochran.com',
			'W6TYR513B.1cochran.com',
			'WMJ0B2YW3B.1cochran.com',
			'WashAudi1212.1cochran.com',
			'Z158018.1cochran.com',
			'124-3-29-2021-1.1cochran.com',
			'AXISNVR-J9I1TQP.1cochran.com',
			'WMXL14242L9B.1cochran.com',
			'WMJ0924XGB.1cochran.com',
			'WMJ08EPGHB.1cochran.com',
			'WMXL31538MLB.1cochran.com',
			'USER-10.1cochran.com',
			'OFFICE-40.1cochran.com',
			'WMXL3353JJFB.1cochran.com',
			'108-0001.1cochran.com',
			'NHS87054.1cochran.com',
			'MMC108-002.1cochran.com',
			'PO172003.1cochran.com',
			'14-0001.1cochran.com',
			'OFFICE-27.1cochran.com',
			'OFFICE-58.1cochran.com',
			'WMJ075WMNB.1cochran.com',
			'NEWZION.1cochran.com',
			'W5CD316861GB.1cochran.com',
			'MPO110-001.1cochran.com',
			'PC04292020.1cochran.com',
			'WDDLVXM2B.1cochran.com',
			'W5CD2507KQ0B.1cochran.com',
			'2UA7502QL2.1cochran.com',
			'AssistControl.1cochran.com',
			'SHN000001.1cochran.com',
			'FKMVQN3.1cochran.com',
			'W0ECDA38FB.1cochran.com',
			'141-1-12-2021-1.1cochran.com',
			'WMJ0EKCMDB.1cochran.com',
			'W5CD202JTMGB.1cochran.com',
			'W2UA73420K9B.1cochran.com',
			'WDDLSXM2B.1cochran.com',
			'W5CD3213BFCB.1cochran.com',
			'W5CD316863XB.1cochran.com',
			'WMXL3353JJJB.1cochran.com',
			'W5CD3169BBJB.1cochran.com',
			'108-0003.1cochran.com',
			'WMXL142430MB.1cochran.com',
			'Z158048.1cochran.com',
			'WMJ075WMRB.1cochran.com',
			'PF-1ABEXJ.1cochran.com',
			'W5CD316861PB.1cochran.com',
			'WMJ07JLELB.1cochran.com',
			'MXL2385QYK.1cochran.com',
			'WMXL2154N8LB.1cochran.com',
			'WPF2R4G1JB.1cochran.com',
			'W8CG7504Z4YB.1cochran.com',
			'W3GP8613B.1cochran.com',
			'W1Y18JV2B.1cochran.com',
			'W443104EBB.1cochran.com',
			'WCND5399MCKB.1cochran.com',
			'WMJ08YNE58B.1cochran.com',
			'W5CD3169B9PB.1cochran.com',
			'W2UA7502QLFB.1cochran.com',
			'W2UA5131QJ6B.1cochran.com',
			'136-001.1cochran.com',
			'MJ08EPKA.1cochran.com',
			'USER-89.1cochran.com',
			'WH4TX8G3B.1cochran.com',
			'WPF1QRVHJB.1cochran.com',
			'HP092N3.1cochran.com',
			'8H1QTD3.1cochran.com',
			'WCW2M9R3B.1cochran.com',
			'WFQTF082B.1cochran.com',
			'WMXL31538N9B.1cochran.com',
			'W6XLW513B.1cochran.com',
			'WMXL713275DB.1cochran.com',
			'MDDSYXM2W.1cochran.com',
			'MXL2154NFF.1cochran.com',
			'Z158019.1cochran.com',
			'WMJ07GQP02B.1cochran.com',
			'WMXL3353JK8B.1cochran.com',
			'WHPCSDW2B.1cochran.com',
			'W2UA5231GBKB.1cochran.com',
			'WDRJXYQ2B.1cochran.com',
			'WMXL339353SB.1cochran.com',
			'WMXL3073LMMB.1cochran.com',
			'AVPARTS13.1cochran.com',
			'W5CD41249X2B.1cochran.com',
			'WK2005N0130672B.1cochran.com',
			'WMXL31538M6B.1cochran.com',
			'WMXL31538PLB.1cochran.com',
			'WMXL3131C2C1B.1cochran.com',
			'W79PQ8N2B.1cochran.com',
			'W2UA2370D0XB.1cochran.com',
			'W5CD3112QXQB.1cochran.com',
			'W6NVT513B.1cochran.com',
			'109-2-1-2021-1.1cochran.com',
			'WMBGREERB.1cochran.com',
			'WMXL3393736B.1cochran.com',
			'assistlaptop.1cochran.com',
			'SHNTTL150-001.1cochran.com',
			'W3ZYRBM2B.1cochran.com',
			'MEN42.1cochran.com',
			'W6NQV513B.1cochran.com',
			'WC8F1PX2B.1cochran.com',
			'WMXL31538QSB.1cochran.com',
			'WMXL3353JGPB.1cochran.com',
			'avfordparts1.1cochran.com',
			'WPF2QCX2YB.1cochran.com',
			'WZ158020B.1cochran.com',
			'WMJ0FVM9VB.1cochran.com',
			'WMXL33934YBB.1cochran.com',
			'W4W2Y7B3B.1cochran.com',
			'UTLFPS01.1cochran.com',
			'W6XWP513B.1cochran.com',
			'WMXL42122W7B.1cochran.com',
			'BDCSLS75.1cochran.com',
			'MXL2154NGV.1cochran.com',
			'WGP2GNK3B.1cochran.com',
			'SurfaceGo4Test.1cochran.com',
			'WMXL3353JL9B.1cochran.com',
			'monpreownsales9.1cochran.com',
			'WMXL1522T1ZB.1cochran.com',
			'Persephone',
			'CM1-PC.1cochran.com',
			'W5CD4103Z5SB.1cochran.com',
			'USER-12.1cochran.com',
			'WMXL323337SB.1cochran.com',
			'WHNEXPTECH.1cochran.com',
			'W13wwcdmw6b.1cochran.com',
			'W59KW712B.1cochran.com',
			'PtsAdvisorMon.1cochran.com',
			'WHN30.1cochran.com',
			'W5CD414BQS2B.1cochran.com',
			'SurfaceGo4Test2.1cochran.com',
			'W74WW513B.1cochran.com',
			'MXL2392M8J.1cochran.com',
			'WMJ0A7VBGB.1cochran.com',
			'AVFTech39.1cochran.com',
			'USER-87.1cochran.com',
			'WMXL2302LV9B.1cochran.com',
			'WMXL14724VXB.1cochran.com',
			'W5CD30109GVB.1cochran.com',
			'MEN28.1cochran.com',
			'6VDR513.1cochran.com',
			'OFFICE-10.1cochran.com',
			'WHN32.1cochran.com',
			'108-3-3-21-1.1cochran.com',
			'WMJ07LGG4B.1cochran.com',
			'WMXL3393519B.1cochran.com',
			'WMXL3513TYQB.1cochran.com',
			'W2XKT513B.1cochran.com',
			'5CD2164LMB.1cochran.com',
			'WLR0BVY1LB.1cochran.com',
			'W5CD4101L6GB.1cochran.com',
			'3PK95K3-1.1cochran.com',
			'WMJ07LHFXB.1cochran.com',
			'OFFICE-22.1cochran.com',
			'WMXL33537J4B.1cochran.com',
			'WMP25YRGPB.1cochran.com',
			'WSOTOOLB.1cochran.com',
			'112001PTS.1cochran.com',
			'W6ZFR513B.1cochran.com',
			'WMXL3073LMJB.1cochran.com',
			'W5CD3213BLM1B.1cochran.com',
			'162-001.1cochran.com',
			'shinftech15.1cochran.com',
			'W5CD202JTPK.1cochran.com',
			'W2UA5211BL9B.1cochran.com',
			'WMXL3063MZKB.1cochran.com',
			'OFFICE-88.1cochran.com',
			'W1ZV5KD3B.1cochran.com',
			'Tech10019.1cochran.com',
			'TP14-001.1cochran.com',
			'OFFICE-18.1cochran.com',
			'WMJ075WMKB.1cochran.com',
			'WMXL1302110B.1cochran.com',
			'MJ0ATRT0.1cochran.com',
			'SHNisBF0126.1cochran.com',
			'WMJ0A7Y0NB.1cochran.com',
			'WMXL3233KVCB.1cochran.com',
			'MXL2392M86.1cochran.com',
			'WMXL2521Z04B.1cochran.com',
			'INTUNETEST02.1cochran.com',
			'W6XSP513B.1cochran.com',
			'W5CD338J2H7B.1cochran.com',
			'WMXL3073LN22B.1cochran.com',
			'W6YCQ513B.1cochran.com',
			'W5CD203GNTFB.1cochran.com',
			'16H3WM3.1cochran.com',
			'CTE6.1cochran.com',
			'CServer150.1cochran.com',
			'W9J9KHG3B.1cochran.com',
			'M71005222020.1cochran.com',
			'W5CD3382265B.1cochran.com',
			'155-3-11-2021-1.1cochran.com',
			'WMJ0GMD0ZB.1cochran.com',
			'WMXL3243TFXB.1cochran.com',
			'WMXL32332NSB.1cochran.com',
			'OFFICE-123.1cochran.com',
			'2UA80424TM.1cochran.com',
			'USER-29.1cochran.com',
			'WPF1RDDR5B.1cochran.com',
			'182-AVFI1.1cochran.com',
			'183-001.1cochran.com',
			'W8CG7504Z36B.1cochran.com',
			'WMXL713270NB.1cochran.com',
			'WTECH10022B.1cochran.com',
			'WMXL3202M21B.1cochran.com',
			'5CD224K7KT.1cochran.com',
			'WMXL252245DB.1cochran.com',
			'W8CC82926ZRB.1cochran.com',
			'WMP25YTSXB.1cochran.com',
			'W5CD2345JVMB.1cochran.com',
			'WMXL3202MQLB.1cochran.com',
			'WMXL3353J4TB.1cochran.com',
			'WGJZK6G3B.1cochran.com',
			'5CD248FH1V.1cochran.com',
			'WMJ0HJP4WW.1cochran.com',
			'W5CD31686S2B.1cochran.com',
			'PRDCCCWASH01.1cochran.com',
			'W5CD414BQQ2B.1cochran.com',
			'W6ZHR513B.1cochran.com',
			'W5CD301CZPNB.1cochran.com',
			'W4ZLC1D3B.1cochran.com',
			'W6X5R513B.1cochran.com',
			'W5CD40389J3B.1cochran.com',
			'WMXL1522T2G.1cochran.com',
			'AVFordM920s.1cochran.com',
			'fixedinfinmgr.1cochran.com',
			'WMJ075XQLB.1cochran.com',
			'OFFICE-T.1cochran.com',
			'WBQHDPX2B.1cochran.com',
			'PRDCRNSQL01.1cochran.com',
			'OFFICE-12.1cochran.com',
			'w5CD30109HNb.1cochran.com',
			'SHN-HANEL.1cochran.com',
			'WMXL33934XBB.1cochran.com',
			'WMXL3513L50B.1cochran.com',
			'W5CD4038B0YB.1cochran.com',
			'W2UA52318N3B.1cochran.com',
			'WMXL3513TYGB.1cochran.com',
			'WBXVV9G3B.1cochran.com',
			'W5CD21651V5B.1cochran.com',
			'OFFICE-34.1cochran.com',
			'MJ08EPLA.1cochran.com',
			'MONSUBSVC015.1cochran.com',
			'Synchro',
			'WIN-OLGJIQHQPVV.1cochran.com',
			'WGQLFDV2B.1cochran.com',
			'WD6DZTD3B.1cochran.com',
			'W86131611B.1cochran.com',
			'WMJ0EKCMFB.1cochran.com',
			'W5CD301CZV5B.1cochran.com',
			'WMXL3353JGXB.1cochran.com',
			'W2UA7032MXCB.1cochran.com',
			'WMXL7222470B.1cochran.com',
			'WIN-P3QA8MVPUQL.1cochran.com',
			'WPF1RGJVEB.1cochran.com',
			'OFFICE-35.1cochran.com',
			'Monprepshop2.1cochran.com',
			'WMXL3414567B.1cochran.com',
			'W5CD301CZVZB.1cochran.com',
			'WMXL913311WB.1cochran.com',
			'WPF2R056VB.1cochran.com',
			'MonHySVCMGR.1cochran.com',
			'w5CD241GK6Cb.1cochran.com',
			'Z157001.1cochran.com',
			'WL7NXCV18T612305B.1cochran.com',
			'WAD0B3314.1cochran.com',
			'5CD2382LLK.1cochran.com',
			'WMJ075XQVB.1cochran.com',
			'W74ZR513B.1cochran.com',
			'WGWPVGM2B.1cochran.com',
			'WMXL341421JB.1cochran.com',
			'W5CD3213BDJB.1cochran.com',
			'W5CD3466V9MB.1cochran.com',
			'WJSBLZV2B.1cochran.com',
			'WMJ090P8LB.1cochran.com',
			'W5CD3169B7LB.1cochran.com',
			'W3NK95K3B.1cochran.com',
			'markpc2282.1cochran.com',
			'wff108B3b.1cochran.com',
			'USER-7.1cochran.com',
			'WHN1.1cochran.com',
			'WPF1ZMX73B.1cochran.com',
			'W5CD338J2G7B.1cochran.com',
			'PO172002.1cochran.com',
			'W5CD33822FB.1cochran.com',
			'WMXL1402XQ2B.1cochran.com',
			'WIN-MO66H4IMIFU',
			'BD2JXP3.1cochran.com',
			'UTLDC02.1cochran.com',
			'C9FBWM3.1cochran.com',
			'LAPTOP-8TET5SC6.1cochran.com',
			'136-002.1cochran.com',
			'WF19B5K3B.1cochran.com',
			'W5CD3035H8GB.1cochran.com',
			'155-0002.1cochran.com',
			'WMXL3353JQ4B.1cochran.com',
			'OFFICE-89.1cochran.com',
			'MXL2385QZV.1cochran.com',
			'WJR7JZV2B.1cochran.com',
			'WPF25KYR6.1cochran.com',
			'LMMCMJOD7GLY.1cochran.com',
			'W5CD30109GLB.1cochran.com',
			'W401NBM2B.1cochran.com',
			'170-9-28-2020.1cochran.com',
			'WMXL3063N0CB.1cochran.com',
			'W6NXP513B.1cochran.com',
			'WMXL3353JP6B.1cochran.com',
			'PREOWNEDMONSVC2.1cochran.com',
			'PO172006.1cochran.com',
			'W2UA8041XNCB.1cochran.com',
			'WMXL2521YH8B.1cochran.com',
			'WHL6BFX2B.1cochran.com',
			'W6XTQ513B.1cochran.com',
			'msusvc06.1cochran.com',
			'WMJ075WAXB.1cochran.com',
			'5CD248FH0C.1cochran.com',
			'WD14U002B.1cochran.com',
			'W8CG7504WF7B.1cochran.com',
			'WLOANERB.1cochran.com',
			'WMLX3243TQMB.1cochran.com',
			'PGHAUDI222.1cochran.com',
			'WLR0DJ15AB.1cochran.com',
			'WMXL12525BQB.1cochran.com',
			'W5CD826217QB.1cochran.com',
			'WJ0AKTEMB.1cochran.com',
			'CADSVC32.1cochran.com',
			'WMXL3353JJSB.1cochran.com',
			'W04B7DD83B.1cochran.com',
			'OFFICE-72.1cochran.com',
			'WMJ09V35KB.1cochran.com',
			'WETSFEEB.1cochran.com',
			'NHSSLS3.1cochran.com',
			'WMJ32M2VB.1cochran.com',
			'WMXL31538N4B.1cochran.com',
			'WMJ07MET4B.1cochran.com',
			'MONBSPREOWN1.1cochran.com',
			'W5CG3151BY4B.1cochran.com',
			'W8CG825CRGBB.1cochran.com',
			'OFFICE-53.1cochran.com',
			'MC-100012.1cochran.com',
			'5CD2306LQ0.1cochran.com',
			'USER-49.1cochran.com',
			'W6ZQW513B.1cochran.com',
			'USER-61.1cochran.com',
			'5DC6492KPT.1cochran.com',
			'W2UA5131QPTB.1cochran.com',
			'WMXL3353JQ0B.1cochran.com',
			'W5CD244CPYDB.1cochran.com',
			'WMJ08YDFJB.1cochran.com',
			'W6WGQ5131B.1cochran.com',
			'WMP25YTQJB.1cochran.com',
			'WMXL339352QB.1cochran.com',
			'7W8F3Q3.1cochran.com',
			'WMJ0FVM9RB.1cochran.com',
			'WMXL31538M0B.1cochran.com',
			'MONKBB4.1cochran.com',
			'WH4B62B3B.1cochran.com',
			'wpf2qbpgnb.1cochran.com',
			'W6V9R513B.1cochran.com',
			'WDFCNTD3B.1cochran.com',
			'WJ5K5XH2B.1cochran.com',
			'WDBCSKD3B.1cochran.com',
			'WMXL24334H4B.1cochran.com',
			'WFDM38B3B.1cochran.com',
			'W6FBW053B.1cochran.com',
			'W5CD3213BDHB.1cochran.com',
			'W5CD3225P4RB.1cochran.com',
			'5CD248FH0D.1cochran.com',
			'WMXL2503D7WB.1cochran.com',
			'WCD203GNXPB.1cochran.com',
			'W5CD3218T5YB.1cochran.com',
			'MEN25.1cochran.com',
			'WIN-CBTCA99EG35.1cochran.com',
			'WMXL2392M8GB.1cochran.com',
			'W8CG7504Z48B.1cochran.com',
			'W6V1Q513B.1cochran.com',
			'W5CD2507KY4B.1cochran.com',
			'WGFZ7SG3B.1cochran.com',
			'OFFICE-46.1cochran.com',
			'vwparts5.1cochran.com',
			'WMP236N8VB.1cochran.com',
			'W74ZS513B.1cochran.com',
			'MEN27.1cochran.com',
			'5CD2428QYH.1cochran.com',
			'WMXL2503D2FB.1cochran.com',
			'W5CD41249TYB.1cochran.com',
			'WMJ07L00EB.1cochran.com',
			'WMXL3353JP5B.1cochran.com',
			'MJ0H4L58.1cochran.com',
			'W6VJQ513B.1cochran.com',
			'W5CD302GKKQB.1cochran.com',
			'WMXL339350JB.1cochran.com',
			'W403NBM2B.1cochran.com',
			'WMXL3353JMXB.1cochran.com',
			'W5CD3035HB2B.1cochran.com',
			'WMXL3353JHWB.1cochran.com',
			'WMXL25046XTB.1cochran.com',
			'WMXL31538QMB.1cochran.com',
			'F7H3WM3.1cochran.com',
			'WMXL9131N1LB.1cochran.com',
			'RBG-HANEL.1cochran.com',
			'WMXL2503D4WB.1cochran.com',
			'MJ0A6M00.1cochran.com',
			'WB2LW712B.1cochran.com',
			'WIN-PC80SPS8OAS.1cochran.com',
			'W72MR513B.1cochran.com',
			'WMXL3131C5RB.1cochran.com',
			'salesbdc12.1cochran.com',
			'WMXL1102WG0B.1cochran.com',
			'W8CG7504Z42B.1cochran.com',
			'WDRBWYQ2B.1cochran.com',
			'Z157090.1cochran.com',
			'Mj07MESZ.1cochran.com',
			'W5CD248FH1XB.1cochran.com',
			'57-58.1cochran.com',
			'WMXL31538M5B.1cochran.com',
			'MJ07LGFV.1cochran.com',
			'NTX-VIEW-CS01.1cochran.com',
			'W5CD33822D5B.1cochran.com',
			'WMXL2503D2DB.1cochran.com',
			'WOTHERGMB.1cochran.com',
			'PRDCCCCANON01.1cochran.com',
			'WJ5D4C62B.1cochran.com',
			'H8GBWM3.1cochran.com',
			'WMJ075XQDB.1cochran.com',
			'WML32331X7B.1cochran.com',
			'WIN-G369H93EL1O.1cochran.com',
			'Z158011.1cochran.com',
			'WMJ08EPLCB.1cochran.com',
			'WMXL2492MW3B.1cochran.com',
			'WMXL2503D55B.1cochran.com',
			'WMJ07GWR7B',
			'AVPARTS4.1cochran.com',
			'WMXL33938M0B.1cochran.com',
			'W88CL9R3B.1cochran.com',
			'WPF1L76Y0B.1cochran.com',
			'WD7JW712B.1cochran.com',
			'WMXL33934Y0B.1cochran.com',
			'WCBQWXM2B.1cochran.com',
			'W5CD3218T62B.1cochran.com',
			'WMIT8TJSTPNORBC.1cochran.com',
			'WRSEDLAKB.1cochran.com',
			'WIN-CMNSSPFHT4D',
			'WC9LZXM2B.1cochran.com',
			'MONHYUNTECH-4.1cochran.com',
			'monbody16.1cochran.com',
			'WC9PZXM2B.1cochran.com',
			'WMXL33934XCB.1cochran.com',
			'155-1-12-2021-1.1cochran.com',
			'W400RBM2B.1cochran.com',
			'WMXL3353JPVB.1cochran.com',
			'W2UA71633QYB.1cochran.com',
			'J5KMBB2.1cochran.com',
			'WG4P8WM3B.1cochran.com',
			'WPW03LY21B.1cochran.com',
			'W2UA5211G8XB.1cochran.com',
			'WHL7FFX2B.1cochran.com',
			'NEO',
			'WMJ075WB3B.1cochran.com',
			'W2UA5131QMFB.1cochran.com',
			'WMXL3353JL3B.1cochran.com',
			'W5CD248FH26B.1cochran.com',
			'W5CD311L81GB.1cochran.com',
			'WMXL3353JP1B.1cochran.com',
			'WXL5501L6G.1cochran.com',
			'OFFICE-11.1cochran.com',
			'WMXL1424WFB.1cochran.com',
			'awc4.1cochran.com',
			'Z157020.1cochran.com',
			'WMXL3243TNDB.1cochran.com',
			'W5CD237B7NXB.1cochran.com',
			'WMJ0FVMA4B.1cochran.com',
			'W239B5KSB.1cochran.com',
			'WMXL339372ZB.1cochran.com',
			'WJ5BDZC2B.1cochran.com',
			'W5CD41249XDB.1cochran.com',
			'WCDFBWM31B.1cochran.com',
			'WMJ075WBRB.1cochran.com',
			'UTLCANONAPP01.1cochran.com',
			'W5CG3241HXDB.1cochran.com',
			'ROBpreconsult1.1cochran.com',
			'WPF1DPKMKB.1cochran.com',
			'monbgsls26.1cochran.com',
			'W5CD3035H9JB.1cochran.com',
			'WFQTH082B.1cochran.com',
			'WMJ0DXX30B.1cochran.com',
			'shcallcenter15.1cochran.com',
			'WCBFZXM2B.1cochran.com',
			'W5CD3112RTVB.1cochran.com',
			'AVCC32.1cochran.com',
			'WJ57JBB2B.1cochran.com',
			'WMP236HA5B.1cochran.com',
			'5CD3112R4S.1cochran.com',
			'MXL4230VJJ2.1cochran.com',
			'WMXL3073LMSB.1cochran.com',
			'pghaudi9.1cochran.com',
			'WMXL3353J7WB.1cochran.com',
			'S189001.1cochran.com',
			'WMJ075WMWB.1cochran.com',
			'WIN-5HCF7GO90K1',
			'WMXL3353J60B.1cochran.com',
			'CTE11.1cochran.com',
			'WMXL24043TRB.1cochran.com',
			'183-1-5-2021-1.1cochran.com',
			'W5CD338J3N0B.1cochran.com',
			'W5CD31686QKB.1cochran.com',
			'9R092N3.1cochran.com',
			'WMXL3393524B.1cochran.com',
			'WMXL61120FHB.1cochran.com',
			'W5CD30109FSB.1cochran.com',
			'z157043.1cochran.com',
			'OFFICE-61.1cochran.com',
			'WMXL5501328B.1cochran.com',
			'w5CD30109DMb.1cochran.com',
			'LAPTOP-6I2KBV5A.1cochran.com',
			'W5CD4118RRNB.1cochran.com',
			'COO-DPlaptop.1cochran.com',
			'W92BKY23B.1cochran.com',
			'WMXL14242MGB.1cochran.com',
			'WMJ07JLF5B.1cochran.com',
			'Z1570085.1cochran.com',
			'MonInfiniti0213.1cochran.com',
			'WMXL31538NLB.1cochran.com',
			'WMXL3353JJGB.1cochran.com',
			'vwparts02.1cochran.com',
			'WMXL303348MB.1cochran.com',
			'WMJ08EPLNB.1cochran.com',
			'WPF17Z6JEB.1cochran.com',
			'MC101000-50D.1cochran.com',
			'W2UA7502QLBB.1cochran.com',
			'WG5HZRZ2B.1cochran.com',
			'WMJ07LGFVB.1cochran.com',
			'W5CD31698SMB.1cochran.com',
			'WLR0BMAHQB.1cochran.com',
			'WGSGMDV2B.1cochran.com',
			'CTC2.1cochran.com',
			'W5CD3112QYCB.1cochran.com',
			'W917JMH3B.1cochran.com',
			'WIN-RF06P809I7O.1cochran.com',
			'monhyuntech15.1cochran.com',
			'W5CD338J2HDB.1cochran.com',
			'WMXL3353JH4B.1cochran.com',
			'182-3-15-2021-2.1cochran.com',
			'WMXL2494148B.1cochran.com',
			'W8JYSKD3B.1cochran.com',
			'115-9-29-2020-1.1cochran.com',
			'W2040KD3B.1cochran.com',
			'WDRGKJM2B.1cochran.com',
			'WCBWXXM2B.1cochran.com',
			'89-3-25-2021-1.1cochran.com',
			'W5CD2507KZFB.1cochran.com',
			'WMXL31538QGB.1cochran.com',
			'WMJ0D7GLXB.1cochran.com',
			'WIN-T7BVSAM44GO.1cochran.com',
			'T11701.1cochran.com',
			'W5CD33822G5B.1cochran.com',
			'WMXL3353J54B.1cochran.com',
			'WPF-1DLSV5B.1cochran.com',
			'W5CD4103Z6RB.1cochran.com',
			'W8CG7504Z33B.1cochran.com',
			'AVFordTechE14.1cochran.com',
			'WBK4SY23B.1cochran.com',
			'W5CD3218SQMB.1cochran.com',
			'OFFICE-48.1cochran.com',
			'controller1.1cochran.com',
			'W7QV96Q2B.1cochran.com',
			'N150-001.1cochran.com',
			'WMJ0BAR5GB.1cochran.com',
			'Z157022.1cochran.com',
			'WMXL2503D6ZB.1cochran.com',
			'W72QRGB2B.1cochran.com',
			'WMXL31538NDB.1cochran.com',
			'AWC12.1cochran.com',
			'W5CD219FWT6B.1cochran.com',
			'avcsvc99.1cochran.com',
			'W6NTS513B.1cochran.com',
			'AXIS-89.1cochran.com',
			'W28HZFBB.1cochran.com',
			'GMC1-3-9-2021.1cochran.com',
			'W47DB5K3B.1cochran.com',
			'W5CD2497816B.1cochran.com',
			'W5CG9042TN9B.1cochran.com',
			'ROBASSIST2.1cochran.com',
			'WMXL3353JK6B.1cochran.com',
			'WMJ075WAYB.1cochran.com',
			'WMXL3131BQQB.1cochran.com',
			'WJ5GHZC2B.1cochran.com',
			'WIN-P3GCU11RGLC.1cochran.com',
			'2UA5242S7R.1cochran.com',
			'W3ZZPBM2B.1cochran.com',
			'USER-20.1cochran.com',
			'PO172001.1cochran.com',
			'WDELL3420B.1cochran.com',
			'WCACCDF4BB.1cochran.com',
			'W5CD31698RMB.1cochran.com',
			'WMJ0DZ4FSB.1cochran.com',
			'W5CD301CZW3B.1cochran.com',
			'W5CD337CSBC1B.1cochran.com',
			'WMJ0EEXTQB.1cochran.com',
			'msusvc9.1cochran.com',
			'WMXL31538M9B.1cochran.com',
			'W5CD4103YTQB.1cochran.com',
			'avfordparts2.1cochran.com',
			'WPF1ZNNZPB.1cochran.com',
			'W2UA72226NDB.1cochran.com',
			'W2UA52417WVB.1cochran.com',
			'W5CD207D5SFB.1cochran.com',
			'W5CD248FH12B.1cochran.com',
			'PF15Q9HZ.1cochran.com',
			'PGHAUDI12.1cochran.com',
			'WMXL3393530B.1cochran.com',
			'WMJ075WBHB.1cochran.com',
			'WCBSZXM2B.1cochran.com',
			'W2KBGP93B.1cochran.com',
			'WMJ0EK1A3B.1cochran.com',
			'W8W6ZYS3B.1cochran.com',
			'WMXL3131C29B.1cochran.com',
			'WMXL33934ZVB.1cochran.com',
			'MXL2154MXD.1cochran.com',
			'W1072009B.1cochran.com',
			'WGZ8B5K3B.1cochran.com',
			'W3MD4KQ2B2.1cochran.com',
			'USER-71.1cochran.com',
			'WMXL2503D2JB.1cochran.com',
			'WMXL31538RHB.1cochran.com',
			'W5CD301CZWRB.1cochran.com',
			'W6XQS513B.1cochran.com',
			'WCBWYXM2B.1cochran.com',
			'H8KM0M3.1cochran.com',
			'W5CD3168658B.1cochran.com',
			'W90MC1D3B.1cochran.com',
			'UTLAZGATEWAY01.1cochran.com',
			'WGJZLSZ2B.1cochran.com',
			'5CD219FWJP.1cochran.com',
			'WSALVAGE4B.1cochran.com',
			'W68HYRU57B.1cochran.com',
			'WMXL3353JV0B.1cochran.com',
			'2UA5231TZM.1cochran.com',
			'W8CG7504Z4TB.1cochran.com',
			'WMXL3353JP4B.1cochran.com',
			'WD7JW712B.1cochran.com',
			'WMXL2451PHDB.1cochran.com',
			'WFR0J082B.1cochran.com',
			'WMXL3202MXGB.1cochran.com',
			'MBG-HANEL.1cochran.com',
			'WMJ00VCPB.1cochran.com',
			'WIN-HNURKIC4KDJ',
			'WMP25J6NXB.1cochran.com',
			'W5CD3112QXTB.1cochran.com',
			'WMJ0996DAB.1cochran.com',
			'OFFICE-45.1cochran.com',
			'w5CD240165Xb.1cochran.com',
			'wmj0ekcmwb.1cochran.com',
			'Z158050.1cochran.com',
			'MMCLoaner01456.1cochran.com',
			'WDTVCYAA002B.1cochran.com',
			'WMXL339368QB.1cochran.com',
			'Laptop-6A.1cochran.com',
			'WMXL3513TY4B.1cochran.com',
			'27H3WM3.1cochran.com',
			'WPF3QZHR0B.1cochran.com',
			'W2UA51322K5B.1cochran.com',
			'WMXL3073LMXB.1cochran.com',
			'W361W4Z2B.1cochran.com',
			'WMXL1102YZKB.1cochran.com',
			'W77SRERMB.1cochran.com',
			'WCZ70XS1B.1cochran.com',
			'MONBSINSPECT.1cochran.com',
			'MXL2392M9B.1cochran.com',
			'MXL2385QXP.1cochran.com',
			'WMXL3353JTLB.1cochran.com',
			'W2PK95K3B.1cochran.com',
			'WMXL2503D6RB.1cochran.com',
			'W5CD24977Z8B.1cochran.com',
			'W8CG7504Z3XB.1cochran.com',
			'WMJ0GMD15B.1cochran.com',
			'5CD2306LTW.1cochran.com',
			'W7BGG7G3B.1cochran.com',
			'WMXL722248KB.1cochran.com',
			'WMXL24334F2B.1cochran.com',
			'WMXL339351BB.1cochran.com',
			'UTLCAROOT01.1cochran.com',
			'W3T0SMH3B.1cochran.com',
			'WPF1LYH9MB.1cochran.com',
			'w5CD3011HDYb.1cochran.com',
			'WHV9CH63B.1cochran.com',
			'W6Z7R513B.1cochran.com',
			'WMXL3063MHXB.1cochran.com',
			'W5CD3213BLVB.1cochran.com',
			'vwparts03.1cochran.com',
			'W14KY7N2B.1cochran.com',
			'WMJ075WMCB.1cochran.com',
			'183-01.1cochran.com',
			'CTE26.1cochran.com',
			'USER-116.1cochran.com',
			'AXISNVR-LE9PUAO.1cochran.com',
			'DEV-IT-T.1cochran.com',
			'MEN2.1cochran.com',
			'WMXL243349DB.1cochran.com',
			'WFHMJTH3B.1cochran.com',
			'WCBVYXM2B.1cochran.com',
			'WMJ07LQQ5B.1cochran.com',
			'W5CD31698S9B.1cochran.com',
			'5CD248FH0X.1cochran.com',
			'MXL4230VJJ.1cochran.com',
			'W5CD203GNVRB.1cochran.com',
			'MXL2392M83.1cochran.com',
			'W5CD3218T6SB.1cochran.com',
			'WMXL1102Z2FB.1cochran.com',
			'CTE6.1cochran.com',
			'WMXL3353JM4B.1cochran.com',
			'BVX4610GW.1cochran.com',
			'dirk16.1cochran.com',
			'Z4122.1cochran.com',
			'W9Z6GJV2B.1cochran.com',
			'W8CG825CRH9B.1cochran.com',
			'MEN48.1cochran.com',
			'WMXL3154DNYB.1cochran.com',
			'WIN-E4SV1BBULMR.1cochran.com',
			'WD3DP903.1cochran.com',
			'W8CG7504Z3TB.1cochran.com',
			'WMXL2301J9GB.1cochran.com',
			'WMJ00VCHB.1cochran.com',
			'W7MK95K3BA.1cochran.com',
			'USER-21.1cochran.com',
			'W8CG7504Z4CB.1cochran.com',
			'cwp18.1cochran.com',
			'WLT-100001.1cochran.com',
			'W6YBV513B.1cochran.com',
			'W1XL6JV2B.1cochran.com',
			'WPC1RZ5YLB.1cochran.com',
			'avparts7.1cochran.com',
			'CCCPC002.1cochran.com',
			'Z1580233.1cochran.com',
			'2UA5401WJ5.1cochran.com',
			'W5CD2352LC3B.1cochran.com',
			'WMXL33934Z8B.1cochran.com',
			'WMJ075WBNB.1cochran.com',
			'WMXL7132742B.1cochran.com',
			'WMXL243348QB.1cochran.com',
			'WMP25MQF3B.1cochran.com',
			'PGHAUDI2',
			'WMXL33934ZSB.1cochran.com',
			'WMXL3393504B.1cochran.com',
			'WGV962B3B.1cochran.com',
			'WMXL3032LNWB.1cochran.com',
			'PC89008.1cochran.com',
			'5CD2158MHY.1cochran.com',
			'WCND5362F5JB.1cochran.com',
			'Z157004.1cochran.com',
			'W2UA4370T2QB.1cochran.com',
			'WMXL1402YKG.1cochran.com',
			'WJ9KW712B.1cochran.com',
			'WMXL31538RGB.1cochran.com',
			'TECH100013.1cochran.com',
			'OFFICE-166.1cochran.com',
			'W4N879R3B.1cochran.com',
			'OFFICE-170.1cochran.com',
			'W5CD3218VBQB.1cochran.com',
			'MonSubaruGreeter.1cochran.com',
			'W74FZ513B.1cochran.com',
			'wMXL243349Gb.1cochran.com',
			'185-001.1cochran.com',
			'WMJJ7JLFBB.1cochran.com',
			'W5CD321H6LZB.1cochran.com',
			'W5CD2382LLGB.1cochran.com',
			'W6ZKY513B.1cochran.com',
			'W5CD2162NL8B.1cochran.com',
			'salesbdc15.1cochran.com',
			'W6NLT513B.1cochran.com',
			'WMJ0B2YWFB.1cochran.com',
			'W5CD2306MB8B.1cochran.com',
			'W9EC90C39B.1cochran.com',
			'W1402Y29B.1cochran.com',
			'W5CD338J2FZB.1cochran.com',
			'W1PK95K3B.1cochran.com',
			'W5CD4101L2PB.1cochran.com',
			'5CD21651WT.1cochran.com',
			'WMJOFVMA6B.1cochran.com',
			'5CD21651V6.1cochran.com',
			'MJ07GWQU.1cochran.com',
			'MEN14.1cochran.com',
			'W7N7H0Q2B.1cochran.com',
			'WMJ0D7GK9B.1cochran.com',
			'MJ01C839.1cochran.com',
			'WMJ07JP2TB.1cochran.com',
			'WMXL3062FSGB.1cochran.com',
			'WJ5K1M82B.1cochran.com',
			'WC46C5AA8B1.1cochran.com',
			'Z158049.1cochran.com',
			'183-3-15-2021-1.1cochran.com',
			'W5CD316852XB.1cochran.com',
			'SURFACEPROTEST.1cochran.com',
			'WMXL3353JN6B.1cochran.com',
			'WDRG2ZQ2B.1cochran.com',
			'W2C279R3B.1cochran.com',
			'MXL24043TQ.1cochran.com',
			'NHVW7152022.1cochran.com',
			'WMXL339370CB.1cochran.com',
			'5CD2382L4C.1cochran.com',
			'OFFICE-153.1cochran.com',
			'W6C2E87E8B.1cochran.com',
			'WMXL31538NKB.1cochran.com',
			'W462805CFB.1cochran.com',
			'WJ5D06K2B.1cochran.com',
			'W5CD31686T6B.1cochran.com',
			'robgreeter15.1cochran.com',
			'Morpheus2',
			'INTUNETEST04.1cochran.com',
			'W5CD301CZW7B.1cochran.com',
			'W5CD3259NDDB.1cochran.com',
			'WMXL31538MKB.1cochran.com',
			'WMXL339367GB.1cochran.com',
			'5CG9042V79.1cochran.com',
			'WJRFNZV2B.1cochran.com',
			'W5CD302G6L3B.1cochran.com',
			'114-001.1cochran.com',
			'WMXL33934WRB.1cochran.com',
			'MJ0A6M39.1cochran.com',
			'WPF28HB9LB.1cochran.com',
			'WMXL3353JQ1BB.1cochran.com',
			'W5CD31685Z2B.1cochran.com',
			'W5CD249787YB.1cochran.com',
			'W5CD2382LNCB.1cochran.com',
			'WCL9KHG3B.1cochran.com',
			'WMXL32333F3B.1cochran.com',
			'NHM188070.1cochran.com',
			'DDRYXM2.1cochran.com',
			'W5CD3112QXXB.1cochran.com',
			'WMJ07LGG0B.1cochran.com',
			'WX5CD4101LGRB.1cochran.com',
			'15-3-11-2021-1.1cochran.com',
			'WMXL34142QLB.1cochran.com',
			'W75HXWS1B.1cochran.com',
			'WCND4101M12B.1cochran.com',
			'MMZ186-010.1cochran.com',
			'W6WV6R9BB.1cochran.com',
			'W5CD3112QL5B.1cochran.com',
			'MXL2385QYR.1cochran.com',
			'BDC-renewed1.1cochran.com',
			'74NT513.1cochran.com',
			'WMXL339351DB.1cochran.com',
			'WMJ07METEB.1cochran.com',
			'NTX-VIEW-CMP01.1cochran.com',
			'NHS89060.1cochran.com',
			'PROMETHEUS.1cochran.com',
			'W6NPP513B.1cochran.com',
			'MBSSLSMNGR108.1cochran.com',
			'Z158002.1cochran.com',
			'W5CD60415R5B.1cochran.com',
			'W5CD4103Z8B.1cochran.com',
			'W6XBW513B.1cochran.com',
			'MXL2385QZT.1cochran.com',
			'PRIESTESS.1cochran.com',
			'WJVIRSACKlaptopB.1cochran.com',
			'R141222.1cochran.com',
			'WHN16.1cochran.com',
			'WMXL2294QKR2B.1cochran.com',
			'W5CD4103RDBB.1cochran.com',
			'W5CD3213BF0B.1cochran.com',
			'WMXL713273ZB.1cochran.com',
			'USER-11.1cochran.com',
			'WMXL341457JB.1cochran.com',
			'WMJ0AKA4KB.1cochran.com',
			'WJ5D11M2B.1cochran.com',
			'WMXL3353JK7B.1cochran.com',
			'W5CD3169B9BB.1cochran.com',
			'AVFordTech-X390.1cochran.com',
			'WMXL33934Y3B.1cochran.com',
			'PRDCITDC01.cochranit.com',
			'WMXL30334WFB.1cochran.com',
			'W5CD31685W9B.1cochran.com',
			'PGHAUDI14.1cochran.com',
			'W5CD3112QV4B.1cochran.com',
			'W96G5K13B.1cochran.com',
			'DEV-OFFICE-4.1cochran.com',
			'z158014.1cochran.com',
			'MEN1451.1cochran.com',
			'W2UA51322TKB.1cochran.com',
			'PreOwned2018.1cochran.com',
			'WBCFDXM2B.1cochran.com',
			'W5CD338J3M8B.1cochran.com',
			'WMXL14242YDB.1cochran.com',
			'WNHCOLLISIONB.1cochran.com',
			'W8CG7504Z35B.1cochran.com',
			'WJ5DDJG2b.1cochran.com',
			'W5DFBWM3B.1cochran.com',
			'AVCOL181-0001.1cochran.com',
			'WMXL31538QWB.1cochran.com',
			'WHPN7DW2B.1cochran.com',
			'W5CD3105CHWB.1cochran.com',
			'W5CD3213BMMB.1cochran.com',
			'MXL2385QZX.1cochran.com',
			'W9ZF25K3B.1cochran.com',
			'WMJ0HJP4XB.1cochran.com',
			'WMXL31538MDB.1cochran.com',
			'W2WSGT13B.1cochran.com',
			'AXISNVR-ButlerF.1cochran.com',
			'W4MHF3Y2B.1cochran.com',
			'WMMXL323324WB.1cochran.com',
			'WSHVWFIB.1cochran.com',
			'J5DDJG2.1cochran.com',
			'WMXL3353JMLB.1cochran.com',
			'140-9-30-2020-1.1cochran.com',
			'nhsubpts15.1cochran.com',
			'WMJ0ATRT1B.1cochran.com',
			'R914A47K.1cochran.com',
			'109-1-28-2021-1.1cochran.com',
			'W5CD3035JVPB.1cochran.com',
			'WMXL3131BQVB.1cochran.com',
			'B38L9R3.1cochran.com',
			'WMJ0B9F4XB.1cochran.com',
			'southinfiniti2.1cochran.com',
			'WPF3MD42MB.1cochran.com',
			'DESKTOP-5LBAAH9.1cochran.com',
			'W6NXV513B.1cochran.com',
			'ShAudiPC5.1cochran.com',
			'WMXL14724WOB.1cochran.com',
			'W8CG7504Z4WB.1cochran.com',
			'W5CD8171QBZB.1cochran.com',
			'WMP25MG8TB.1cochran.com',
			'WMXL3063M8XW.1cochran.com',
			'W6RQRM83B.1cochran.com',
			'WMXL3353JHCB.1cochran.com',
			'WCBPZXM2B.1cochran.com',
			'bdc20.1cochran.com',
			'W62VKG53B.1cochran.com',
			'MEN9.1cochran.com',
			'WMXL713274HB.1cochran.com',
			'monmazdaparts1.1cochran.com',
			'WMJ0EKCM0B.1cochran.com',
			'W5CD4101L0LB.1cochran.com',
			'WMXL2503D7XB.1cochran.com',
			'WMJ075WBTB.1cochran.com',
			'W5CD248FH2FB.1cochran.com',
			'WIN-8LHGCVJTBVL',
			'WMXL33937G8B.1cochran.com',
			'WMJ0A7VA9B.1cochran.com',
			'USER-54.1cochran.com',
			'WMXL3353JW0B.1cochran.com',
			'J5B8JG2.1cochran.com',
			'WMXL61120N3B.1cochran.com',
			'W5CD31698R5B.1cochran.com',
			'WMXL3513TWKB.1cochran.com',
			'WMJ0FVM8NB.1cochran.com',
			'CT13601.1cochran.com',
			'WGSJJDV2B.1cochran.com',
			'CTE124-0001.1cochran.com',
			'PC-1RB26P.1cochran.com',
			'WMXL33934W1B.1cochran.com',
			'preownslspc1.1cochran.com',
			'cs01.1cochran.com',
			'BS071019.1cochran.com',
			'SHNASIST1.1cochran.com',
			'nhstech11.1cochran.com',
			'ROBSVCMNG140-01.1cochran.com',
			'avfordpts3.1cochran.com',
			'WMXL2522458B.1cochran.com',
			'MXL2385QZW.1cochran.com',
			'OFFICE-14.1cochran.com',
			'Z158024.1cochran.com',
			'TECH100012.1cochran.com',
			'WMXL3202LLVB.1cochran.com',
			'WMP25YSWNB.1cochran.com',
			'WMJ08EPLYB.1cochran.com',
			'OFFICE-92.1cochran.com',
			'W5CD31686T4B.1cochran.com',
			'W2UA5401P29B.1cochran.com',
			'WMJ08YDFEB.1cochran.com',
			'W6NFV513B.1cochran.com',
			'WMJ0HJP4VB.1cochran.com',
			'NHS870058.1cochran.com',
			'UTLSMTP01.1cochran.com',
			'CTE34.1cochran.com',
			'W5CDG8522R4MB.1cochran.com',
			'SpareDsktp1012.1cochran.com',
			'W74BQ513B.1cochran.com',
			'MXL2392M70.1cochran.com',
			'AXISNVR-3IE8SD2.1cochran.com',
			'W5CD414BQP2B.1cochran.com',
			'W401RBM2B.1cochran.com',
			'WMXL33934Y9B.1cochran.com',
			'AVPARTS14.1cochran.com',
			'WMXL7222488B.1cochran.com',
			'5CD248FH21.1cochran.com',
			'W5CD629109ZB.1cochran.com',
			'WDTVMWAAB.1cochran.com',
			'w5CD237BBKBb.1cochran.com',
			'WMJ0DXX30B.1cochran.com',
			'WPF1ZN58GB.1cochran.com',
			'2UA6031KV4.1cochran.com',
			'W2UA7202R9MB.1cochran.com',
			'WMJ075WMTB.1cochran.com',
			'MENM996.1cochran.com',
			'MXL2385R04.1cochran.com',
			'BJMVQN3.1cochran.com',
			'WMXL33936BJB.1cochran.com',
			'72-2-9-2021-1.1cochran.com',
			'W8JMPTD3B.1cochran.com',
			'StoreFront-1',
			'WMXL2154MX3B.1cochran.com',
			'WG5HYRZ2B.1cochran.com',
			'wmj0ekclwb.1cochran.com',
			'W5CD3112QDPB.1cochran.com',
			'WMJ08EPJQB.1cochran.com',
			'WMXL3353JJNB.1cochran.com',
			'w5cg2129pddb.1cochran.com',
			'W7K579R3B.1cochran.com',
			'W6NLZ513B.1cochran.com',
			'MXL71326YW.1cochran.com',
			'W88ECE832B.1cochran.com',
			'UTLCDK01.1cochran.com',
			'avcollision2.1cochran.com',
			'W74SW513B.1cochran.com',
			'MXL2154NHD.1cochran.com',
			'DEV-IT-DANE.1cochran.com',
			'WHN19.1cochran.com',
			'WMJ07ALNDB.1cochran.com',
			'WMJ0B2YWAB.1cochran.com',
			'5CD21651SX.1cochran.com',
			'OFFICE-41.1cochran.com',
			'ShAudiPC6.1cochran.com',
			'TECH10004.1cochran.com',
			'KBB3.1cochran.com',
			'wmj0eexwfb.1cochran.com',
			'W8CG7504Z45BL.1cochran.com',
			'WJ5GQGL2B.1cochran.com',
			'WMJ08EPTRK5B.1cochran.com',
			'W8CG7504Z4SB.1cochran.com',
			'WBZ8B5K3B.1cochran.com',
			'OFFICE-39.1cochran.com',
			'WR90SRKQB1B.1cochran.com',
			'WGG494B3B.1cochran.com',
			'W1C5F32B5B.1cochran.com',
			'UTLVMHORHES01.1cochran.com',
			'CK579R3.1cochran.com',
			'LAPTOP-R5QQO21K.1cochran.com',
			'W5CD30109GLB.1cochran.com',
			'W5CD31686SMB.1cochran.com',
			'NHVSVC2.1cochran.com',
			'WGMWM712B.1cochran.com',
			'Z157005.1cochran.com',
			'WFDGY7B3B.1cochran.com',
			'MHY117-010.1cochran.com',
			'shaudi3.1cochran.com',
			'WMXL3154DNYB.1cochran.com',
			'W5CD3112RX0B.1cochran.com',
			'W6XTP513B.1cochran.com',
			'W2UA5401LX7B.1cochran.com',
			'PC10001.1cochran.com',
			'WMXL3353JH5B.1cochran.com',
			'WMXL31538RKB.1cochran.com',
			'5CD248FH0V.1cochran.com',
			'W3GRM3L3B.1cochran.com',
			'AVPARTS3.1cochran.com',
			'WMXL3032W4ZB.1cochran.com',
			'W5CD3011HHKB.1cochran.com',
			'W5CD31698RQB.1cochran.com',
			'SHN-9-21-2020.1cochran.com',
			'W6V00613B.1cochran.com',
			'W5CD241K6QXB.1cochran.com',
			'W5CD2507KY1B.1cochran.com',
			'avpartswh1.1cochran.com',
			'WMXL33936Y5B.1cochran.com',
			'WMXL33934VZB.1cochran.com',
			'WMXL2392M6LB.1cochran.com',
			'OFFICE-57.1cochran.com',
			'W2UA61824ZSB.1cochran.com',
			'WMXL2492MVPB.1cochran.com',
			'W2UA5352DV6B.1cochran.com',
			'WMXL1334D17B.1cochran.com',
			'W6VFS513B.1cochran.com',
			'W3TGYZV2BB.1cochran.com',
			'M101090003.1cochran.com',
			'WMXL31538QNB.1cochran.com',
			'W5CD3218T63B.1cochran.com',
			'RKASVC0823.1cochran.com',
			'W401SBM2B.1cochran.com',
			'MXL2154MXC.1cochran.com',
			'MEN23.1cochran.com',
			'W7MK95K3BCF.1cochran.com',
			'5CD2288LFP.1cochran.com',
			'W3YLPGM2B.1cochran.com',
			'MonSubLA.1cochran.com',
			'MJ0A7VF9.1cochran.com',
			'W5CD334K6VMB.1cochran.com',
			'W2067KD3B.1cochran.com',
			'W8SLSY23B.1cochran.com',
			'WHPCLDW2B.1cochran.com',
			'DDGYXM2.1cochran.com',
			'JTFIBGC.1cochran.com',
			'W5CD31685XTB.1cochran.com',
			'Tech100182.1cochran.com',
			'WMXL3154DNGB.1cochran.com',
			'WMXL339353DB.1cochran.com',
			'WMXL32332P4B.1cochran.com',
			'utlSoftDeploy.1cochran.com',
			'W5CD31686MCB.1cochran.com',
			'DEV-IT-COLLIN.1cochran.com',
			'W5CD301CZTPB.1cochran.com',
			'MMCTECH008.1cochran.com',
			'WMXL13020SPB.1cochran.com',
			'26H3WM3.1cochran.com',
			'W2UA53837LGB.1cochran.com',
			'W74YT513B.1cochran.com',
			'WD84C42A0B.1cochran.com',
			'W6XQV513B.1cochran.com',
			'gbgcoll5.1cochran.com',
			'WDQK41M3B.1cochran.com',
			'DESKTOP-637GBNE.1cochran.com',
			'WMXL33934XTB.1cochran.com',
			'ZCSUC720q.1cochran.com',
			'MEN47.1cochran.com',
			'FQ092N3.1cochran.com',
			'MMCSCAN3-PC.1cochran.com',
			'WMXL3353JP3B.1cochran.com',
			'5CD23314V6D.1cochran.com',
			'NHSHanel.1cochran.com',
			'WIN-7P4JCKR4OSP.1cochran.com',
			'WPF1ZNDJEB.1cochran.com',
			'USER-13.1cochran.com',
			'WMJ075WBMB-2.1cochran.com',
			'W5CD3213BMYB.1cochran.com',
			'POLARIS.1cochran.com',
			'W5CD31686SKB.1cochran.com',
			'6TYP513.1cochran.com',
			'W5CD33822DKB.1cochran.com',
			'W5CD3169B77B.1cochran.com',
			'SVW-HANEL.1cochran.com',
			'W5CD33822F8B.1cochran.com',
			'USER-66.1cochran.com',
			'154-12232020-1.1cochran.com',
			'W5CD2382LLB.1cochran.com',
			'W5CD40389LKB.1cochran.com',
			'WDPKQHL2B.1cochran.com',
			'W2UA4370V87B.1cochran.com',
			'WBBL4343B.1cochran.com',
			'W5CD3168515B.1cochran.com',
			'WMXL3353JNDB.1cochran.com',
			'WMXL31538PVB.1cochran.com',
			'W5CD3112QN6B.1cochran.com',
			'MCAccounting001.1cochran.com',
			'W5CD3509XHSB.1cochran.com',
			'5CD219FWS8.1cochran.com',
			'WGX1C9M2B.1cochran.com',
			'WMJ07LGG9B.1cochran.com',
			'zelienoplescanner.1cochran.com',
			'2UA5232W1C.1cochran.com',
			'W5CD248FH20B.1cochran.com',
			'WMXL3063N0LB.1cochran.com',
			'WMXL3353JJQBB.1cochran.com',
			'WMXL2301J9RB.1cochran.com',
			'W8CG7504Z4LB.1cochran.com',
			'WG4TX8G3-2B.1cochran.com',
			'WJ59YY72B.1cochran.com',
			'WIN-IT9J28V1GQP.1cochran.com',
			'SPARE217.1cochran.com',
			'W6WLZ513B.1cochran.com',
			'WPF1L70Z7B.1cochran.com',
			'W5CD3169B80B.1cochran.com',
			'WMXL2521YDNB.1cochran.com',
			'2UA53837LS.1cochran.com',
			'WMXL3513TZYB.1cochran.com',
			'W49SZ0M3B.1cochran.com',
			'WHGXJ2G3B.1cochran.com',
			'W6NRV513B.1cochran.com',
			'MXL4231871.1cochran.com',
			'W6ZDX513B.1cochran.com',
			'W8CG7504Z49B.1cochran.com',
			'Z157124.1cochran.com',
			'WMXL2301JBPB.1cochran.com',
			'W6V7Y513B.1cochran.com',
			'WMXL33937G6B.1cochran.com',
			'W5CD301CZSPB.1cochran.com',
			'W8828F0A9B.1cochran.com',
			'WJ5GPBB2B.1cochran.com',
			'w5CD3011HJQb.1cochran.com',
			'W5CD30109DPB.1cochran.com',
			'monhyundaifi3.1cochran.com',
			'W2UA7502QKMB.1cochran.com',
			'WPF1L736BB.1cochran.com',
			'USER-95.1cochran.com',
			'W5CD3112R4NB.1cochran.com',
			'W5CD2397YY0B.1cochran.com',
			'W9MBGP93B.1cochran.com',
			'W5CD3052HN7B.1cochran.com',
			'SNAPONSERVER.1cochran.com',
			'W1H5QQD2B.1cochran.com',
			'W9QJW712B.1cochran.com',
			'gbcoll10.1cochran.com',
			'WMXL339353PB.1cochran.com',
			'W5CD311L808B.1cochran.com',
			'USER-8.1cochran.com',
			'W5CD219FWT7B.1cochran.com',
			'UTLDC01.1cochran.com',
			'DUO-PROXY-01',
			'WFJJF0M3B.1cochran.com',
			'W5CD3218T2FB.1cochran.com',
			'WCND13765GWB.1cochran.com',
			'W5CD24978TTB.1cochran.com',
			'Z157042.1cochran.com',
			'WHM5FKB2B.1cochran.com',
			'MXL2385QXN.1cochran.com',
			'WFHL7FX2B.1cochran.com',
			'BPZL9R3.1cochran.com',
			'W2BCL9R3B.1cochran.com',
			'W5CD33822F7B.1cochran.com',
			'W5CD3035JVTB.1cochran.com',
			'WMJ075WM5B.1cochran.com',
			'UTLKMS01.1cochran.com',
			'WMXL3131C2DB.1cochran.com',
			'MXL2294QKN.1cochran.com',
			'W6X8Z513B.1cochran.com',
			'USER-92.1cochran.com',
			'W5CD31698S3B.1cochran.com',
			'vwparts01.1cochran.com',
			'MEN3.1cochran.com',
			'WMXL32332P1B.1cochran.com',
			'WDRCTYQ2B.1cochran.com',
			'WIN-9D8ASKH0I3A.1cochran.com',
			'J5J3ZG2.1cochran.com',
			'WG09B5K3B.1cochran.com',
			'MonHyunSVCMGR.1cochran.com',
			'OFFICE-17.1cochran.com',
			'WMXL31538PQB.1cochran.com',
			'W5CD248FGZJB.1cochran.com',
			'WMXL3353JQ3B.1cochran.com',
			'CWP183002.1cochran.com',
			'Z158001.1cochran.com',
			'W5CD31686M4B.1cochran.com',
			'WMXL3393517B.1cochran.com',
			'WMXL249410TB.1cochran.com',
			'WMXL2503D03B.1cochran.com',
			'WMJ07JLFHB.1cochran.com',
			'182-1-5-2021-1.1cochran.com',
			'M2UA5471PK1W2.1cochran.com',
			'CastleMGR1.1cochran.com',
			'w5cg2129pddb.1cochran.com',
			'W12L69G3B.1cochran.com',
			'Operator-12.1cochran.com',
			'W5CD8295MQMB.1cochran.com',
			'5CD248FH1Q.1cochran.com',
			'W3GQ5613B.1cochran.com',
			'W5CD8381FHXB.1cochran.com',
			'CM2.1cochran.com',
			'Mouse-2',
			'W6TYS513B.1cochran.com',
			'WMXL3353JP0B.1cochran.com',
			'W70VV513B.1cochran.com',
			'MXL722248B.1cochran.com',
			'W1XZ6JV2B.1cochran.com',
			'WBBH4343B.1cochran.com',
			'WMXL303344QB.1cochran.com',
			'nhssales23.1cochran.com',
			'WMJ075WMUB.1cochran.com',
			'WBGZ7SG3B.1cochran.com',
			'WMXL341456PB.1cochran.com',
			'W8CG7504Z4NB.1cochran.com',
			'WDP6DTH3B.1cochran.com',
			'WMXL33936XFB.1cochran.com',
			'Asstctrler.1cochran.com',
			'W405DHT1B.1cochran.com',
			'WHSTNNC82CB.1cochran.com',
			'LOGOS2.1cochran.com',
			'W5CD2382LJFB.1cochran.com',
			'PF3MA0P0.1cochran.com',
			'W5CD3218T64B.1cochran.com',
			'WMP25J6NVB.1cochran.com',
			'PGHAUDI22.1cochran.com',
			'UTLNAVISITE01.1cochran.com',
			'WMJ075WAZB.1cochran.com',
			'WMXL2503D6TB.1cochran.com',
			'WMJ0EKCMXB.1cochran.com',
			'W8CG7504Z4KB.1cochran.com',
			'W6TXS513B.1cochran.com',
			'WPF1F39PPB.1cochran.com',
			'W6N2B5K3B.1cochran.com',
			'WMXL3353JJCB.1cochran.com',
			'5CD248FH16.1cochran.com',
			'WMXL339366NB.1cochran.com',
			'WMP2471XEB.1cochran.com',
			'5CD224K7G9.1cochran.com',
			'MEN26.1cochran.com',
			'USER-30.1cochran.com',
			'W2UA5231V1JB.1cochran.com',
			'WMXL3063MQRB.1cochran.com',
			'WCND13765QK.1cochran.com',
			'W5CD2345JWKB.1cochran.com',
			'WJ5CJGL2B.1cochran.com',
			'WHKJW712B.1cochran.com',
			'WPF3MDD4KB.1cochran.com',
			'WMXL31538MMB.1cochran.com',
			'WMXL303341SB.1cochran.com',
			'WMXL2503D6QB.1cochran.com',
			'DEV-IT-ALEX.1cochran.com',
			'CTC13600010.1cochran.com',
			'W5CD337CQG7B.1cochran.com',
			'MEN32.1cochran.com',
			'W6Z8Q513B.1cochran.com',
			'MEN34.1cochran.com',
			'WMXL33934Z5B.1cochran.com',
			'W5CD42621CLB.1cochran.com',
			'WMXL3353JJB.1cochran.com',
			'ShAudiSalesMGR1.1cochran.com',
			'AXISNVR-S896QJ3.1cochran.com',
			'W6XJZ513B.1cochran.com',
			'WMJ07MET2B.1cochran.com',
			'WMXL3202MHCB.1cochran.com',
			'WD8WM712B.1cochran.com',
			'WMXL31538PYB.1cochran.com',
			'Link',
			'Dujour',
			'PGHAUDI6.1cochran.com',
			'W403RBM2B.1cochran.com',
			'W2UA71013GMB.1cochran.com',
			'WMXL1102ZDGB.1cochran.com',
			'WDDDXXM2B.1cochran.com',
			'W8CG22056T5B.1cochran.com',
			'WJ5L0DD2B.1cochran.com',
			'W3GC11M2B.1cochran.com',
			'WMXL33934Z0B.1cochran.com',
			'SVWSVC151-001.1cochran.com',
			'WMJ0D7GLQB.1cochran.com',
			'W5CD3169C2GB.1cochran.com',
			'W5CD3035JVWB.1cochran.com',
			'WMGC8849B.1cochran.com',
			'WMXL3353JJVB.1cochran.com',
			'MXL7041YYX.1cochran.com',
			'5CD7164223.1cochran.com',
			'CWP17.1cochran.com',
			'WR90SRKQAB.1cochran.com',
			'MARKETPC001.1cochran.com',
			'WJV4RZV2B.1cochran.com',
			'WMXL31538LHB.1cochran.com',
			'WFDZZ7B3B.1cochran.com',
			'W8KCMKD3B.1cochran.com',
			'wpfqcyn7b.1cochran.com',
			'W5CD2306LWSB.1cochran.com',
			'W8CG7504Z4DB.1cochran.com',
			'PtsMgrMon.1cochran.com',
			'DPB5050-002.1cochran.com',
			'W2UA51322TTB.1cochran.com',
			'WMXL3353JKSB.1cochran.com',
			'WGJTDXM2B.1cochran.com',
			'6JFBWM3.1cochran.com',
			'W5CD245BZH9B.1cochran.com',
			'W401MBM2B.1cochran.com',
			'WMXL31538RDB.1cochran.com',
			'NHM114-001.1cochran.com',
			'WH34PGM2B.1cochran.com',
			'WHN33.1cochran.com',
			'Wsalvage5B.1cochran.com',
			'WJ5G37J2B.1cochran.com',
			'WMJ075WMA.1cochran.com',
			'DJQ73Q3.1cochran.com',
			'WMXL3393518B.1cochran.com',
			'WMXL3202MVMB.1cochran.com',
			'WMJ07JLEHB.1cochran.com',
			'WMXL31538N8B.1cochran.com',
			'WMXL32333BXB.1cochran.com',
			'WMXL33939X9B.1cochran.com',
			'AVWPTS036.1cochran.com',
			'WB9BFBWM3.1cochran.com',
			'wmj0ek1a4b.1cochran.com',
			'W5CD8295MLRB.1cochran.com',
			'WPF3MA7QWB.1cochran.com',
			'WMXL3353JM6B.1cochran.com',
			'WMXL243349HB.1cochran.com',
			'WMXL32332M9B.1cochran.com',
			'W5CD3169C4YB.1cochran.com',
			'AVC182-001.1cochran.com',
			'WMXL33936X4B.1cochran.com',
			'WMXL3353JN8B.1cochran.com',
			'Z158065.1cochran.com',
			'MON-PPGOFFICE.1cochran.com',
			'PGHAUDI11.1cochran.com',
			'WGSFFDV2B.1cochran.com',
			'5CD2306MB1.1cochran.com',
			'WMXL3032V2ZB.1cochran.com',
			'WHN28.1cochran.com',
			'WMXL24334H2B.1cochran.com',
			'W3A287057B.1cochran.com',
			'W8CG7504Z34B.1cochran.com',
			'UTLCASUB01.1cochran.com',
			'WMXL3353JQ2B.1cochran.com',
			'MXL2385QZQ.1cochran.com',
			'W6Z9T513B.1cochran.com',
			'W5CD3213BG1B.1cochran.com',
			'WMXL3353JL8B.1cochran.com',
			'PRDCCCNH01.1cochran.com',
			'W5CD3213BGDB.1cochran.com',
			'WMXL3393738B.1cochran.com',
			'CTE1.1cochran.com',
			'nhinfinsvc2.1cochran.com',
			'WMXL3393510B.1cochran.com',
			'WHN36.1cochran.com',
			'WMJ07MET1CPW001.1cochran.com',
			'WMJ075WM9B.1cochran.com',
			'MXL2385QZY.1cochran.com',
			'wpf2qcpl2b.1cochran.com',
			'W5CD3035H9JB.1cochran.com',
			'WMXL3393515B.1cochran.com',
			'W5CD2428QR0B.1cochran.com',
			'WMJ075WBLB.1cochran.com',
			'w5CD30109HHb.1cochran.com',
			'WC8P2PX2B.1cochran.com',
			'W5CD41249TVB.1cochran.com',
			'WMJ07LGG3B.1cochran.com',
			'WMJ0F9W4GB.1cochran.com',
			'W5CD4101LDKB.1cochran.com',
			'MC101000-52D.1cochran.com',
			'W5NK95K3B.1cochran.com',
			'OFFICE-126.1cochran.com',
			'WPF1L9S5UB.1cochran.com',
			'wpf38markb.1cochran.com',
			'WMXL31538NPB.1cochran.com',
			'W6NHX513B.1cochran.com',
			'J5C11M2.1cochran.com',
			'WMJ08EPLXB.1cochran.com',
			'wmj075wb9.1cochran.com',
			'wMXL2342PFKb.1cochran.com',
			'Z158003.1cochran.com',
			'WMJ07LHVB.1cochran.com',
			'WMXL7222474B.1cochran.com',
			'USER-82.1cochran.com',
			'W4PK95K3B.1cochran.com',
			'WKV31ELHB.1cochran.com',
			'WMXL2154MXCB.1cochran.com',
			'W819B5K3B.1cochran.com',
			'W5CD9041WXZB.1cochran.com',
			'W74BV513B.1cochran.com',
			'W6XTY513B.1cochran.com',
			'W5CD301CZNRB.1cochran.com',
			'WPF263TYXB.1cochran.com',
			'WMJ075XQB.1cochran.com',
			'WMXL3353JJLB.1cochran.com',
			'WMXL420270BB.1cochran.com',
			'WFGZ7SG3B.1cochran.com',
			'Shaylae',
			'WMXL3342NJJB.1cochran.com',
			'WMXL3413YJ4B.1cochran.com',
			'MSUSALES9.1cochran.com',
			'MXL2154MT9.1cochran.com',
			'W6V1V513B.1cochran.com',
			'avcollision1.1cochran.com',
			'WJJQ73Q3B.1cochran.com',
			'MXL2392M8R.1cochran.com',
			'W8CG7504Z32B.1cochran.com',
			'WMJ0DZ4FPB.1cochran.com',
			'WMXL2521YFPB.1cochran.com',
			'5CD219FWS4.1cochran.com',
			'WJ56Z5K2B.1cochran.com',
			'WCQK41M3B.1cochran.com',
			'AVFtech85.1cochran.com',
			'MEN49.1cochran.com',
			'W0A08805B.1cochran.com',
			'W5CD6141Q0SB.1cochran.com',
			'MXL2392M98.1cochran.com',
			'W6X4Z513B.1cochran.com',
			'W4VBFXK2B.1cochran.com',
			'OFFICE-55.1cochran.com',
			'WRSLDPPSSB.1cochran.com',
			'W5CD203GNX5B.1cochran.com',
			'W5CD7375SGGB.1cochran.com',
			'A123456789',
			'WMJ07MEVSB.1cochran.com',
			'2UA5123B7B.1cochran.com',
			'WPF1ZN569B.1cochran.com',
			'WHN22.1cochran.com',
			'W5CD202JTNDB.1cochran.com',
			'W6NDW513B.1cochran.com',
			'W6STS503B.1cochran.com',
			'W5CD3466VBSB.1cochran.com',
			'WMXL31538NMB.1cochran.com',
			'nissanpts1.1cochran.com',
			'WMXL3353J6KB.1cochran.com',
			'WFDX6Q53B.1cochran.com',
			'robbgsvctech56.1cochran.com',
			'WMXL1442Z5B.1cochran.com',
			'7R879R3.1cochran.com',
			'WMXL2521YBFB.1cochran.com',
			'7DFBWM3.1cochran.com',
			'UTLSHPMIG01.1cochran.com',
			'WMXL3353JPXB.1cochran.com',
			'W5CD7091CJCB.1cochran.com',
			'HP3500-07142020.1cochran.com',
			'WMXL323324YB.1cochran.com',
			'WMXL3353J4VB.1cochran.com',
			'INTUNETEST01.1cochran.com',
			'W56EP8HK3B.1cochran.com',
			'WCZ8B5K3B.1cochran.com',
			'WMXL339353MB.1cochran.com',
			'74XP513.1cochran.com',
			'WB5QZSM2B.1cochran.com',
			'W6XTS513B.1cochran.com',
			'D185-002.1cochran.com',
			'WMJ07LGFXB.1cochran.com',
			'W6N80613B.1cochran.com',
			'WHN29.1cochran.com',
			'SDT000002.1cochran.com',
			'W5CD24978P5B.1cochran.com',
			'WMXL3393528B.1cochran.com',
			'W2077B8D4B.1cochran.com',
			'2UA51236H1.1cochran.com',
			'D1570001.1cochran.com',
			'Z158022.1cochran.com',
			'WPF1AM4PMB.1cochran.com',
			'WMXL3202MMPB.1cochran.com',
			'W5CD31698QMB.1cochran.com',
			'DESKTOP-5V9TJHP.1cochran.com',
			'WMJ0DXX33B.1cochran.com',
			'WMJ07LGG11B.1cochran.com',
			'W3ZYNBM2B.1cochran.com',
			'WMXL3353JGKB',
			'W5CD2O3GNXOB.1cochran.com',
			'msubsvc23.1cochran.com',
			'170-3-2-2021-1.1cochran.com',
			'W2UA5131QQ8B.1cochran.com',
			'W5CD3218T5CB.1cochran.com',
			'Z157010.1cochran.com',
			'W8CG7504Z4ZB.1cochran.com',
			'W5CD3218SRRB.1cochran.com',
			'robkiasls15.1cochran.com',
			'W5CD31686PHB.1cochran.com',
			'W5CD3011HKFB.1cochran.com',
			'WMXL31538PNB.1cochran.com',
			'WJ5DMBBB2B.1cochran.com',
			'WMXL33937LPB.1cochran.com',
			'Cserver154',
			'5CD248FH1P.1cochran.com',
			'6NSP513.1cochran.com',
			'WMXL3063MMWB.1cochran.com',
			'WMXL3353JJKB.1cochran.com',
			'W8CG7504Z4RB.1cochran.com',
			'WMJ0GMD1JB.1cochran.com',
			'WMXL3202M0XB.1cochran.com',
			'W2KL1KD3B.1cochran.com',
			'W2UA73420JGB.1cochran.com',
			'PF1DM5E4.1cochran.com',
			'WMXL339369NB.1cochran.com',
			'W6TZT513B.1cochran.com',
			'W5CD33822F2B.1cochran.com',
			'2UA72226NM.1cochran.com',
			'PC89001.1cochran.com',
			'W3KW7PT2B.1cochran.com',
			'WMXL31538NFB.1cochran.com',
			'INTUNETEST03.1cochran.com',
			'5CD2158LXX.1cochran.com',
			'WMJ07MEVVB.1cochran.com',
			'WHDM73Q3B.1cochran.com',
			'PF-3M8NXL.1cochran.com',
			'MXL42025SZ.1cochran.com',
			'MJ090PA8.1cochran.com',
			'150-9-29-2020-1.1cochran.com',
			'WCND13766K9B.1cochran.com',
			'W6NLX513B.1cochran.com',
			'LROBMDHA.1cochran.com',
			'5CD225GRZC.1cochran.com',
			'SHHyunTech450G3.1cochran.com',
			'WCXQNCH2B.1cochran.com',
			'msusvc004.1cochran.com',
			'MONPARTS004.1cochran.com',
			'WC7B3YZ2B.1cochran.com',
			'WMXL1334D4WB.1cochran.com',
			'WMXL51623R2B.1cochran.com',
			'W92887E5FB.1cochran.com',
			'USER-46.1cochran.com',
			'WMJ0813K1B.1cochran.com'
		]
	},
	{
		"Customer Name": 'CHC Solutions',
		assets: []
	},
	{
		"Customer Name": 'Butler Community Alliance Church',
		assets: []
	},
	{
		"Customer Name": 'DataBP',
		assets: []
	},
	{
		"Customer Name": 'Diamond Drugs, Inc.',
		assets: [
			'us538ddc01-diamond-drugs-ddc',
			'diaveeamsvr01dr',
			'DIAMIRTHWRK01',
			'TSTWMSSSRS02',
			'DIAXA3CEDS02',
			'diaveeamrpo01',
			'dialtcweb01',
			'DIAXA3DIR01',
			'emrwb06',
			'DIAXA3BILL04',
			'DIASVMGT06',
			'diasvrf02',
			'diascgve',
			'TSTDIASVWRK02',
			'DIASVSECCAM03.DIAMONDHEALTHCARE.com',
			'diactaveha01',
			'diaveeamrpo01dr',
			'XA3GOLDTemplate',
			'TSTDIASVEMRAPP01',
			'Z-VRA-ucs-esxi-16.diamondhealthcare.com',
			'us00611-diamond-drugs-gui',
			'trackitlegal01',
			'PAWS003',
			'tstfw01',
			'XA3XENDESKTOP06',
			'diasvrf03',
			'DIAXA3RPH03',
			'us00611-diamond-drugs-indiana-mon',
			'EMRREDIS01',
			'diammsapp01',
			'EMRJMS_2012R2_612016',
			'sapphiressrsdr6',
			'XA4XenDesktop06',
			'DIADBSV02',
			'diasq11cnd2',
			'Z-VRA-dell-esxi-8.diamondhealthcare.com',
			'DIAXA3NHEMAR03',
			'PAWS011',
			'diaveeamprx02',
			'XA3XenDesktop20',
			'diasqldr01',
			'diadbsv04',
			'DIASVEMRAPP04',
			'TestCloud04',
			'DIASVPTR13',
			'Z-VRA-ucs-esxi-14.diamondhealthcare.com',
			'RF1RBSV01.DIAMONDHEALTHCARE.com',
			'diagrdesxidr03a',
			'CloudPubApp04',
			'wind2019-1',
			'diasvfsemr01',
			'XA5XenDesktop09',
			'XA3XenDesktop21',
			'DIAVCENTER3DR',
			'DIASVMMS03',
			'DIAGrdESXi12',
			'DIAXA4CCC02',
			'observer',
			'DIASVMGT10.DIAMONDHEALTHCARE.com',
			'TSTEMRREDISND01',
			'dialtcapp01',
			'XA3XenDesktop12',
			'emrwb12',
			'CloudPubApp03',
			'emrredis02',
			'dia200dc02',
			'diasq13cnd1',
			'emrwbdr01',
			'DIAXA3PUBAPP04',
			'DIAECS-Sync-01',
			'DIAXA3Retail670',
			'sapphiressrsdr4',
			'DIAXA3PVS01',
			'DIASVSEC01',
			'DIATFS19',
			'diasq11cnd1',
			'diasvrfdr01',
			'DIASVMIRTH01',
			'TSTEMRDB01',
			'Z-VRA-ucs-esxi-2.diamondhealthcare.com',
			'XA3XenDesktop23',
			'DIAXA3POP01',
			'diasvconupcon',
			'AvayaACCCM01',
			'sapphiressrs04',
			'tstemrdev02',
			'vcenter7',
			'diafwon02',
			'DIASQ14CND1DR',
			'DIAVMC01',
			'MSMZ001.DIAMONDHEALTHCARE.com',
			'DIAECS-Sync-02',
			'tstwin10dr01',
			'DMZ_APSVIPP',
			'Sapphire_2012R2_WebServer',
			'DIAGrdESXi08',
			'DIAXA3BILL02',
			'emrjms12',
			'PAWS005',
			'DIAXA3WRKGOLD01',
			'DIAXA3Store01DR',
			'DIAXA3POP04',
			'XA3XenDesktop35',
			'diacipswrk07',
			'APPSERVER',
			'DIAXA3RPH04',
			'emrjms08',
			'DIAXA3CA01',
			'Z-VRA-639-dell-esxi-4.diamondhealthcare.com',
			'diasvmmswb01',
			'Sapphire_JMS',
			'DIAPASDB02',
			'PAWS002',
			'DIAGrdESXi14',
			'DIASVSECCAM01.DIAMONDHEALTHCARE.com',
			'DIASRC1WKR01',
			'DIASVMMS02',
			'XA5XenDesktop02',
			'DIAWB5WND02',
			'TestCloudWEM01',
			'diagrddell06a',
			'TSTDocuClassWin10VM',
			'XA3XenDesktop05',
			'DIAACCPAC19',
			'DIAXA4TSTSVR01',
			'DIASVMGT09',
			'XA5XenDesktop11',
			'PAWS015',
			'Analytics VM',
			'DIAVCENTER3',
			'saphssrstempl',
			'DIAXA4STORE02',
			'diasvweb09',
			'DIASVLPMGT01.DIAMONDHEALTHCARE.com',
			'DIAXA3BILL01',
			'diagrddell05a',
			'diasvconupmon',
			'DIAXA3RPH01',
			'XA4XenDesktop04',
			'TSTWMS01',
			'DIASVPTR12',
			'diaveeammnt01dr',
			'XA4XenDesktop09',
			'DIASV639MGT01',
			'emrwb09',
			'Z-VRA-639-dell-esxi-5.diamondhealthcare.com',
			'DIAXA4PVS02',
			'DIAXA4CCC01',
			'diadpsapp01.DIAMONDHEALTHCARE.com',
			'DIAXA3SQL01',
			'emrwbdr03',
			'DIAXA3CEDS03',
			'XA3GOLDTemplate',
			'diatrackitapp02',
			'emrwbdr04',
			'diagrddell07a',
			'DIAXA3LIC01',
			'PAWS016',
			'639diagrddell06a',
			'diasvfswms01',
			'Z-VRA-ucs-esxi-10.diamondhealthcare.com',
			'emrwb13',
			'diasysdevdb01',
			'CiscoISE01',
			'diamirthwrk02',
			'emrjms11',
			'DIAXA3TSTSVR03',
			'wststaccpac01',
			'DIAWFAPP05',
			'DIACIPSWRK04',
			'diaecmapp01',
			'DIAXA3PVSFS02',
			'Preparation - TestMCSCloud',
			'DIAXA3APPEXT02',
			'diavcops4a',
			'sapphiressrsdr3.DIAMONDHEALTHCARE.com',
			'PAWS007',
			'diaveeammnt01',
			'Citrix_TS_Base',
			'DIAXA4SVRGOLD01',
			'DIASVMGT12',
			'XA3XenDesktop11',
			'TIMSTSTEVM01',
			'emrwb02',
			'EMCAvamarProxyV7_4',
			'DIAXA4SQL01',
			'Win2K8_STD_x86_SP2',
			'DIAXA3CA02',
			'XA4XenDesktop08',
			'EFTTempOld',
			'DIATRACKITAPP01',
			'DIAVMAX01DR',
			'DIAXA3MS01',
			'KOISAY3E9-PW',
			'DIASVEMRAPP02',
			'diazerto639',
			'DIASVVCSQ01DR',
			'DIADMZINT02',
			'TSTWFDB02',
			'DIAGrdESXi02',
			'DIASRC1WKR01',
			'Z-VRA-ucs-esxi-8.diamondhealthcare.com',
			'XA3XenDesktop09',
			'sapphiressrs08',
			'dia645dc04',
			'DIAVARSAAS01',
			'diasqldr05',
			'DIAN1KV-1',
			'DIAXA3TST01DR',
			'DIASAAS001.DIAMONDHEALTHCARE.com',
			'DIAXA3HOP04',
			'TSTDIASVWFAPP03',
			'DIAGrdESXi16',
			'diasvfsgen02',
			'SWOrion01',
			'DIAWB5WND01',
			'TestCloud01',
			'sapphriessrstmpl2019',
			'diasvfsemr02',
			'diawmsssrs03',
			'DIAXA3POP03',
			'DIARF1CND3',
			'Z-VRA-dell-esxi-5.diamondhealthcare.com',
			'DIASVPTR10',
			'diasvrf01',
			'diasq13cnd2',
			'diagrdesxidr01a',
			'emrwb10',
			'RF2RBSV02.DIAMONDHEALTHCARE.com',
			'XA5XenDesktop03',
			'DIA645DC01.DIAMONDHEALTHCARE.COM',
			'diasvfscips01',
			'DIAXA3Sapphire2',
			'TestCloud02',
			'DIASVVCSQ01',
			'emrjms09',
			'emrredis03',
			'DIASVPTR11',
			'tstsvnewleaf',
			'diafwondr02',
			'tstsvmms01temp',
			'DIAXA4SESREC01',
			'TestCloud03',
			'sapphiressrsdr5',
			'tstsvmmswb01temp',
			'diasvfsfw02',
			'diasvmms01',
			'TSTDRC01',
			'DIAXA3HOP02',
			'emrwbdr05',
			'EMRREDISND01DR',
			'DIAMBX01',
			'TS_Base_W_Printers',
			'Win2K8_STD_x64_SP2',
			'TSTDOCUTRACK',
			'emrwb01',
			'Z-VRA-639-dell-esxi-3.diamondhealthcare.com',
			'RF2RBSV01.DIAMONDHEALTHCARE.com',
			'EMRREDISND02DR',
			'DIAXA4FAS01',
			'DIAXA3REM01',
			'DIANS03',
			'XA3XenDesktop03',
			'tst639ws001',
			'emrwb08',
			'DIAVCENTER3.DIAMONDHEALTHCARE.com',
			'TSTEMRWB01',
			'erpcipson02',
			'DIAXA3OHIO01',
			'diasq14cnd1',
			'DIAPASAPP02',
			'Preparation - TestMCSCloudWEM',
			'emrwb07',
			'diawmson01',
			'DIA_CTAHA_01',
			'XA3XenDesktop15',
			'emrwb16',
			'us00611-diamond-drugs-db-image',
			'diagrdesxidr02a',
			'XA3XenDesktop02',
			'diasvrf04',
			'DIANS01',
			'Win2K8_x64_Ent_R2_SQL_Cluster_BASE',
			'XA4XenDesktop03',
			'diasq12cnd1',
			'DIAXA3PVS02',
			'EMRSESQND02',
			'DIA_CTA_01',
			'TSTDIASVWFAPP02',
			'diaveeamrpo02',
			'DIAN1KV-2',
			'sapphiressrs05',
			'PAWS009',
			'TSTEMRSANDWEB01',
			'DIAXA3BILL03',
			'Z-VRA-dell-esxi-7.diamondhealthcare.com',
			'Win2012_STD_x64',
			'emrwb19',
			'DIAXA3OHIO02',
			'diasvfs03',
			'DIAXA3PUBAPP03',
			'DIASVPTR11C',
			'EMRWEB_Template11_9_15',
			'XA4GOLDTemplate',
			'DIASVSECLPCAM01.DIAMONDHEALTHCARE.com',
			'Z-VRA-639-dell-esxi-6.diamondhealthcare.com',
			'XA4XenDesktop02',
			'DIAXA3POP01DR',
			'DIAXA3HOP01',
			'diacipswrk06',
			'DIATIMSFAX01.DIAMONDHEALTHCARE.com',
			'DIAVMAX10',
			'DIAXA3SVRGOLD01',
			'emrwb20',
			'diasvemrapp03',
			'DIAXA3TSTSVR02',
			'diasvfs04',
			'RF1RBSV02.DIAMONDHEALTHCARE.com',
			'diaemrondr01',
			'639diagrddell03a',
			'DIA_CTA12_HADR01',
			'diaecmdb01',
			'LSZ0G8-PSL',
			'DIAXA3Vendor01',
			'diaveeamprx03',
			'639diagrddell02a',
			'DIAXA3LEESP01',
			'diazertovc3',
			'emrwb15',
			'Layered Solutions',
			'DIAZertoFE01',
			'diagrddell04a',
			'emrwbdr07',
			'TSTDIASVWFAPP01',
			'DIAXA3LEESP02',
			'tstemrredis02',
			'diaveeamrpo05',
			'tstframeworkecm',
			'TSTDIATIMS01',
			'Intranet_Server',
			'DIAXA3RPH02',
			'emrwb2019tmpl',
			'diadpsapp01',
			'XA3XenDesktop22',
			'erpcipsondr01',
			'diactave01',
			'emrwb18',
			'XA3XenDesktop30',
			'XA4XenDesktop15',
			'diadbsv05',
			'Z-VRA-639-dell-esxi-1.diamondhealthcare.com',
			'DIAMBX02',
			'DIAPASDB01',
			'DIASVSEC03',
			'diasvfs02',
			'TSTEMRSSRS01',
			'sapphiressrsdr1.DIAMONDHEALTHCARE.com',
			'XA3XenDesktop07',
			'DIAXA3PUBAPP02',
			'observer24',
			'PAFW01',
			'EMC Avamar Proxy 7.1',
			'DIADNS01Pri',
			'diasvsec05',
			'DIAXA3Vendor02',
			'DIASVMGT07',
			'wststendpoint01',
			'DIAXA3WRKGOLD01',
			'diascgvedr',
			'DIASVMGT08',
			'DIASVMGT11',
			'ERPCIPSON01.DIAMONDHEALTHCARE.com',
			'Win2K8_STD_x64_R2_HA',
			'diaveeamrpo03',
			'XA4XenDesktop01',
			'diasvfswms02',
			'emrwb04',
			'diasq15cnd2',
			'639diagrddell08a',
			'DIAXA3Retail841',
			'XA5XenDesktop10',
			'diasvflash02',
			'XA5SVR19MCSGOLD01',
			'DIAXA3PUBAPP01',
			'639diagrddell07a',
			'TSTW11CloudXD01',
			'win_2019_std',
			'639diagrddell01a',
			'SWDPASV01',
			'DIAPASAPP01',
			'DIASRC1MRR01',
			'DIAPASCON01',
			'CloudPubApp02',
			'DIADMZINT01',
			'DIASVINT02.DIAMONDHEALTHCARE.com',
			'DIAXA3CEDS01',
			'DIAXA3CHK02',
			'diagrddell03a',
			'DIAWEB08',
			'DIASVLTCDMZ01',
			'Citrix_Active_Clone',
			'DIAXA3REM03',
			'tstFWAPP',
			'XA3XenDesktop17',
			'DIASVDCWRK01',
			'TSTEMRREDISND03DR',
			'WHSQL02',
			'DIASVSEC03.DIAMONDHEALTHCARE.com',
			'DIAGRDAGG02a',
			'XA3XenDesktop18',
			'Z-VRA-ucs-dr-esxi-3.diamondhealthcare.com',
			'DIAGrdESXi10',
			'DIAXA3CEDS02DR',
			'emrjms13',
			'Z-VRA-dell-esxi-2.diamondhealthcare.com',
			'diasqldr02',
			'DIAGrdESXi06',
			'diavcops4b',
			'Win2016_STD_x64',
			'DIASVDISPILL01',
			'TSTFRAMEWORK',
			'639DMZ_APSVIPP',
			'DIAXA3TSTSVR01',
			'XA5XenDesktop05',
			'diaeft05',
			'diambx1902',
			'DIAEXMGT01',
			'sapphiressrs06',
			'diasvfscips02',
			'DIAXA3DDC02DR',
			'639diagrddell05a',
			'DIA_CTA12_DR01',
			'tsttims01',
			'639diagrddell04a',
			'DIAXA3Innova01',
			'DIAXA3LTC01',
			'emrwb11',
			'Win2K8_STD_x86_Citrix',
			'diazerto645',
			'DIAXA3GOLD01DR',
			'DIASVPTR11B',
			'sapphiressrs09',
			'tstemrredis01',
			'PAWS006',
			'diagrddell01a',
			'diasvfsgen01',
			'DIAXA3CEDS01DR',
			'dia645dc03',
			'EMRREDISND03DR',
			'DIAXA4STORE01',
			'DIASVSEC02.DIAMONDHEALTHCARE.COM',
			'DIAGrdESXi04',
			'us00611-diamond-drugs-db',
			'tstcipsdb01',
			'dcnm-va-11-5-4',
			'EMRREDISND01',
			'UI VM',
			'XA5XenDesktop08',
			'tstemrredis03',
			'DIAPMP01',
			'DIANS04',
			'DIANS02',
			'DIA645DC05.DIAMONDHEALTHCARE.COM',
			'DIAXA3PVSFS01',
			'DIA_CDW_Temp',
			'DIAEFTDR03',
			'diaveeamrpo04',
			'tstweb01',
			'diasvvarapp01',
			'DIAVEEAMSVR01',
			'ColorMaxMGT01',
			'diasvvarcee01',
			'DIAXA3Store01',
			'EMRWeb_Template_5_8_2013',
			'diasvvarcol01',
			'tstemrdev01',
			'diasvnewleaf',
			'DIAXA3POP02',
			'Win_2k16_Standard_x64',
			'DIAXA4TSTSVR03',
			'DIAXA3PVS01DR',
			'diacipswrk05',
			'TSTEMRREDISND02',
			'diasvhelp01',
			'DIAXA3LEESP03',
			'DIAXA3Store02',
			'XA3XenDesktop14',
			'wsit011b',
			'DIAWDM02',
			'DIAXA3APPEXT01',
			'EMRSESQND01',
			'diaemron02',
			'us00611-diamond-drugs-app',
			'swdpasv02',
			'TSTERPMAIN1',
			'DIAXA3CEDS03DR',
			'IronPorts300_Virutal_Template',
			'diasvfs01',
			'diasvfsfw01',
			'DIAEFT01',
			'DIASQ5CND1.DIAMONDHEALTHCARE.com',
			'DIAXA3DDC01DR',
			'CTXConnectorAppliance01',
			'diatempweb01',
			'PAWS004',
			'diadbsv06',
			'vOmnicell OmniCenter v24.1 Base Rev B',
			'Cisco_Firepower_Mgmt_VI-7.0.1-84',
			'DIAXA3HOP06',
			'XA3XenDesktop08',
			'DIAXA4WRKGOLD01',
			'DIAGrdAGGDR01a',
			'timsdbvm02',
			'diambx1901dr',
			'Z-VRA-ucs-esxi-4.diamondhealthcare.com',
			'XA3XenDesktop27',
			'diagrddell02a',
			'DIADBSV03',
			'DiamondDrugsInc-PVHM',
			'us00611-diamond-drugs-mon-old',
			'DIAXA3SESREC01',
			'emrwb14',
			'diaveeamprx01dr',
			'DIADPAapp01',
			'diasvvarzoo01',
			'diasqldr03',
			'emrwbdr06',
			'PAWS014',
			'Z-VRA-ucs-esxi-12.diamondhealthcare.com',
			'PAWS_Template',
			'XA5XenDesktop06',
			'DIAXA4TSTSVR02',
			'diaeft04',
			'sapphiressrsdr2.DIAMONDHEALTHCARE.com',
			'diawbdmz01',
			'DIAXA3LTC02',
			'TSTWMSSSRS01',
			'diaveeamdc2prx1',
			'diawfapp03',
			'DIAXA3MS02',
			'Z-VRA-639-dell-esxi-2.diamondhealthcare.com',
			'emrwb03',
			'diavcenter7dr',
			'tstsvmms01',
			'emrwb05',
			'Win2K8_x64_Ent_R2',
			'Z-VRA-dell-esxi-1.diamondhealthcare.com',
			'XA5XenDesktop01',
			'Win2016_STD_64',
			'diasq14cnd2',
			'DIAXA3NHEMAR02',
			'PAWS001',
			'TSTDIASVRS01',
			'DIAXA3HOP05',
			'Z-VRA-639-dell-esxi-7.diamondhealthcare.com',
			'diadtrackdb01',
			'EMRREDISND02',
			'CloudPubApp01',
			'CTXConnectorAppliance02',
			'PAWS012',
			'emrwbdr02',
			'DIANS01DR',
			'DIAWFAPP04',
			'TSTSVMBAM',
			'diagrddell08a',
			'sapphiressrs07',
			'PAWS008',
			'diasvrfdr02',
			'tstaccpac19',
			'wsit011.DIAMONDHEALTHCARE.com',
			'DIAXA3NHEMAR01',
			'DIASVPAKEDGE01',
			'Z-VRA-639-dell-esxi-8.diamondhealthcare.com',
			'diasq15cnd1',
			'DIAGrdAgg01a',
			'emrredis01',
			'emrwb17',
			'tstwebtmpl',
			'emrjms10',
			'DIAXA3REM02',
			'IGELCloudGateway01',
			'tstemrsand01',
			'timsappvm03',
			'diambx1901',
			'Z-VRA-dell-esxi-3.diamondhealthcare.com',
			'XA3XenDesktop19',
			'diasvfsdr01',
			'PAWS013',
			'DIASV10ZIG',
			'diaveeamao01dr',
			'DIAXA4PVS01',
			'tstsvmmswb01',
			'DIAXA3CHK01',
			'Z-VRA-dell-esxi-6.diamondhealthcare.com',
			'DIAVEEAM365',
			'diasq12cnd2',
			'timsappvm05',
			'emrjms2019',
			'DIAXA3DDC01',
			'Z-VRA-dell-esxi-4.diamondhealthcare.com',
			'diasvhelp01',
			'DIATFS13',
			'diaveeamprx01',
			'NessusScanner2012R2',
			'DIASRC1MRR01',
			'XA5XenDesktop07',
			'DIAXA3Sapphire1',
			'DIAEFT02',
			'Win2012_STD_R2_x64',
			'diasqldr04',
			'XA3XenDesktop26',
			'DIASVWFAPP02',
			'diasysdevdb02',
			'diawmson01dr',
			'diawmsssrs04',
			'XA5XenDesktop04',
			'PAWS010',
			'DIAXA4WRKGOLD02'
		]
	},
	{
		"Customer Name": 'Dickie, McCamey & Chilcote, P.C.',
		assets: [
			'Print01',
			'Bighand-App',
			'3EDEVIC.dmclaw.com',
			'icveeamproxy02.dmclaw.com',
			'3EDEVWORKSPACE.dmclaw.com',
			'CoreRelate-test.dmclaw.com',
			'WIN10-MKT-02',
			'EliteFunc.dmclaw.com',
			'SCCM2012',
			'LAW',
			'Hades',
			'3EPRODFUNC.dmclaw.com',
			'3EPRODTEMPLATE.dmclaw.com',
			'WIN10-HELM-02',
			'EliteEIF.dmclaw.com',
			'IDEALDC01.dmclaw.com',
			'SCCM2022',
			'EliteApp39',
			'IdealPC',
			'BEC-CoreRelate.dmclaw.com',
			'EliteEMAG.dmclaw.com',
			'3EPRODCONFLICTS.dmclaw.com',
			'DEVEliteWAPI',
			'sandbox01.dmclaw.com',
			'KMS2019.dmclaw.com',
			'SQLSRV17',
			'3EDEVSQL.dmclaw.com',
			'WIN10-HELM-03',
			'Nemesis.dmclaw.com',
			'WIN10-000',
			'DC01.dmclaw.com',
			'Win10DEV',
			'GC_Coll_ESX2',
			'DevEliteEMAG',
			'EliteEDG.dmclaw.com',
			'PRINT02.dmclaw.com',
			'WS-APP',
			'3EPRODWAPI02.dmclaw.com',
			'SQL-LAW',
			'RDG',
			'WS-COM-Online',
			'Win10-UT',
			'DMCFS01',
			'WIN10-IDEAL',
			'SQL-DMS',
			'WS-CRAWLER.dmclaw.com',
			'RBRO-Nucleus.dmclaw.com',
			'EliteWAPI01.dmclaw.com',
			'3EDEVFUNC.dmclaw.com',
			'GC_Coll_ESX3',
			'3EPRODIC.dmclaw.com',
			'PCMGMT',
			'WS-SPM-TEST',
			'Server 2019',
			'2016 Server Standard',
			'ELITEDB39',
			'WS-Index1',
			'3EPRODWAPI01.dmclaw.com',
			'EliteWAPI02.dmclaw.com',
			'WIN10-002',
			'WIN10-004',
			'EliteSQL.dmclaw.com',
			'DevEliteEIF',
			'ideal-dc01.dmclaw.com',
			'WIN10-HELM-01',
			'VEEAM2022',
			'WIN10-TESTPW07',
			'FS01',
			'uniFLOW.dmclaw.com',
			'WS-SPM',
			'Prolawapp',
			'DEVEliteFUNC',
			'WS-Index2',
			'WS-PREVIEW',
			'WIN10-XXX',
			'NGINX',
			'WIN10-006',
			'WIN10-LS-02',
			'GC_Agg_01',
			'GC_Coll_ESX4',
			'Crawler-Active.dmclaw.com',
			'INTRA',
			'CRAWLER-BACKLOG.dmclaw.com',
			'EliteIC.dmclaw.com',
			'Win10DEV02',
			'WS-APP-TEST',
			'Nagios',
			'APP01',
			'DFS-01.dmclaw.com',
			'WIN10-ADMIN-01',
			'WS-Cloud',
			'WIN10-PGHNET',
			'DMCWebApps',
			'WIN10-009',
			'3EPRODWORKSPACE.dmclaw.com',
			'WIN10-SOFTPRO',
			'DEV',
			'WS-SQL',
			'WIN10-LS-01',
			'3EDEVCONFLICTS.dmclaw.com',
			'3EPRODSQL.dmclaw.com',
			'Thor',
			'GC_Coll_ESX5',
			'WIN10-TESTPW05',
			'CoreRelate-Dev',
			'DEVEliteSQL',
			'3EDEVTEMPLATE.dmclaw.com',
			'VCSA7VM01',
			'DMCFS02',
			'3EDEVWAPI.dmclaw.com',
			'GC_Coll_ESX1',
			'WS-OCR.dmclaw.com',
			'3EPRODMOBILE.dmclaw.com',
			'WIN10-MKT-01'
		]
	},
	{
		"Customer Name": "Eat 'n Park",
		assets: [
			'CSC16877.eatnpark.com',
			'CSC18430.eatnpark.com',
			'CSC15428',
			'CSC17001.eatnpark.com',
			'WARIO2.eatnpark.com',
			'CSC18658.eatnpark.com',
			'WARIO2.eatnpark.com',
			'CSC17008.eatnpark.com',
			'CSC17050.eatnpark.com',
			'CSC18421.eatnpark.com',
			'CSC17757.eatnpark.com',
			'CSC16646.eatnpark.com',
			'Xavier.eatnpark.com',
			'CSC18266',
			'Server2022Template',
			'SABERTOOTH.eatnpark.com',
			'CSC16099',
			'CSC18857.eatnpark.com',
			'CSC17644',
			'CSC18853.eatnpark.com',
			'CSC16668.eatnpark.com',
			'Havok.eatnpark.com',
			'CSC16122',
			'CSC18431.eatnpark.com',
			'EARTHWORMJIM.eatnpark.com',
			'CSCColor.eatnpark.com',
			'Luigi.eatnpark.com',
			'WARIO.eatnpark.com',
			'CSC16757.eatnpark.com',
			'CSC17745',
			'CSC14968.eatnpark.com',
			'CSC17909.eatnpark.com',
			'CSC16850.eatnpark.com',
			'KRATOS.eatnpark.com',
			'CSC18343.eatnpark.com',
			'CSC18008.eatnpark.com',
			'CSC14957.eatnpark.com',
			'CSC16861.eatnpark.com',
			'Owen.eatnpark.com',
			'BBPenTest2021.eatnpark.com',
			'CSC16216.eatnpark.com',
			'CSC17645',
			'CSC15000',
			'Banshee.eatnpark.com',
			'CSC15527',
			'CSC17667.eatnpark.com',
			'CSC17002.eatnpark.com',
			'CSC13577.eatnpark.com',
			'CSC15662.eatnpark.com',
			'CSC15459.eatnpark.com',
			'CSC17960.eatnpark.com',
			'KAMEK.eatnpark.com',
			'CSC16849.eatnpark.com',
			'CSC18427.eatnpark.com',
			'DRAGON.eatnpark.com',
			'CSC17050.eatnpark.com',
			'CSC16112.eatnpark.com',
			'CSC18244.eatnpark.com',
			'CSC16917.eatnpark.com',
			'CSC16758.eatnpark.com',
			'CSC14969.eatnpark.com',
			'CSC14056.eatnpark.com',
			'DHALSIM.eatnpark.com',
			'CSC18685.eatnpark.com',
			'CSC18722.eatnpark.com',
			'DRYBONES.eatnpark.com',
			'CSC18323.eatnpark.com',
			'CSC17820.eatnpark.com',
			'CSC17009.eatnpark.com',
			'TOADSWORTH.eatnpark.com',
			'CSC18243.eatnpark.com',
			'Endocott.eatnpark.com',
			'CSC14659.eatnpark.com',
			'CSC15041.eatnpark.com',
			'JAWAS.eatnpark.com',
			'Gambit.eatnpark.com',
			'CSC18937',
			'CSC17734.eatnpark.com',
			'CSC17740.eatnpark.com',
			'WALUIGI',
			'CSC15422.eatnpark.com',
			'WARIO2.eatnpark.com',
			'CSC18389.eatnpark.com',
			'KOOPA02.eatnpark.com',
			'CSC15118.eatnpark.com',
			'APOCALYPSE.eatnpark.com',
			'TROOPA01.eatnpark.com',
			'CSC18799.eatnpark.com',
			'CSC14812.eatnpark.com',
			'CSC18436.eatnpark.com',
			'CSC15414.eatnpark.com',
			'CSC18673.eatnpark.com',
			'CYCLOPS.eatnpark.com',
			'DC15310.eatnpark.com',
			'CSC18683',
			'CSC14690L.eatnpark.com',
			'EPLMCOLL01.eatnpark.com',
			'CSC18488.eatnpark.com',
			'CSC16108.eatnpark.com',
			'CSC18182.eatnpark.com',
			'CSC18433.eatnpark.com',
			'CSC18415.eatnpark.com',
			'CSC18157.eatnpark.com',
			'CSC16941.eatnpark.com',
			'CSC15379.eatnpark.com',
			'CSC16947.eatnpark.com',
			'Caretaker.eatnpark.com',
			'CSC17920.eatnpark.com',
			'Vegeta.eatnpark.com',
			'Darun.eatnpark.com',
			'CSC15125.eatnpark.com',
			'CSC15050.eatnpark.com',
			'CSC15463.eatnpark.com',
			'CSC18051.eatnpark.com',
			'WARIO2.eatnpark.com',
			'Gree.eatnpark.com',
			'CSC18391.eatnpark.com',
			'CSC17010.eatnpark.com',
			'CSC16666.eatnpark.com',
			'CSC16934.eatnpark.com',
			'CSC17868.eatnpark.com',
			'SONIC.eatnpark.com',
			'ScrappyDoo.eatnpark.com',
			'CSC17732.eatnpark.com',
			'CSC17050.local',
			'CSC14501.eatnpark.com',
			'WARIO.eatnpark.com',
			'CSC16948.eatnpark.com',
			'CSC16944.eatnpark.com',
			'MitelMiCC.eatnpark.com',
			'CSC18007',
			'CSC16120.eatnpark.com',
			'CSC16633.eatnpark.com',
			'CSC18133.eatnpark.com',
			'CSC18350',
			'CSC16933.eatnpark.com',
			'Bren',
			'CSC18724.eatnpark.com',
			'CSC18565.eatnpark.com',
			'TANO.eatnpark.com',
			'CSC15491.eatnpark.com',
			'CSC14790.eatnpark.com',
			'WARIO.eatnpark.com',
			'CSC16881.eatnpark.com',
			'CSC18441.eatnpark.com',
			'DeadPool.eatnpark.com',
			'CSC18425.eatnpark.com',
			'CSC18732.eatnpark.com',
			'CSC17998.eatnpark.com',
			'CSC17668.eatnpark.com',
			'CSC18686.eatnpark.com',
			'CSC17805.eatnpark.com',
			'CSC18855.eatnpark.com',
			'CSC16218.eatnpark.com',
			'Bowser.eatnpark.com',
			'CSC18397.eatnpark.com',
			'PHOENIX.eatnpark.com',
			'CSC17420.eatnpark.com',
			'CSC16966.eatnpark.com',
			'WARIO2.eatnpark.com',
			'CSC16640.eatnpark.com',
			'CSC18757.eatnpark.com',
			'DC18395.eatnpark.com',
			'CSC16852.eatnpark.com',
			'PrincessPeach.eatnpark.com',
			'CSC16069.eatnpark.com',
			'CSC15464.eatnpark.com',
			'CSC17956.eatnpark.com',
			'CSC18420.eatnpark.com',
			'KOOPA03.eatnpark.com',
			'CSC18674.eatnpark.com',
			'CSC17806.eatnpark.com',
			'CRM2022.eatnpark.com',
			'ScoobyDoo.eatnpark.com',
			'CSC15054.eatnpark.com',
			'Bagheera.eatnpark.com',
			'CSC16862.eatnpark.com',
			'CSC18485.eatnpark.com',
			'CSC18761',
			'CSC17013.eatnpark.com',
			'CSC18393.eatnpark.com',
			'ULTRON.eatnpark.com',
			'CSC18138.eatnpark.com',
			'CSC15768.eatnpark.com',
			'CSC16601.eatnpark.com',
			'TROOPA02.eatnpark.com',
			'CSC18141.eatnpark.com',
			'CSC16412.eatnpark.com',
			'CSC17906.eatnpark.com',
			'WARIO2.eatnpark.com',
			'CSC15191.eatnpark.com',
			'EPLMCOLL02.eatnpark.com',
			'CSC15427.eatnpark.com',
			'CSC16117.eatnpark.com',
			'CSC15303.eatnpark.com',
			'CSC16655.eatnpark.com',
			'CSC18209.eatnpark.com',
			'CSC18680',
			'CSC15695',
			'CSC16118.eatnpark.com',
			'WARIO2.eatnpark.com',
			'CSC14480.eatnpark.com',
			'Cody.eatnpark.com',
			'Trunks',
			'CSC14249.eatnpark.com',
			'WOLVERINE.eatnpark.com',
			'CSC14913.eatnpark.com',
			'CSC13737.eatnpark.com',
			'CSC17780.eatnpark.com',
			'MegaMan',
			'WARIO2.eatnpark.com',
			'CSC18429.eatnpark.com',
			'CSC18440.eatnpark.com',
			'CSC13532.eatnpark.com',
			'CSC14808.eatnpark.com',
			'SHYGUY',
			'CSC14955.eatnpark.com',
			'WARIO.eatnpark.com',
			'CSC18166',
			'Magneto.eatnpark.com',
			'CSC16596.eatnpark.com',
			'CSC16656',
			'CSC16878.eatnpark.com',
			'CSC14953.eatnpark.com',
			'CSC15931.eatnpark.com',
			'CSC15442.eatnpark.com',
			'Server2022DJT.eatnpark.com',
			'CSC15122.eatnpark.com',
			'Rocket.eatnpark.com',
			'CSC16392.eatnpark.com',
			'CSC14976.eatnpark.com',
			'CSC18155.eatnpark.com',
			'CSC14507.eatnpark.com',
			'Bly.eatnpark.com',
			'CSC15383.eatnpark.com',
			'CSC18390.eatnpark.com',
			'WARIO2.eatnpark.com',
			'WARIO2.eatnpark.com',
			'CSC18718.eatnpark.com',
			'CSC15113.eatnpark.com',
			'CSC17776.eatnpark.com',
			'CSC17050.eatnpark.com',
			'CSC16876.eatnpark.com',
			'TINGLE.eatnpark.com',
			'CSC16766.eatnpark.com',
			'YOSHI',
			'NEMO.eatnpark.com',
			'CSC14517.eatnpark.com',
			'Goku.eatnpark.com',
			'CSC14056.eatnpark.com',
			'CSC16853.eatnpark.com',
			'CSC14981.eatnpark.com',
			'CSC15399.eatnpark.com',
			'CSC16759.eatnpark.com',
			'CSC16214.eatnpark.com',
			'KOOPATEST01.eatnpark.com',
			'CSC15713.eatnpark.com',
			'CSC17050',
			'CSC15575.eatnpark.com',
			'Namor.eatnpark.com',
			'CSC14459.eatnpark.com',
			'CSC15398.eatnpark.com',
			'CSC18858.eatnpark.com',
			'CSC18230.eatnpark.com',
			'WARIO2.eatnpark.com',
			'GROOT.eatnpark.com',
			'CSC17666.eatnpark.com',
			'Frieza.eatnpark.com',
			'CSC17813.eatnpark.com',
			'CSC16629.eatnpark.com',
			'CSC15111',
			'CSC15389.eatnpark.com',
			'CSC18728',
			'CSC17165.eatnpark.com',
			'WARIO2.eatnpark.com',
			'KOOPA06.eatnpark.com',
			'Juice.eatnpark.com',
			'CSC17050',
			'CSC16864.eatnpark.com',
			'WARIO2.eatnpark.com',
			'CSC18189.eatnpark.com',
			'CSC18656',
			'CSC17756',
			'CSC15392.eatnpark.com',
			'Gohan',
			'CSC16859.eatnpark.com',
			'CSC15481.eatnpark.com',
			'STARLORD.eatnpark.com',
			'CSC15351.eatnpark.com',
			'CSC13522L',
			'SOLIDSNAKE.eatnpark.com',
			'CSC15522.eatnpark.com',
			'CSC15380.eatnpark.com',
			'CSC14973.eatnpark.com',
			'CSC16886.eatnpark.com',
			'CSC17843.eatnpark.com',
			'Server2022Template',
			'MARIO.eatnpark.com',
			'CSC18569.eatnpark.com',
			'CSC15327',
			'CSC16776.eatnpark.com',
			'WARIO.eatnpark.com',
			'CSC18187.eatnpark.com',
			'CSC16932',
			'CSC16222.eatnpark.com',
			'CSC14983',
			'CSC18386.eatnpark.com',
			'Kirby.eatnpark.com',
			'CSC16599.eatnpark.com',
			'DC15315.eatnpark.com',
			'CSC15582.eatnpark.com',
			'KOOPA04.eatnpark.com',
			'CSC15238.eatnpark.com',
			'CSC16107.eatnpark.com',
			'CSC15492',
			'CSC14751',
			'CSC18055.eatnpark.com',
			'CSC18842.eatnpark.com',
			'CSC14992.eatnpark.com',
			'CSC18677.eatnpark.com',
			'CSC18717.eatnpark.com',
			'CSC14900.eatnpark.com',
			'CSC18655',
			'CSC16999.eatnpark.com',
			'CSC16762.eatnpark.com',
			'CSC18666',
			'CSC18306.eatnpark.com',
			'CSC18570.eatnpark.com',
			'JADE.eatnpark.com',
			'WARIO2.eatnpark.com',
			'Bren.eatnpark.com',
			'CSC18388',
			'CSC16111L.eatnpark.com',
			'CSC16101L.eatnpark.com',
			'WARIO2.eatnpark.com',
			'CSC16595L.eatnpark.com',
			'Havok.eatnpark.com',
			'CSC18164.eatnpark.com',
			'CSC16879.eatnpark.com',
			'CSC15490.eatnpark.com',
			'ANTMAN.eatnpark.com',
			'MIDNA.eatnpark.com',
			'KOOPA05.eatnpark.com',
			'KOOPA01.eatnpark.com',
			'CSC18729.eatnpark.com',
			'CSC18414.eatnpark.com',
			'CSC16860.eatnpark.com',
			'PurpleTeam2021.eatnpark.com',
			'WARIO.eatnpark.com'
		]
	},
	{
		"Customer Name": "Eat 'n Park POS",
		assets: []
	},
	{
		"Customer Name": 'First Federal of Greene County',
		assets: [
			'8906h13.FirstFed.local',
			'88n8h13.FirstFed.local',
			'88P5H13.FirstFed.local',
			'FFGC-JB03',
			'88J8H13.FirstFed.local',
			'8914H13.FirstFed.local',
			'88Z8H13.FirstFed.local',
			'64PX0R3.FirstFed.local',
			'88L7H13.FirstFed.local',
			'88X7H13.FirstFed.local',
			'FFGC-LASERPRO',
			'8974h13.FirstFed.local',
			'88m5h13.FirstFed.local',
			'88N4H13.FirstFed.local',
			'88Y6H13.FirstFed.local',
			'88X4H13.FirstFed.local',
			'88v8h13.FirstFed.local',
			'88k6h13.FirstFed.local',
			'88Y4H13.FirstFed.local',
			'88S7H13.FirstFed.local',
			'8909H13.FirstFed.local',
			'88P8H13.FirstFed.local',
			'88n3h13.FirstFed.local',
			'88Y3H13.FirstFed.local',
			'5GFX0R3.FirstFed.local',
			'BoardTablet.FirstFed.local',
			'8937H13.FirstFed.local',
			'J9FX0R3.FirstFed.local',
			'8966H13.FirstFed.local',
			'88X9H13.FirstFed.local',
			'88s8h13.FirstFed.local',
			'88M6H13.FirstFed.local',
			'88n7h13.FirstFed.local',
			'88Y7H13.FirstFed.local',
			'88K4H13.FirstFed.local',
			'9DFX0R3.FirstFed.local',
			'88Z6H13.FirstFed.local',
			'88T6H13.FirstFed.local',
			'FFGC-w22-t',
			'FFGC-NUCLEUS',
			'8915H13.FirstFed.local',
			'89n9h13.FirstFed.local',
			'8957H13.FirstFed.local',
			'2K1RQ13.FirstFed.local',
			'88Z5H13.FirstFed.local',
			'88P3H13.FirstFed.local',
			'8919H13.FirstFed.local',
			'FFGC-IVANTI',
			'FFGC-CT01',
			'FFGC-DB02.FirstFed.local',
			'88w5h13.FirstFed.local',
			'88Z4H13.FirstFed.local',
			'8977H13.FirstFed.local',
			'88H7H13.FirstFed.local',
			'8968h13.FirstFed.local',
			'8948H13.FirstFed.local',
			'88k8h13.FirstFed.local',
			'FFGC-DC01',
			'8JLRQ13.FirstFed.local',
			'8955H13.FirstFed.local',
			'FFGC-FP01',
			'8969h13.FirstFed.local',
			'88L6H13.FirstFed.local',
			'8958H13.FirstFed.local',
			'88W3H13.FirstFed.local',
			'88k5h13.FirstFed.local',
			'88y8h13.FirstFed.local',
			'8929H13.FirstFed.local',
			'88J9H13.FirstFed.local',
			'FFGC-BK01',
			'88X5H13.FirstFed.local',
			'88L5H13.FirstFed.local',
			'FFGC-DC02',
			'C731SY3.FirstFed.local',
			'88M8H13.FirstFed.local',
			'FFGC-SERVICEDESK',
			'8935H13.FirstFed.local',
			'88v5h13.FirstFed.local',
			'FFGC-JB01',
			'FFGC-EOM',
			'88v3h13.FirstFed.local',
			'8908H13.FirstFed.local',
			'8954h13.FirstFed.local',
			'88k9h13.FirstFed.local',
			'88M9H13.FirstFed.local',
			'Remote-FF-1',
			'8978h13.FirstFed.local',
			'88q4h13.FirstFed.local',
			'8949H13.FirstFed.local',
			'88W4H13.FirstFed.local',
			'88v6h13.FirstFed.local',
			'88V9H13.FirstFed.local',
			'88J6H13.FirstFed.local',
			'9D1N673.FirstFed.local',
			'88V7H13.FirstFed.local',
			'88L3H13.FirstFed.local',
			'FFGC-AGGR02-NEW',
			'9D2D673.FirstFed.local',
			'88L8H13.FirstFed.local',
			'8926H13.FirstFed.local',
			'FFGC-JB04',
			'8946H13.FirstFed.local',
			'88n6h13.FirstFed.local',
			'FFGC-COLL01-NEW',
			'8956H13.FirstFed.local',
			'8936H13.FirstFed.local',
			'FFGC-NARCHIVE',
			'B1-IT-1.FirstFed.local',
			'8934H13.FirstFed.local',
			'D731SY3.FirstFed.local',
			'9D2F673.FirstFed.local',
			'88q3h13.FirstFed.local',
			'88T3H13.FirstFed.local',
			'88y9h13.FirstFed.local',
			'FFGC-CT02',
			'8985h13.FirstFed.local',
			'FFGC-EMC',
			'88z3h13.FirstFed.local',
			'88T9H13.FirstFed.local',
			'FFGC-PROLOGUE02',
			'88N5H13.FirstFed.local',
			'FFGC-VRU',
			'FFGC-W10-0001.FirstFed.local',
			'8938h13.FirstFed.local',
			'88M3H13.FirstFed.local',
			'BJ9YG13.FirstFed.local',
			'88M7H13.FirstFed.local',
			'88M4H13.FirstFed.local',
			'F731SY3.FirstFed.local',
			'8924h13.FirstFed.local',
			'BJ9ZG13.FirstFed.local',
			'88H8H13.FirstFed.local',
			'FFGC-APP01',
			'88J7H13.FirstFed.local',
			'8925H13.FirstFed.local',
			'88w6h13.FirstFed.local',
			'8984H13.FirstFed.local',
			'8DFX0R3.FirstFed.local',
			'8917H13.FirstFed.local',
			'FFGC-DB01',
			'FFGC-DC04',
			'88Y5H13.FirstFed.local',
			'8959H13.FirstFed.local',
			'8904h13.FirstFed.local',
			'8967h13.FirstFed.local',
			'FFGC-CT03.FirstFed.local',
			'FFGC-JB02',
			'8918H13.FirstFed.local',
			'88t4h13.FirstFed.local',
			'88k7h13.FirstFed.local',
			'8928H13.FirstFed.local',
			'FFGC-W22-0000.FirstFed.local',
			'88L4H13.FirstFed.local',
			'88l9h13.FirstFed.local',
			'FFGC-NAC',
			'8916h13.FirstFed.local',
			'88T5H13.FirstFed.local',
			'5FFX0R3.FirstFed.local',
			'9D2C673.FirstFed.local',
			'FirstFed-VCSA01',
			'8947H13.FirstFed.local',
			'88Q5H13.FirstFed.local',
			'DaaS-WS-1.FirstFed.local',
			'35PX0R3.FirstFed.local',
			'FFGC-AGGR01-NEW',
			'88H9H13.FirstFed.local',
			'88P9H13.FirstFed.local',
			'8939H13.FirstFed.local',
			'88X8H13.FirstFed.local',
			'3GFX0R3.FirstFed.local',
			'88S9H13.FirstFed.local',
			'88x3h13.FirstFed.local',
			'8927H13.FirstFed.local',
			'8964H13.FirstFed.local',
			'88p4h13.FirstFed.local',
			'88J3J13.FirstFed.local',
			'88W8H13.FirstFed.local',
			'88P6H13.FirstFed.local',
			'G731SY3.FirstFed.local',
			'88T8H13.FirstFed.local',
			'8905H13.FirstFed.local',
			'8945H13.FirstFed.local',
			'FFGC-COLL03-NEW',
			'9731SY3.FirstFed.local',
			'88P7H13.FirstFed.local',
			'8976h13.FirstFed.local',
			'88w9h13.FirstFed.local',
			'FFGC-DUOPROXY',
			'88k3h13.FirstFed.local',
			'88T7H13.FirstFed.local',
			'88J5H13.FirstFed.local',
			'8979H13.FirstFed.local',
			'FFGC-COLL02-NEW',
			'BJB0H13.FirstFed.local',
			'88V4H13.FirstFed.local',
			'8965H13.FirstFed.local',
			'8944h13.FirstFed.local',
			'8975h13.FirstFed.local',
			'88J4H13.FirstFed.local',
			'88X6H13.FirstFed.local',
			'8907H13.FirstFed.local',
			'FFGC-DC03.FirstFed.local',
			'88Z7H13.FirstFed.local',
			'88W7H13.FirstFed.local'
		]
	},
	{
		"Customer Name": 'Albion College',
		assets: [
			'Oracle Linux 7 upgrade test',
			'Data01 IDMS',
			'Ideal Jumpbox',
			'AzureConnectV2 and FAMIS Grubhub',
			'FileMaker Server',
			'Keystone',
			'Windows 10 EB',
			'Courses Prod old',
			'Kludgeman',
			'GuardiCore_Coll_Vx3',
			'RT 2',
			'GuardiCore_Agg_02',
			'EnvironmentalDashboard',
			'Banner 9 Test BEIS - product is unused',
			'BanApp01',
			'Archives',
			'RAD12R2E02',
			'LON-CAPA',
			'Banner 9 Prod AppXtender',
			'Banner 9 Prod AppNav',
			'Coursesold',
			'Webprint2',
			'PS08E02',
			'albionpleiad.com',
			'SSO Proxy - DONT DELETE',
			'ESRS-VE.x86_64',
			'GuardiCore_Coll_ucs1',
			'mokennon WAMP Webserver',
			'Campus',
			'RAD12R2E04',
			'Checkin workorders',
			'DC3',
			'Banner 9 Prod ESM',
			'CUEXP-C',
			'UCXN1',
			'Today.albion.edu',
			'VAMT16S01',
			'LicMgr-08R2',
			'GuardiCore_Coll_Vx1',
			'Banner 9 Test Jobsub',
			'Guardicore_Agg_01',
			'GuardiCore_Coll_bkup1',
			'DATA03 Archivist Toolkit',
			'Banner 9 Prod BEIS',
			'Banner 9 Test Admin Pages 02 Clone KEEP REAL NOW',
			'GuardiCore_Coll_Vx2',
			'Windows 10 GEOFF',
			'RAD12R2E02_JV RESTORE TEST 6-2024',
			'Banner 9 Test Database 02 unused been off',
			'BanOL6e01',
			'Banner 9 Test DegreeWorks Database 01',
			'CUEXP-E',
			'Banner 9 Prod Ethos',
			'WebAppTpc01',
			'WSUS2016',
			'Relay',
			'Banner 9 Prod Admin Pages 02',
			'TPC-AzureRDP',
			'CUPLM',
			'Art Omeka',
			'SPControl',
			'Onity1',
			'Centralstores',
			'Banner 9 Test Database',
			'Guardicore_Coll_Vx4',
			'Radius Test 05',
			'ethos02w',
			'Banner 9 Test Admin Pages',
			'ArchivesSpace',
			'Windows 10 Ryan',
			'vSAN-Performance-Monitor-v1.3',
			'sftp',
			'Rocky Test JV',
			'Banner 9 Prod ESM Linux 8',
			'DNS1',
			'DC2',
			'Veeam',
			'Teach',
			'Banner 9 Prod Jobsub',
			'AcisR2',
			'CUPCD',
			'ethos02w.albion.edu',
			'Windows 10 NDong',
			'GuardiCore_Coll_ucs2',
			'Proofpoint tr-x86_64-2022.10.14-5.8.0-17 2',
			'Banner 9 Test Admin Pages 02 -clone is on prod',
			'File Server Promise170',
			'SageServer',
			'ALBIONROOTCA',
			'Banner 9 BEP test 01',
			'CallManager',
			'DC1',
			'Argos Prod',
			'Banner 9 Test Jobsub 02 - justin bricked the promise',
			'Banner 9 Prod Database',
			'CallManager2',
			'courses2',
			'RalphJump2',
			'Windows 10 Justin',
			'VxRail Manager',
			'Banner 9 Prod Admin Pages',
			'VxRail Manager',
			'Banner 9 Prod DegreeWorks Database 01',
			'Webmo',
			'Banner 9 Test AppNav',
			'RAD12R2E01',
			'Windows 10 GenericVM',
			'BFS',
			'GuardiCore_Coll_bkup2',
			'Windows 10 Caden',
			'MilestoneAuth',
			'VMware vCenter Server Appliance',
			'WFS',
			'RAD12R2E03',
			'RT',
			'Ideal Graylog',
			'SCCM',
			'Argos Dev',
			'Userman',
			'ws1204ubu04 signout coral',
			'DataStor Backup WFS',
			'DC3_JV_Restore',
			'Banner 9 AppXtender Test 2019',
			'Banner 9 Prod Database 02',
			'Titanium Schedule',
			'Cert03E01',
			'MAM',
			'Ujjwal Box',
			'Courses Prod',
			'Banner 9 Prod DegreeWorks App 01',
			'AzureProxy',
			'People Driven Jumpbox',
			'DubDubEd',
			'Banner 9 Test DegreeWorks App 01',
			'myQ Server',
			'DNS2'
		]
	},
	{
		"Customer Name": 'Forms and Surfaces',
		assets: [
			'PUNMAENLTP113.Forms-Surfaces2.local',
			'PUNMARMLTP3',
			'vdi-dstd-0100.Forms-Surfaces2.local',
			'phxmamnltp38.Forms-Surfaces2.local',
			'PHXMAIFTBP2.Forms-Surfaces2.local',
			'PITMAENLTP21.Forms-Surfaces2.local',
			'PHXMARMLTP1.Forms-Surfaces2.local',
			'PHXMARMLTP1.Forms-Surfaces2.local',
			'MININT-JBJMM1C',
			'PITGLDDLTP5.Forms-Surfaces2.local',
			'PITMARSLTP2.Forms-Surfaces2.local',
			'pitdc-sw-mm4.Forms-Surfaces2.local',
			'vdi-dstd-0155.Forms-Surfaces2.local',
			'pitdc-sw-rh4.Forms-Surfaces2.local',
			'PUNMAMNLTP24.Forms-Surfaces2.local',
			'PITMAHSLTP19.Forms-Surfaces2.local',
			'pitmamnlta5.Forms-Surfaces2.local',
			'PHXMAMNDTP6.Forms-Surfaces2.local',
			'PUNMAENLTP83.Forms-Surfaces2.local',
			'pitdc-sw-rh3.Forms-Surfaces2.local',
			'carmaddltp4.Forms-Surfaces2.local',
			'PITWGMNLTP38.Forms-Surfaces2.local',
			'PUNMAENLTP64.Forms-Surfaces2.local',
			'PITMADDLTP2.Forms-Surfaces2.local',
			'PHXMAMNLTP31.Forms-Surfaces2.local',
			'vdi-dstd-0016.Forms-Surfaces2.local',
			'vdi-dstd-0045.Forms-Surfaces2.local',
			'vdi-dstd-0032.Forms-Surfaces2.local',
			'pitdc-sw-fe2.Forms-Surfaces2.local',
			'vdi-dgen-0050.Forms-Surfaces2.local',
			'PITWGMNLTP42.Forms-Surfaces2.local',
			'PHXMADDLTP5.Forms-Surfaces2.local',
			'PITGLDDLTP6.Forms-Surfaces2.local',
			'PITMAFWLTP1.Forms-Surfaces2.local',
			'pitmaddtp4.Forms-Surfaces2.local',
			'PHXMAMNLTP95.Forms-Surfaces2.local',
			'PITMAMNDTP6.Forms-Surfaces2.local',
			'pitmaenltp37.Forms-Surfaces2.local',
			'vdi-dstd-0196.Forms-Surfaces2.local',
			'PUNMAENLTP92.Forms-Surfaces2.local',
			'PHXMAHFLTP6.Forms-Surfaces2.local',
			'PITMAPFLTP19.Forms-Surfaces2.local',
			'pitgldddtp2.Forms-Surfaces2.local',
			'sfsmnltp11.Forms-Surfaces2.local',
			'PITMAENLTP7.Forms-Surfaces2.local',
			'MININT-V83V0OA.Forms-Surfaces2.local',
			'pitdc-sw-rh4.Forms-Surfaces2.local',
			'pitma-sw-rh6.Forms-Surfaces2.local',
			'PITMAINLTP1.Forms-Surfaces2.local',
			'PHXMAISLTP8.Forms-Surfaces2.local',
			'PHXMAISLTP7.Forms-Surfaces2.local',
			'PITMAINLTP1.Forms-Surfaces2.local',
			'vdi-dstd-0013.Forms-Surfaces2.local',
			'PITMAMKLTP2.Forms-Surfaces2.local',
			'PUNMAENLTP109.Forms-Surfaces2.local',
			'PUNMAADLTP7.Forms-Surfaces2.local',
			'PITWGMNLTP41.Forms-Surfaces2.local',
			'win11testdel3.Forms-Surfaces2.local',
			'PUNMAENLTP71.Forms-Surfaces2.local',
			'vdi-dstd-0134.Forms-Surfaces2.local',
			'vdi-dgen-0062.Forms-Surfaces2.local',
			'PHXMAMNDTP8.Forms-Surfaces2.local',
			'vdi-dstd-0102.Forms-Surfaces2.local',
			'vdi-dstd-0073.Forms-Surfaces2.local',
			'vdi-dgen-0054.Forms-Surfaces2.local',
			'vdi-dstd-0001.Forms-Surfaces2.local',
			'PUNMAENLTP120.Forms-Surfaces2.local',
			'PUNMAISLTP13.Forms-Surfaces2.local',
			'MININT-PGPPHTN',
			'CARMADDLTP2.Forms-Surfaces2.local',
			'PHXMAISLTP2.Forms-Surfaces2.local',
			'PITGLMNLTP9.Forms-Surfaces2.local',
			'vdi-dstd-0052.Forms-Surfaces2.local',
			'PUNMAENLTP20.Forms-Surfaces2.local',
			'phxmamnltp5.Forms-Surfaces2.local',
			'pitma-sw-db5.Forms-Surfaces2.local',
			'PHXMAMNLTP2.Forms-Surfaces2.local',
			'vdi-dstd-0026.Forms-Surfaces2.local',
			'PITMAMKLTP11.Forms-Surfaces2.local',
			'PHXMAMNDTP2.Forms-Surfaces2.local',
			'vdi-dstd-0168.Forms-Surfaces2.local',
			'vdi-dstd-0179.Forms-Surfaces2.local',
			'vdi-dgen-0028.Forms-Surfaces2.local',
			'PITMAENLTP1.Forms-Surfaces2.local',
			'vdi-dstd-0097.Forms-Surfaces2.local',
			'pitma-sw-db5.Forms-Surfaces2.local',
			'vdi-dstd-0105.Forms-Surfaces2.local',
			'vdi-dstd-0091.Forms-Surfaces2.local',
			'punma-sw-ta1.Forms-Surfaces2.local',
			'vdi-dgen-0030.Forms-Surfaces2.local',
			'vdi-dgen-0039.Forms-Surfaces2.local',
			'vdi-dstd-0077.Forms-Surfaces2.local',
			'PITMAINLTP6.Forms-Surfaces2.local',
			'PITGLMKLTP4.Forms-Surfaces2.local',
			'vdi-dgen-0004.Forms-Surfaces2.local',
			'PITGLMKLTP1.Forms-Surfaces2.local',
			'PITMAISLTP2.Forms-Surfaces2.local',
			'vdi-dstd-0083.Forms-Surfaces2.local',
			'vdi-dgen-0007.Forms-Surfaces2.local',
			'PITWGMNLTP43.Forms-Surfaces2.local',
			'vdi-dstd-0055.Forms-Surfaces2.local',
			'phxmamnltp11.Forms-Surfaces2.local',
			'PHXMAMNLTP67.Forms-Surfaces2.local',
			'vdi-dstd-0154.Forms-Surfaces2.local',
			'PITMARMLTP1.Forms-Surfaces2.local',
			'PUNMAMNLTP7.Forms-Surfaces2.local',
			'PITMA-SW-SC2.Forms-Surfaces2.local',
			'PITMADDLTP5.Forms-Surfaces2.local',
			'pitmamnltp6.Forms-Surfaces2.local',
			'pitma-sw-ns1.Forms-Surfaces2.local',
			'PUNMAENLTP115.Forms-Surfaces2.local',
			'vdi-dstd-0121.Forms-Surfaces2.local',
			'carmaddltp4.Forms-Surfaces2.local',
			'PUNMAMNLTP52.Forms-Surfaces2.local',
			'PUNMAENLTP127.Forms-Surfaces2.local',
			'PHXMAMNLTP76.Forms-Surfaces2.local',
			'PITMAENLTP9.Forms-Surfaces2.local',
			'PITMAACLTP7.Forms-Surfaces2.local',
			'PITMAENLTP34.Forms-Surfaces2.local',
			'PHXMAMNLTP53.Forms-Surfaces2.local',
			'PHXMAMNLTP60.Forms-Surfaces2.local',
			'vdi-dstd-0128.Forms-Surfaces2.local',
			'PITMAFWLTP1.Forms-Surfaces2.local',
			'pitma-sw-rh6.Forms-Surfaces2.local',
			'vdi-dstd-0087.Forms-Surfaces2.local',
			'pitdc-sw-rh1.Forms-Surfaces2.local',
			'vdi-dstd-0024.Forms-Surfaces2.local',
			'PHXMAMNLTP50.Forms-Surfaces2.local',
			'vdi-dstd-0088.Forms-Surfaces2.local',
			'PUNMAENLTP75.Forms-Surfaces2.local',
			'vdi-ddev-0002.Forms-Surfaces2.local',
			'phxmamntbp2.Forms-Surfaces2.local',
			'PUNMAENLTP24.Forms-Surfaces2.local',
			'vdi-dstd-0185.Forms-Surfaces2.local',
			'PHXMAMNLTP29.Forms-Surfaces2.local',
			'pitdc-sw-rh5.Forms-Surfaces2.local',
			'PUNMAENLTP123.Forms-Surfaces2.local',
			'PHXMAMNDTP4.Forms-Surfaces2.local',
			'CARMADDLTP7.Forms-Surfaces2.local',
			'PHXMAMNLTP78.Forms-Surfaces2.local',
			'PHXMAMNLTP95.Forms-Surfaces2.local',
			'vdi-dstd-0058.Forms-Surfaces2.local',
			'PITMAHSLTP27.Forms-Surfaces2.local',
			'vdi-dgen-0038.Forms-Surfaces2.local',
			'pitma-sw-db4.Forms-Surfaces2.local',
			'PHXMAIFTBP38.Forms-Surfaces2.local',
			'PHXMAMNLTP59.Forms-Surfaces2.local',
			'vdi-dstd-0171.Forms-Surfaces2.local',
			'PITWGMNDTP2.Forms-Surfaces2.local',
			'PITMAMNLTP50.Forms-Surfaces2.local',
			'vdi-ddev-0007.Forms-Surfaces2.local',
			'PHXMAENLTP3.Forms-Surfaces2.local',
			'CARMA-SW-SS1.Forms-Surfaces2.local',
			'carmaisltp9.Forms-Surfaces2.local',
			'PUNMAADLTP8.Forms-Surfaces2.local',
			'PHXMAENLTP2.Forms-Surfaces2.local',
			'pitma-sw-db3.Forms-Surfaces2.local',
			'PHXMAISDT2.Forms-Surfaces2.local',
			'vdi-dgen-0042.Forms-Surfaces2.local',
			'PITDC-SW-PS1.Forms-Surfaces2.local',
			'vdi-dstd-0040.Forms-Surfaces2.local',
			'vdi-dstd-0190.Forms-Surfaces2.local',
			'PITWGMNLTP15.Forms-Surfaces2.local',
			'phxmamnltp58.Forms-Surfaces2.local',
			'PHXMAMNLTP29.Forms-Surfaces2.local',
			'PUNMAENLTP58.Forms-Surfaces2.local',
			'PUNMAMNLTP60.Forms-Surfaces2.local',
			'vdi-dstd-0046.Forms-Surfaces2.local',
			'pitmaenltp37.Forms-Surfaces2.local',
			'PUNMAACLTP19.Forms-Surfaces2.local',
			'pitma-sw-ns1.Forms-Surfaces2.local',
			'PITGLMNLTP5.Forms-Surfaces2.local',
			'sfsmnltp11.Forms-Surfaces2.local',
			'vdi-dstd-0135.Forms-Surfaces2.local',
			'PUNMAADLTP5.Forms-Surfaces2.local',
			'PITGLISLTP12.Forms-Surfaces2.local',
			'vdi-dstd-0049.Forms-Surfaces2.local',
			'PHXMAIFDT30.Forms-Surfaces2.local',
			'vdi-dstd-0191.Forms-Surfaces2.local',
			'PUNMAENLTP97.Forms-Surfaces2.local',
			'PITMAINLTP2.Forms-Surfaces2.local',
			'PITMAINTBP1.Forms-Surfaces2.local',
			'vdi-dgen-0051.Forms-Surfaces2.local',
			'PUNMAENLTP127',
			'vdi-dstd-0150.Forms-Surfaces2.local',
			'vdi-ddev-0004.Forms-Surfaces2.local',
			'vdi-dgen-0032.Forms-Surfaces2.local',
			'PITMAMNLTP53.Forms-Surfaces2.local',
			'PUNMAENLTP132.Forms-Surfaces2.local',
			'PHXMAISLTP1.Forms-Surfaces2.local',
			'PUNMAISLTP6.Forms-Surfaces2.local',
			'vdi-dstd-0065.Forms-Surfaces2.local',
			'PITHSMNDTP2.Forms-Surfaces2.local',
			'PITWGMNLTP9.Forms-Surfaces2.local',
			'PUNMAENLTP114.Forms-Surfaces2.local',
			'PUNMAENLTP5.Forms-Surfaces2.local',
			'pitma-sw-ac1.Forms-Surfaces2.local',
			'pitmaisltp4.Forms-Surfaces2.local',
			'PITGLMKLTP2.Forms-Surfaces2.local',
			'PHXMAMNLTP74.Forms-Surfaces2.local',
			'PITMAENLTP7.Forms-Surfaces2.local',
			'vdi-dgen-0035.Forms-Surfaces2.local',
			'PUNMAENLTP83.Forms-Surfaces2.local',
			'PHXMAENLTP2.Forms-Surfaces2.local',
			'pitdc-sw-tc1.Forms-Surfaces2.local',
			'PITWGMNLTP27.Forms-Surfaces2.local',
			'vdi-dstd-0131.Forms-Surfaces2.local',
			'SWTESTER.Forms-Surfaces2.local',
			'PITMAHSLTP26.Forms-Surfaces2.local',
			'PUNMAENLTP84',
			'PITMAHSLTP20.Forms-Surfaces2.local',
			'PITMAENLTP7.Forms-Surfaces2.local',
			'pitdc-sw-pt1.Forms-Surfaces2.local',
			'PUNMAENLTP84.Forms-Surfaces2.local',
			'PITMAINLTP6.Forms-Surfaces2.local',
			'PHXMAMNLTP77.Forms-Surfaces2.local',
			'TRAINING.Forms-Surfaces2.local',
			'pitmaacltp3.Forms-Surfaces2.local',
			'PITMAHSLTP12.Forms-Surfaces2.local',
			'PITWGMNLTP10.Forms-Surfaces2.local',
			'vdi-dstd-0143.Forms-Surfaces2.local',
			'PHXMAMNLTP39.Forms-Surfaces2.local',
			'PUNMAENLTP78.Forms-Surfaces2.local',
			'phxmaiftbp3.Forms-Surfaces2.local',
			'PITMAINLTP70.Forms-Surfaces2.local',
			'vdi-dstd-0050.Forms-Surfaces2.local',
			'vdi-dstd-0074.Forms-Surfaces2.local',
			'pitdc-sw-rh2.Forms-Surfaces2.local',
			'PUNMAMNLTP67.Forms-Surfaces2.local',
			'vdi-dstd-0145.Forms-Surfaces2.local',
			'PITWGMNLTP19.Forms-Surfaces2.local',
			'test-update-ws1.Forms-Surfaces2.local',
			'PUNMAENLTP74.Forms-Surfaces2.local',
			'PUNMAISLTP6.Forms-Surfaces2.local',
			'pitma-sw-rh7.Forms-Surfaces2.local',
			'PHXMAIFDTP8.Forms-Surfaces2.local',
			'PUNMAENLTP125.Forms-Surfaces2.local',
			'PITDC-SW-RH4.Forms-Surfaces2.local',
			'vdi-dgen-0060.Forms-Surfaces2.local',
			'vdi-dstd-0061.Forms-Surfaces2.local',
			'vdi-dstd-0031.Forms-Surfaces2.local',
			'pitma-sw-ms2.Forms-Surfaces2.local',
			'phxmamnltp57.Forms-Surfaces2.local',
			'vdi-dgen-0021.Forms-Surfaces2.local',
			'PITMAISLTP5.Forms-Surfaces2.local',
			'PITFWMNLTP9.Forms-Surfaces2.local',
			'PITGLISLTP12.Forms-Surfaces2.local',
			'pitmamnlta5.Forms-Surfaces2.local',
			'PHXMARSLTP2.Forms-Surfaces2.local',
			'PHXMAMNLTP89.Forms-Surfaces2.local',
			'PUNMAMNLTP66.Forms-Surfaces2.local',
			'PITMAENLTP38.Forms-Surfaces2.local',
			'PHXMAMNLTP75.Forms-Surfaces2.local',
			'PHXMAMNLTP31.Forms-Surfaces2.local',
			'PITMAENLTP16.Forms-Surfaces2.local',
			'PITGLDDLTP7.Forms-Surfaces2.local',
			'PITDC-SW-WS1.Forms-Surfaces2.local',
			'PUNMARMLTP3.Forms-Surfaces2.local',
			'vdi-dstd-0160.Forms-Surfaces2.local',
			'PHXMAMNLTP51.Forms-Surfaces2.local',
			'vdi-dgen-0034.Forms-Surfaces2.local',
			'PHXMAMNLTP91.Forms-Surfaces2.local',
			'PHXMAIFTBP5.Forms-Surfaces2.local',
			'PHXMAMNLTP49.Forms-Surfaces2.local',
			'PHXMAMNLTP32.Forms-Surfaces2.local',
			'vdi-dgen-0045.Forms-Surfaces2.local',
			'PHXMAMNLTP42.Forms-Surfaces2.local',
			'phxmaifdtp17.Forms-Surfaces2.local',
			'phxmamntbp1.Forms-Surfaces2.local',
			'pitdc-sw-nm1.Forms-Surfaces2.local',
			'pitma-sw-rb1.Forms-Surfaces2.local',
			'PHXMAIFTBP16.Forms-Surfaces2.local',
			'vdi-dgen-0037.Forms-Surfaces2.local',
			'vdi-dstd-0158.Forms-Surfaces2.local',
			'PITWGMNLTP20.Forms-Surfaces2.local',
			'PUNMAMNLTP73.Forms-Surfaces2.local',
			'PITHS-LOGOJET.Forms-Surfaces2.local',
			'pitmamnltp33.Forms-Surfaces2.local',
			'pitmamnltp33.Forms-Surfaces2.local',
			'PHXMAMNLTP65.Forms-Surfaces2.local',
			'CARMADDLTP9.Forms-Surfaces2.local',
			'PITGLMNLTP6.Forms-Surfaces2.local',
			'PUNMAENLTP11.Forms-Surfaces2.local',
			'PHXMA-SW-FS2.Forms-Surfaces2.local',
			'PITMAMNLTP19.Forms-Surfaces2.local',
			'CARMADDLTP2.Forms-Surfaces2.local',
			'vdi-dstd-0093.Forms-Surfaces2.local',
			'vdi-dstd-0197.Forms-Surfaces2.local',
			'PHXMAENLTP3.Forms-Surfaces2.local',
			'pithsmndtp11.Forms-Surfaces2.local',
			'phxmamnltp1.Forms-Surfaces2.local',
			'vdi-dstd-0007.Forms-Surfaces2.local',
			'vdi-dstd-0181.Forms-Surfaces2.local',
			'pitmamnltp42.Forms-Surfaces2.local',
			'PITMAENLTP40.Forms-Surfaces2.local',
			'PHXMAMNLTP22.Forms-Surfaces2.local',
			'vdi-dgen-0044.Forms-Surfaces2.local',
			'PITDC-SW-DB2.Forms-Surfaces2.local',
			'PUNMAENLTP113.Forms-Surfaces2.local',
			'vdi-dstd-0149.Forms-Surfaces2.local',
			'pitma-sw-db7.Forms-Surfaces2.local',
			'PITMAENLTP9.Forms-Surfaces2.local',
			'vdi-dstd-0035.Forms-Surfaces2.local',
			'PUNMAISLTP6.Forms-Surfaces2.local',
			'PHXMAMNLTP9.Forms-Surfaces2.local',
			'PITMAENLTP13.Forms-Surfaces2.local',
			'pitdc-sw-rh1.Forms-Surfaces2.local',
			'vdi-dgen-0073.Forms-Surfaces2.local',
			'vdi-dstd-0118.Forms-Surfaces2.local',
			'vdi-dstd-0126.Forms-Surfaces2.local',
			'vdi-dgen-0023.Forms-Surfaces2.local',
			'PITMAHSLTP17.Forms-Surfaces2.local',
			'vdi-dgen-0079.Forms-Surfaces2.local',
			'PHXMAMNLTP94.Forms-Surfaces2.local',
			'PHXMAMNLTP48.Forms-Surfaces2.local',
			'Desktop-73',
			'pitmaenltp37.Forms-Surfaces2.local',
			'PITMAFWLTP1.Forms-Surfaces2.local',
			'vdi-ddev-0001.Forms-Surfaces2.local',
			'PITMARMLTP3.Forms-Surfaces2.local',
			'PITMAHSLTP11.Forms-Surfaces2.local',
			'vdi-dstd-0186.Forms-Surfaces2.local',
			'PUNMAENLTP21.Forms-Surfaces2.local',
			'PUNMAACLTP9',
			'vdi-dstd-0169.Forms-Surfaces2.local',
			'PHXMAIFTBP23.Forms-Surfaces2.local',
			'PITMAMNLTP20.Forms-Surfaces2.local',
			'PHXMAMNLTP88.Forms-Surfaces2.local',
			'PHXMAMNLTP17.Forms-Surfaces2.local',
			'PITMAMNLTP70.Forms-Surfaces2.local',
			'PHXMAMNLTP48.Forms-Surfaces2.local',
			'PHXMAMNLTP7.Forms-Surfaces2.local',
			'PITGLDDLTP12.Forms-Surfaces2.local',
			'vdi-dstd-0027.Forms-Surfaces2.local',
			'PUNMAENLTP101.Forms-Surfaces2.local',
			'PITMA-SW-WD1.Forms-Surfaces2.local',
			'PUNMAMNLTP63.Forms-Surfaces2.local',
			'PITMAENLTP22.Forms-Surfaces2.local',
			'PUNMAISLTP10.Forms-Surfaces2.local',
			'vdi-dgen-0059.Forms-Surfaces2.local',
			'PUNMAENLTP88',
			'PUNMAENLTP122.Forms-Surfaces2.local',
			'PHXMAIFDTP27.Forms-Surfaces2.local',
			'PITMAENLTP11.Forms-Surfaces2.local',
			'vdi-dstd-0115.Forms-Surfaces2.local',
			'PITMARSLTP4.Forms-Surfaces2.local',
			'PUNMAENLTP117.Forms-Surfaces2.local',
			'ariel-temp.Forms-Surfaces2.local',
			'PITWGMNLTP23.Forms-Surfaces2.local',
			'PHXMAENLTP2.Forms-Surfaces2.local',
			'pitdc-sw-sw1.Forms-Surfaces2.local',
			'PHXMARMLTP1.Forms-Surfaces2.local',
			'vdi-dstd-0080.Forms-Surfaces2.local',
			'pitma-sw-db3.Forms-Surfaces2.local',
			'PUNMAENLTP83.Forms-Surfaces2.local',
			'PITGLDDLTP3.Forms-Surfaces2.local',
			'PITMAMNLTP4.Forms-Surfaces2.local',
			'vdi-dstd-0200.Forms-Surfaces2.local',
			'pitma-sw-rh7.Forms-Surfaces2.local',
			'PITWGMNLTP22.Forms-Surfaces2.local',
			'vdi-dstd-0078.Forms-Surfaces2.local',
			'PHXMADDLTP1.Forms-Surfaces2.local',
			'PITMARSLTP1.Forms-Surfaces2.local',
			'vdi-dstd-0183.Forms-Surfaces2.local',
			'vdi-dstd-0125.Forms-Surfaces2.local',
			'PITGLMKLTP3.Forms-Surfaces2.local',
			'PITGLMNLTP7.Forms-Surfaces2.local',
			'vdi-dgen-0076.Forms-Surfaces2.local',
			'PHXMAMNLTP47.Forms-Surfaces2.local',
			'vdi-dgen-0001.Forms-Surfaces2.local',
			'pitma-sw-le1.Forms-Surfaces2.local',
			'PUNMAENLTP100.Forms-Surfaces2.local',
			'vdi-dgen-0041.Forms-Surfaces2.local',
			'vdi-dstd-0076.Forms-Surfaces2.local',
			'PITMAENLTP2.Forms-Surfaces2.local',
			'phxmamndtp1.Forms-Surfaces2.local',
			'PUNMAMNLTP6.Forms-Surfaces2.local',
			'vdi-dgen-0071.Forms-Surfaces2.local',
			'PHXMAMNLTP48.Forms-Surfaces2.local',
			'PITMAHSLTP10.Forms-Surfaces2.local',
			'PITMAENLTP34.Forms-Surfaces2.local',
			'carmaddltp44.Forms-Surfaces2.local',
			'pitma-sw-db5.Forms-Surfaces2.local',
			'PUNMAENLTP66.Forms-Surfaces2.local',
			'PUNMAISLTP15.Forms-Surfaces2.local',
			'vdi-dgen-0013.Forms-Surfaces2.local',
			'PITMAENLTP5.Forms-Surfaces2.local',
			'PITMARMLTP1.Forms-Surfaces2.local',
			'phxmamnltp44.Forms-Surfaces2.local',
			'PITHSISDTP1.Forms-Surfaces2.local',
			'PUNMAENLTP29.Forms-Surfaces2.local',
			'PUNMAMNLTP72.Forms-Surfaces2.local',
			'phxmamnltp41.Forms-Surfaces2.local',
			'PiTDC-SW-MQ1.Forms-Surfaces2.local',
			'PITMAHSLTP20.Forms-Surfaces2.local',
			'PUNMAENLTP26.Forms-Surfaces2.local',
			'PITGLMKLTP1.Forms-Surfaces2.local',
			'PHXMAMNLTP27.Forms-Surfaces2.local',
			'vdi-dstd-0033.Forms-Surfaces2.local',
			'PUNMAENLTP80.Forms-Surfaces2.local',
			'PITMAACLTP6.Forms-Surfaces2.local',
			'CARMAISLTP1.Forms-Surfaces2.local',
			'pitdc-sw-ls2.Forms-Surfaces2.local',
			'carmaddltp4.Forms-Surfaces2.local',
			'PHXMAIFTBP9.Forms-Surfaces2.local',
			'PITMAACLTP9.Forms-Surfaces2.local',
			'pitmamnltp81.Forms-Surfaces2.local',
			'PITMAMKDTP5.Forms-Surfaces2.local',
			'vdi-dgen-0066.Forms-Surfaces2.local',
			'PUNMAENLTP83.Forms-Surfaces2.local',
			'PHXMAMNLTP21.Forms-Surfaces2.local',
			'PITMAENLTP11.Forms-Surfaces2.local',
			'PHXMAENLTP5.Forms-Surfaces2.local',
			'PUNMAENLTP111.Forms-Surfaces2.local',
			'PITMADDDTP1.Forms-Surfaces2.local',
			'PITMAINTBP1.Forms-Surfaces2.local',
			'vdi-dgen-0022.Forms-Surfaces2.local',
			'PITMAENLTP40.Forms-Surfaces2.local',
			'pitdc-sw-rb1.Forms-Surfaces2.local',
			'PUNMAENLTP114.Forms-Surfaces2.local',
			'pitma-sw-db4.Forms-Surfaces2.local',
			'PUNMAISLTP12.Forms-Surfaces2.local',
			'PHXMAIFTBP30.Forms-Surfaces2.local',
			'PITMAHSLTP27.Forms-Surfaces2.local',
			'PITMA-SW-SW2.Forms-Surfaces2.local',
			'vdi-dstd-0018.Forms-Surfaces2.local',
			'vdi-dgen-0027.Forms-Surfaces2.local',
			'vdi-dstd-0138.Forms-Surfaces2.local',
			'PHXMAMNLTP53.Forms-Surfaces2.local',
			'PUNMAMNLTP62.Forms-Surfaces2.local',
			'vdi-dstd-0063.Forms-Surfaces2.local',
			'PUNMAENLTP50.Forms-Surfaces2.local',
			'PITMAISLTP6.Forms-Surfaces2.local',
			'phxmamnltp37.Forms-Surfaces2.local',
			'pitmamnltp66.Forms-Surfaces2.local',
			'PITMAHSLTP12.Forms-Surfaces2.local',
			'pitmamnltp45.Forms-Surfaces2.local',
			'vdi-dstd-0204.Forms-Surfaces2.local',
			'PUNMAENLTP83.Forms-Surfaces2.local',
			'vdi-dstd-0025.Forms-Surfaces2.local',
			'pitmamnltp16.Forms-Surfaces2.local',
			'PITDC-SW-FS1.Forms-Surfaces2.local',
			'PHXMAMNLTP80.Forms-Surfaces2.local',
			'PITMAHRLTP3.Forms-Surfaces2.local',
			'PUNMAENLTP65.Forms-Surfaces2.local',
			'PUNMAENLTP83.Forms-Surfaces2.local',
			'PITMADELTP12.Forms-Surfaces2.local',
			'PUNMAISLTP7.Forms-Surfaces2.local',
			'pitma-sw-rb1.Forms-Surfaces2.local',
			'PITMAENLTP76.Forms-Surfaces2.local',
			'vdi-dstd-0028.Forms-Surfaces2.local',
			'CARMAISLTP2.Forms-Surfaces2.local',
			'vdi-dstd-0039.Forms-Surfaces2.local',
			'PUNMAMNLTP79.Forms-Surfaces2.local',
			'PHXMARMLTP1.Forms-Surfaces2.local',
			'PUNMAENLTP112.Forms-Surfaces2.local',
			'vdi-dstd-0180.Forms-Surfaces2.local',
			'vdi-dstd-0022.Forms-Surfaces2.local',
			'vdi-dstd-0068.Forms-Surfaces2.local',
			'pitmamnltp1.Forms-Surfaces2.local',
			'PHXMAMNLTP69.Forms-Surfaces2.local',
			'PUNMAMNLTP30.Forms-Surfaces2.local',
			'PITMAHSLTP2.Forms-Surfaces2.local',
			'PHXMAHFLTP4.Forms-Surfaces2.local',
			'PHXMA-SW-DC1',
			'PHXMAMNLTP33.Forms-Surfaces2.local',
			'PUNMAENLTP134.Forms-Surfaces2.local',
			'PUNMAMNLTP53.Forms-Surfaces2.local',
			'vdi-dgen-0065.Forms-Surfaces2.local',
			'PUNMAENLTP107.Forms-Surfaces2.local',
			'PUNMAMNLTP57.Forms-Surfaces2.local',
			'PUNMAMNLTP69.Forms-Surfaces2.local',
			'pitdc-sw-rh5.Forms-Surfaces2.local',
			'PITWGMNLTP7.Forms-Surfaces2.local',
			'vdi-dstd-0067.Forms-Surfaces2.local',
			'PHXMAMNLTP40.Forms-Surfaces2.local',
			'phxmamnltp1.Forms-Surfaces2.local',
			'PITMAENLTP20.Forms-Surfaces2.local',
			'PHXMAISLTP12.Forms-Surfaces2.local',
			'pitdc-sw-rh3.Forms-Surfaces2.local',
			'vdi-dstd-0059.Forms-Surfaces2.local',
			'vdi-dgen-0064.Forms-Surfaces2.local',
			'phxmaifdtp5.Forms-Surfaces2.local',
			'pitmaenltp4.Forms-Surfaces2.local',
			'PITGLMKLTP1.Forms-Surfaces2.local',
			'phxmamntbp31.Forms-Surfaces2.local',
			'PUNMAENLTP89.Forms-Surfaces2.local',
			'pitmamnltp33.Forms-Surfaces2.local',
			'pitma-sw-rb1.Forms-Surfaces2.local',
			'PUNMAENLTP72.Forms-Surfaces2.local',
			'vdi-dgen-0043.Forms-Surfaces2.local',
			'vdi-dstd-0030.Forms-Surfaces2.local',
			'PITMAINLTP2.Forms-Surfaces2.local',
			'PITMAMNLTP56.Forms-Surfaces2.local',
			'pitma-sw-ve1.Forms-Surfaces2.local',
			'PHXMAMNLTP20.Forms-Surfaces2.local',
			'PHXMAENLTP4.Forms-Surfaces2.local',
			'PUNMAENLTP122.Forms-Surfaces2.local',
			'PITWGMNLTP19.Forms-Surfaces2.local',
			'pitdc-sw-mm1.Forms-Surfaces2.local',
			'vdi-dstd-0139.Forms-Surfaces2.local',
			'PITGLISLTP8.Forms-Surfaces2.local',
			'PITWGMNLTP35.Forms-Surfaces2.local',
			'vdi-dstd-0053.Forms-Surfaces2.local',
			'vdi-dstd-0176.Forms-Surfaces2.local',
			'PITMAMNLTP82.Forms-Surfaces2.local',
			'PHXMAIFTBP8.Forms-Surfaces2.local',
			'PITMAINLTP20.Forms-Surfaces2.local',
			'PUNMAMNLTP68.Forms-Surfaces2.local',
			'PITMAACLTP6.Forms-Surfaces2.local',
			'vdi-dgen-0049.Forms-Surfaces2.local',
			'PHXMAIFTBP6.Forms-Surfaces2.local',
			'vdi-dstd-0047.Forms-Surfaces2.local',
			'PUNMAENLTP96.Forms-Surfaces2.local',
			'vdi-dstd-0129.Forms-Surfaces2.local',
			'vdi-dgen-0025.Forms-Surfaces2.local',
			'vdi-dstd-0043.Forms-Surfaces2.local',
			'PUNMAENLTP87.Forms-Surfaces2.local',
			'PITMARSLTP1.Forms-Surfaces2.local',
			'PHXMAIFTBP14.Forms-Surfaces2.local',
			'PHXMAMNLTP19.Forms-Surfaces2.local',
			'PITMAISLTP2.Forms-Surfaces2.local',
			'PUNMAENLTP62.Forms-Surfaces2.local',
			'PUNMAENLTP70.Forms-Surfaces2.local',
			'sfsmamnltp1.Forms-Surfaces2.local',
			'PITGLDDLTP7.Forms-Surfaces2.local',
			'PITWGMNLTP16.Forms-Surfaces2.local',
			'vdi-dgen-0058.Forms-Surfaces2.local',
			'PITGLMKLTP4.Forms-Surfaces2.local',
			'PHXMAMNLTP92.Forms-Surfaces2.local',
			'PHXMAMNLTP36.Forms-Surfaces2.local',
			'PITMAENLTP1.Forms-Surfaces2.local',
			'PITDC-SW-RH3.Forms-Surfaces2.local',
			'PUNMAENLTP54.Forms-Surfaces2.local',
			'PUNMARMLTP3.Forms-Surfaces2.local',
			'vdi-dstd-0167.Forms-Surfaces2.local',
			'pitma-sw-rh7.Forms-Surfaces2.local',
			'vdi-dstd-0130.Forms-Surfaces2.local',
			'vdi-dstd-0062.Forms-Surfaces2.local',
			'vdi-dgen-0020.Forms-Surfaces2.local',
			'PITMAENLTP33.Forms-Surfaces2.local',
			'PHXMAISLTP3.Forms-Surfaces2.local',
			'vdi-dgen-0006.Forms-Surfaces2.local',
			'PITMAINLTP70.Forms-Surfaces2.local',
			'PHXMAMNLTP42.Forms-Surfaces2.local',
			'PITMAHSLTP10.Forms-Surfaces2.local',
			'PHXMAMNLTP24.Forms-Surfaces2.local',
			'PHXMAQCLTP01.Forms-Surfaces2.local',
			'vdi-dgen-0016.Forms-Surfaces2.local',
			'vdi-dstd-0015.Forms-Surfaces2.local',
			'OSSMAOSLTP1.Forms-Surfaces2.local',
			'vdi-dstd-0151.Forms-Surfaces2.local',
			'vdi-dgen-0053.Forms-Surfaces2.local',
			'PUNMAENLTP83.Forms-Surfaces2.local',
			'PUNMAENLTP76.Forms-Surfaces2.local',
			'PUNMAENLTP79.Forms-Surfaces2.local',
			'PITMAACLTP15.Forms-Surfaces2.local',
			'PHXMAMNLTP79.Forms-Surfaces2.local',
			'PHXMAIFTBP31.Forms-Surfaces2.local',
			'PUNMAMNLTP59.Forms-Surfaces2.local',
			'PUNMAENLTP77.Forms-Surfaces2.local',
			'vdi-dstd-0108.Forms-Surfaces2.local',
			'pitma-sw-db6.Forms-Surfaces2.local',
			'PITMAENLTP34.Forms-Surfaces2.local',
			'PITMAENLTP30.Forms-Surfaces2.local',
			'vdi-dgen-0009.Forms-Surfaces2.local',
			'PUNMAENLTP135.Forms-Surfaces2.local',
			'PUNMAENLTP32.Forms-Surfaces2.local',
			'pitdc-sw-rh4.Forms-Surfaces2.local',
			'PITMAACLTP4.Forms-Surfaces2.local',
			'PHXMAIFTBP1.Forms-Surfaces2.local',
			'vdi-dstd-0116.Forms-Surfaces2.local',
			'PITMAENLTP17.Forms-Surfaces2.local',
			'PITGLISLTP12.Forms-Surfaces2.local',
			'PHXMAMNDTP5.Forms-Surfaces2.local',
			'PHXMAMNLTP90.Forms-Surfaces2.local',
			'vdi-dstd-0184.Forms-Surfaces2.local',
			'PITMAHSDTP2.Forms-Surfaces2.local',
			'PUNMAENLTP52.Forms-Surfaces2.local',
			'PHXMADDLTP2.Forms-Surfaces2.local',
			'PITGLDDLTP3.Forms-Surfaces2.local',
			'vdi-dstd-0021.Forms-Surfaces2.local',
			'PITDC-SW-DC4.Forms-Surfaces2.local',
			'PHXMA-SW-DC2.Forms-Surfaces2.local',
			'pitmamnltp42.Forms-Surfaces2.local',
			'PITMARSLTP2.Forms-Surfaces2.local',
			'PITMAENLTP18.Forms-Surfaces2.local',
			'PUNMAENLTP74.Forms-Surfaces2.local',
			'PITDC-SW-AC1.Forms-Surfaces2.local',
			'vdi-dstd-0071.Forms-Surfaces2.local',
			'PITMAINLTP1.Forms-Surfaces2.local',
			'PUNMAENLTP75.Forms-Surfaces2.local',
			'PUNMAENLTP113',
			'PHXMAENLTP5.Forms-Surfaces2.local',
			'PUNMAMNLTP77.Forms-Surfaces2.local',
			'PITGLDDLTP11.Forms-Surfaces2.local',
			'PITGLDDLTP7.Forms-Surfaces2.local',
			'PITMAHSLTP20.Forms-Surfaces2.local',
			'PUNMAENLTP67.Forms-Surfaces2.local',
			'PHXMAMNLTP47.Forms-Surfaces2.local',
			'PHXMAIFDTP31.Forms-Surfaces2.local',
			'CARMADDLTP2.Forms-Surfaces2.local',
			'PUNMAMNLTP68.Forms-Surfaces2.local',
			'vdi-dstd-0166.Forms-Surfaces2.local',
			'vdi-dstd-0159.Forms-Surfaces2.local',
			'vdi-dstd-0023.Forms-Surfaces2.local',
			'sfsmnltp11.Forms-Surfaces2.local',
			'carmaddwsp8.Forms-Surfaces2.local',
			'PHXMAIFFDTP31.Forms-Surfaces2.local',
			'vdi-dstd-0034.Forms-Surfaces2.local',
			'PUNMAENLTP121.Forms-Surfaces2.local',
			'PUNMAADLTP7.Forms-Surfaces2.local',
			'PUNMAACLTP1.Forms-Surfaces2.local',
			'FAROPC.Forms-Surfaces2.local',
			'PITMAMNLTP69.Forms-Surfaces2.local',
			'PITMAHRLTP3.Forms-Surfaces2.local',
			'vdi-dgen-0031.Forms-Surfaces2.local',
			'PITWGMNLTP36.Forms-Surfaces2.local',
			'vdi-dstd-0144.Forms-Surfaces2.local',
			'PITGLRMLTP1.Forms-Surfaces2.local',
			'vdi-dgen-0047.Forms-Surfaces2.local',
			'PUNMAENLTP71.Forms-Surfaces2.local',
			'PHXMAHRLTP1.Forms-Surfaces2.local',
			'PUNMAENLTP120.Forms-Surfaces2.local',
			'PHXMAHFLTP3.Forms-Surfaces2.local',
			'PHXMAISLTP3.Forms-Surfaces2.local',
			'vdi-dgen-0077.Forms-Surfaces2.local',
			'PUNMAENLTP108.Forms-Surfaces2.local',
			'PUNMAENLTP119.Forms-Surfaces2.local',
			'vdi-dstd-0086.Forms-Surfaces2.local',
			'vdi-dstd-0127.Forms-Surfaces2.local',
			'vdi-dgen-0017.Forms-Surfaces2.local',
			'PITGLMKLTP3.Forms-Surfaces2.local',
			'vdi-dstd-0096.Forms-Surfaces2.local',
			'PITMAHRLTP1.Forms-Surfaces2.local',
			'vdi-dgen-0057.Forms-Surfaces2.local',
			'PITMAENLTP33.Forms-Surfaces2.local',
			'PHXMAIFTBP23.Forms-Surfaces2.local',
			'vdi-dstd-0195.Forms-Surfaces2.local',
			'vdi-dstd-0156.Forms-Surfaces2.local',
			'vdi-dstd-0094.Forms-Surfaces2.local',
			'PITMADDLTP5.Forms-Surfaces2.local',
			'PITWGMNLTP33.Forms-Surfaces2.local',
			'vdi-dstd-0136.Forms-Surfaces2.local',
			'vdi-dstd-0132.Forms-Surfaces2.local',
			'vdi-dgen-0005.Forms-Surfaces2.local',
			'PITWGMNLTP22.Forms-Surfaces2.local',
			'PITMAACLTP2.Forms-Surfaces2.local',
			'PUNMAENLTP99.Forms-Surfaces2.local',
			'pitdc-sw-sc1.Forms-Surfaces2.local',
			'PITMAMNLTP67.Forms-Surfaces2.local',
			'pitma-sw-m2m.Forms-Surfaces2.local',
			'vdi-dgen-0015.Forms-Surfaces2.local',
			'vdi-dstd-0019.Forms-Surfaces2.local',
			'PUNMAENLTP91.Forms-Surfaces2.local',
			'PITGLISLTP2.Forms-Surfaces2.local',
			'PITMAACLTP1.Forms-Surfaces2.local',
			'PUNMAENLTP117.Forms-Surfaces2.local',
			'PUNMAENLTP73.Forms-Surfaces2.local',
			'PITMAHSLTP27.Forms-Surfaces2.local',
			'vdi-dstd-0123.Forms-Surfaces2.local',
			'pitmarsltp3.Forms-Surfaces2.local',
			'PUNMARMLTP10.Forms-Surfaces2.local',
			'PITMAENLTP34.Forms-Surfaces2.local',
			'vdi-dstd-0044.Forms-Surfaces2.local',
			'PITMAMNLTP65.Forms-Surfaces2.local',
			'vdi-dgen-0072.Forms-Surfaces2.local',
			'PUNMAISLTP6.Forms-Surfaces2.local',
			'PITGLISLTP12.Forms-Surfaces2.local',
			'PITMAISLTP5.Forms-Surfaces2.local',
			'PUNMAENLTP70',
			'pitma-sw-ls3.Forms-Surfaces2.local',
			'PHXMAHFLTP2.Forms-Surfaces2.local',
			'pitmaacltp3.Forms-Surfaces2.local',
			'PUNMAENLTP124.Forms-Surfaces2.local',
			'vdi-dgen-0008.Forms-Surfaces2.local',
			'vdi-dgen-0003.Forms-Surfaces2.local',
			'MININT-HJ3RPVG',
			'PUNMAENLTP73.Forms-Surfaces2.local',
			'vdi-dgen-0002.Forms-Surfaces2.local',
			'PITMARSLTP1.Forms-Surfaces2.local',
			'PUNMARMLTP12.Forms-Surfaces2.local',
			'PHXMAIFTBP4.Forms-Surfaces2.local',
			'PHXMAMNLTP89.Forms-Surfaces2.local',
			'vdi-dstd-0092.Forms-Surfaces2.local',
			'PUNMAISLTP6.Forms-Surfaces2.local',
			'PHXMAHFLTP1.Forms-Surfaces2.local',
			'vdi-dstd-0110.Forms-Surfaces2.local',
			'pitmamnltp1.Forms-Surfaces2.local',
			'PHXMAIFTBP14.Forms-Surfaces2.local',
			'pitma-sw-ns1.Forms-Surfaces2.local',
			'PITMAHSLTP10.Forms-Surfaces2.local',
			'PHXMAISDT1.Forms-Surfaces2.local',
			'PHXMAMNLTP66.Forms-Surfaces2.local',
			'vdi-dgen-0000.Forms-Surfaces2.local',
			'PITGLMNLTP10.Forms-Surfaces2.local',
			'vdi-dstd-0177.Forms-Surfaces2.local',
			'PHXMAMNLTP84.Forms-Surfaces2.local',
			'PHXMAMNLTP85.Forms-Surfaces2.local',
			'vdi-dstd-0147.Forms-Surfaces2.local',
			'PITMAHSLAT2.Forms-Surfaces2.local',
			'vdi-ddev-0003.Forms-Surfaces2.local',
			'phxmamnltp14.Forms-Surfaces2.local',
			'vdi-dstd-0012.Forms-Surfaces2.local',
			'vdi-dgen-0010.Forms-Surfaces2.local',
			'PITMAENLTP5.Forms-Surfaces2.local',
			'PUNMAENLTP93.Forms-Surfaces2.local',
			'vdi-dstd-0066.Forms-Surfaces2.local',
			'vdi-dstd-0165.Forms-Surfaces2.local',
			'PUNMAENLTP90',
			'PITMAENLTP2.Forms-Surfaces2.local',
			'PUNMAENLTP109.Forms-Surfaces2.local',
			'PUNMAENLTP66.Forms-Surfaces2.local',
			'PUNMAENLTP71.Forms-Surfaces2.local',
			'PUNMAENLTP5.Forms-Surfaces2.local',
			'vdi-dgen-0029.Forms-Surfaces2.local',
			'PITMAENLTP1.Forms-Surfaces2.local',
			'vdi-dstd-0157.Forms-Surfaces2.local',
			'pitma-sw-db2.Forms-Surfaces2.local',
			'PITDC-SW-RH2.Forms-Surfaces2.local',
			'PHXMAMNLTP81.Forms-Surfaces2.local',
			'PUNMA-SW-DC2.Forms-Surfaces2.local',
			'vdi-dstd-0057.Forms-Surfaces2.local',
			'PUNMAMNLTP42.Forms-Surfaces2.local',
			'PHXMAMNLTP65.Forms-Surfaces2.local',
			'vdi-dstd-0198.Forms-Surfaces2.local',
			'PUNMAMNLTP54.Forms-Surfaces2.local',
			'pitmaifdtp35.Forms-Surfaces2.local',
			'PHXMAIFTBP7.Forms-Surfaces2.local',
			'pitma-sw-db2.Forms-Surfaces2.local',
			'vdi-dstd-0075.Forms-Surfaces2.local',
			'PITWGMNLTP40.Forms-Surfaces2.local',
			'vdi-dstd-0038.Forms-Surfaces2.local',
			'PHXMAIFTBP35.Forms-Surfaces2.local',
			'PUNMAENLTP68.Forms-Surfaces2.local',
			'vdi-dgen-0078.Forms-Surfaces2.local',
			'PHXMAIFTBP10.Forms-Surfaces2.local',
			'vdi-dstd-0036.Forms-Surfaces2.local',
			'PITFWMNLTP15.Forms-Surfaces2.local',
			'vdi-dstd-0069.Forms-Surfaces2.local',
			'PHXMAMNDTP7.Forms-Surfaces2.local',
			'PUNMAISLTP7.Forms-Surfaces2.local',
			'PITMAACLTP1.Forms-Surfaces2.local',
			'PUNMAACLTP4.Forms-Surfaces2.local',
			'PITFWRSLTP1.Forms-Surfaces2.local',
			'pitdc-sw-mx1',
			'vdi-dgen-0067.Forms-Surfaces2.local',
			'PUNMAENLTP75.Forms-Surfaces2.local',
			'vdi-dstd-0124.Forms-Surfaces2.local',
			'PHXMAIFDT29.Forms-Surfaces2.local',
			'PHXMAIFDTP33.Forms-Surfaces2.local',
			'PHXMAMNLTP71.Forms-Surfaces2.local',
			'PHXMAQCLTP01.Forms-Surfaces2.local',
			'pitfwmnltp7.Forms-Surfaces2.local',
			'vdi-dstd-0109.Forms-Surfaces2.local',
			'PUNMAMNLTP60.Forms-Surfaces2.local',
			'PUNMAMN',
			'PHXMAISLTP3.Forms-Surfaces2.local',
			'PHXMAISLTP90.Forms-Surfaces2.local',
			'PITMA-SW-ES1.Forms-Surfaces2.local',
			'pitdc-sw-mm2.Forms-Surfaces2.local',
			'PITMAACLTP4.Forms-Surfaces2.local',
			'vdi-dstd-0041.Forms-Surfaces2.local',
			'PUNMAENLTP127.Forms-Surfaces2.local',
			'PUNMAENLTP37.Forms-Surfaces2.local',
			'PITMAHSLTP18.Forms-Surfaces2.local',
			'PHXMAMNLTP53.Forms-Surfaces2.local',
			'vdi-dgen-0056.Forms-Surfaces2.local',
			'PHXMAMNLTP55.Forms-Surfaces2.local',
			'pitma-sw-sw2.Forms-Surfaces2.local',
			'CARMAISLTP1.Forms-Surfaces2.local',
			'PHXMAIFTBP33.Forms-Surfaces2.local',
			'PITMAACLTP1.Forms-Surfaces2.local',
			'PUNMAENLTP83.Forms-Surfaces2.local',
			'PUNMAACLTP10.Forms-Surfaces2.local',
			'PITMAFWLTP1.Forms-Surfaces2.local',
			'PHXMAENLTP5.Forms-Surfaces2.local',
			'PUNMAISLTP13.Forms-Surfaces2.local',
			'PITGLISLTP6.Forms-Surfaces2.local',
			'PUNMAMNLTP45.Forms-Surfaces2.local',
			'vdi-dgen-0074.Forms-Surfaces2.local',
			'PUNMAMNLTP19.Forms-Surfaces2.local',
			'PITMAINLTP69.Forms-Surfaces2.local',
			'vdi-dstd-0117.Forms-Surfaces2.local',
			'PHXMAISLTP1.Forms-Surfaces2.local',
			'PITGLDDLTP10.Forms-Surfaces2.local',
			'PUNMAENLTP85',
			'vdi-dstd-0188.Forms-Surfaces2.local',
			'PHXMAIFDT28.Forms-Surfaces2.local',
			'PHXMAENLTP8.Forms-Surfaces2.local',
			'PITWGMNLTP21.Forms-Surfaces2.local',
			'PITMA-SW-AS1.Forms-Surfaces2.local',
			'PHXMAMNLTP4.Forms-Surfaces2.local',
			'PITMAMNLTP7.Forms-Surfaces2.local',
			'PITMAACLTP4.Forms-Surfaces2.local',
			'PITWGMNLTP34.Forms-Surfaces2.local',
			'PITWGMNLTP30.Forms-Surfaces2.local',
			'PUNMAENLTP127.Forms-Surfaces2.local',
			'PHXMAISLTP7.Forms-Surfaces2.local',
			'PUNMAENLTP96.Forms-Surfaces2.local',
			'PHXMAHFLTP4.Forms-Surfaces2.local',
			'pitmamnwsp2.Forms-Surfaces2.local',
			'MININT-698EMNQ',
			'PHXMAMNLTP48.Forms-Surfaces2.local',
			'PUNMAENLTP75.Forms-Surfaces2.local',
			'PITGLMKLTP3.Forms-Surfaces2.local',
			'PITMAACLTP9.Forms-Surfaces2.local',
			'PITMAENLTP1.Forms-Surfaces2.local',
			'PUNMAMNLTP74.Forms-Surfaces2.local',
			'PITMA-SW-DC1',
			'PITMAISLTP7.Forms-Surfaces2.local',
			'PHXMAIFTBP23.Forms-Surfaces2.local',
			'PUNMAMNLTP78.Forms-Surfaces2.local',
			'vdi-dstd-0174.Forms-Surfaces2.local',
			'PITMAENLTP7.Forms-Surfaces2.local',
			'PUNMAMNLTP75.Forms-Surfaces2.local',
			'PITGLDDLTP2.Forms-Surfaces2.local',
			'PHXMAIFDTP2.Forms-Surfaces2.local',
			'PUNMAENLTP83.Forms-Surfaces2.local',
			'pitmamnltp11.Forms-Surfaces2.local',
			'PHXMADDLTP5.Forms-Surfaces2.local',
			'PITMAHSLTP5.Forms-Surfaces2.local',
			'phxmapfdtp2.Forms-Surfaces2.local',
			'vdi-dstd-0090.Forms-Surfaces2.local',
			'PUNMAISLTP11.Forms-Surfaces2.local',
			'PUNMAENLTP3.Forms-Surfaces2.local',
			'PUNMAENLTP97.Forms-Surfaces2.local',
			'PHXMAMNDTP3.Forms-Surfaces2.local',
			'PITMAHSLTP15.Forms-Surfaces2.local',
			'vdi-dstd-0000.Forms-Surfaces2.local',
			'CARMADDDTP1.Forms-Surfaces2.local',
			'PITMAENLTP16.Forms-Surfaces2.local',
			'PHXGLDDLTP9.Forms-Surfaces2.local',
			'phxmamnltp62.Forms-Surfaces2.local',
			'vdi-dgen-0040.Forms-Surfaces2.local',
			'PUNMAENLTP18.Forms-Surfaces2.local',
			'PITMAMKLTP14.Forms-Surfaces2.local',
			'PUNMAENLTP83.Forms-Surfaces2.local',
			'PUNMAISLTP8.Forms-Surfaces2.local',
			'PHXMAMNLTP70.Forms-Surfaces2.local',
			'PHXMAIFDT27.Forms-Surfaces2.local',
			'PHXMARSLTP4.Forms-Surfaces2.local',
			'PITDC-SW-EX1.Forms-Surfaces2.local',
			'PITGLRMLTP3.Forms-Surfaces2.local',
			'vdi-dstd-0029.Forms-Surfaces2.local',
			'phxmamnltp45.Forms-Surfaces2.local',
			'PUNMAENLTP77.Forms-Surfaces2.local',
			'vdi-dstd-0084.Forms-Surfaces2.local',
			'PUNMAENLTP83.Forms-Surfaces2.local',
			'PUNMAENLTP91.Forms-Surfaces2.local',
			'phxmalptmaint.Forms-Surfaces2.local',
			'PITGWMNLTP2.Forms-Surfaces2.local',
			'PUNMAENLTP97.Forms-Surfaces2.local',
			'PUNMAENLTP112.Forms-Surfaces2.local',
			'PITWGMNLTP37.Forms-Surfaces2.local',
			'FAS-PITDC-SW-EX.Forms-Surfaces2.local',
			'vdi-dstd-0081.Forms-Surfaces2.local',
			'vdi-dstd-0164.Forms-Surfaces2.local',
			'PITWGMNLTP24.Forms-Surfaces2.local',
			'pitdc-sw-sw2.Forms-Surfaces2.local',
			'vdi-dstd-0120.Forms-Surfaces2.local',
			'vdi-dstd-0112.Forms-Surfaces2.local',
			'PHXMAIFDTP11.Forms-Surfaces2.local',
			'vdi-dstd-0175.Forms-Surfaces2.local',
			'vdi-dgen-0061.Forms-Surfaces2.local',
			'PUNMAENLTP81.Forms-Surfaces2.local',
			'PUNMAENLTP65.Forms-Surfaces2.local',
			'PITMAFWLTP1.Forms-Surfaces2.local',
			'PITDC-SW-RH5.Forms-Surfaces2.local',
			'PITWGMNLTP26.Forms-Surfaces2.local',
			'vdi-ddev-0006.Forms-Surfaces2.local',
			'PUNLTP79',
			'PUNMAENLTP83.Forms-Surfaces2.local',
			'PUNMAENLTP13.Forms-Surfaces2.local',
			'PHXMAHRLTP1.Forms-Surfaces2.local',
			'pithsdtp1.Forms-Surfaces2.local',
			'PITMAHSDTP44.Forms-Surfaces2.local',
			'PUNMAENLTP125.Forms-Surfaces2.local',
			'PITGLMNLTP7.Forms-Surfaces2.local',
			'pitma-sw-db5.Forms-Surfaces2.local',
			'PUNMAISLTP11.Forms-Surfaces2.local',
			'vdi-dgen-0055.Forms-Surfaces2.local',
			'pitma-sw-rb1',
			'vdi-dstd-0170.Forms-Surfaces2.local',
			'PHXMAIFTMP31.Forms-Surfaces2.local',
			'MININT-JBJMM1C',
			'pitglmnltp8.Forms-Surfaces2.local',
			'PITMAINLTP1.Forms-Surfaces2.local',
			'vdi-dstd-0070.Forms-Surfaces2.local',
			'PUNMAENLTP83.Forms-Surfaces2.local',
			'PUNMAENLTP83.Forms-Surfaces2.local',
			'PHXMAISLTP90.Forms-Surfaces2.local',
			'pitma-sw-ws1.Forms-Surfaces2.local',
			'PUNMAENLTP51.Forms-Surfaces2.local',
			'PHXMAISLTP2.Forms-Surfaces2.local',
			'vdi-dstd-0111.Forms-Surfaces2.local',
			'vdi-dgen-0070.Forms-Surfaces2.local',
			'vdi-dgen-0063.Forms-Surfaces2.local',
			'PUNMAENLTP103.Forms-Surfaces2.local',
			'vdi-dstd-0101.Forms-Surfaces2.local',
			'CARMADDLTP9.Forms-Surfaces2.local',
			'PUNMAMNLTP71.Forms-Surfaces2.local',
			'pitmaisltp12.Forms-Surfaces2.local',
			'vdi-dstd-0089.Forms-Surfaces2.local',
			'PUNMAENLTP83.Forms-Surfaces2.local',
			'vdi-ddev-0005.Forms-Surfaces2.local',
			'PUNMARMLTP6.Forms-Surfaces2.local',
			'PUNMAMNLTP58.Forms-Surfaces2.local',
			'vdi-dgen-0075.Forms-Surfaces2.local',
			'PITWGMNLTP19.Forms-Surfaces2.local',
			'PUNMAENLTP118.Forms-Surfaces2.local',
			'PITMAMNLTP14.Forms-Surfaces2.local',
			'PITHSRSTBP1.Forms-Surfaces2.local',
			'PITWGMNLTP37.Forms-Surfaces2.local',
			'vdi-dstd-0003.Forms-Surfaces2.local',
			'vdi-dstd-0010.Forms-Surfaces2.local',
			'pitmamnltp45.Forms-Surfaces2.local',
			'PITGLRMLTP1.Forms-Surfaces2.local',
			'pitdc-sw-rh6.Forms-Surfaces2.local',
			'vdi-dstd-0193.Forms-Surfaces2.local',
			'PHXMARSLTP3.Forms-Surfaces2.local',
			'PITWGMNLTP37.Forms-Surfaces2.local',
			'PUNMAENLTP119.Forms-Surfaces2.local',
			'PHXMAMNLTP50.Forms-Surfaces2.local',
			'PHXMAMNLTP31.Forms-Surfaces2.local',
			'vdi-dstd-0122.Forms-Surfaces2.local',
			'PUNMARMLTP9.Forms-Surfaces2.local',
			'PITMAINLTP70.Forms-Surfaces2.local',
			'PUNMAENLTP83.Forms-Surfaces2.local',
			'pitdc-sw-mm3.Forms-Surfaces2.local',
			'PHXMAQCLTP01.Forms-Surfaces2.local',
			'vdi-dstd-0011.Forms-Surfaces2.local',
			'vdi-dstd-0104.Forms-Surfaces2.local',
			'PITMAMNLTP53.Forms-Surfaces2.local',
			'phxmamnltp38.Forms-Surfaces2.local',
			'vdi-dstd-0064.Forms-Surfaces2.local',
			'PITDC-SW-DC3.Forms-Surfaces2.local',
			'vdi-dstd-0037.Forms-Surfaces2.local',
			'PITGLDDLTP3.Forms-Surfaces2.local',
			'pitma-sw-ws2.Forms-Surfaces2.local',
			'PITDC-SW-LS1.Forms-Surfaces2.local',
			'PHXMAIFTBP32.Forms-Surfaces2.local',
			'PITGLRMLTP2.Forms-Surfaces2.local',
			'PUNMAMNLTP60.Forms-Surfaces2.local',
			'PUNMAMNLTP56.Forms-Surfaces2.local',
			'PUNMAENLTP55.Forms-Surfaces2.local',
			'PHXMAIFDTP24.Forms-Surfaces2.local',
			'PITGLDDLTP5.Forms-Surfaces2.local',
			'pitdc-sw-wd1.Forms-Surfaces2.local',
			'vdi-dstd-0082.Forms-Surfaces2.local',
			'PUNMAENLTP93',
			'PITGLRMLTP1.Forms-Surfaces2.local',
			'vdi-dstd-0008.Forms-Surfaces2.local',
			'PITMAHRLTP1.Forms-Surfaces2.local',
			'PITGLDDLTP4.Forms-Surfaces2.local',
			'PHXMAMNLTP56.Forms-Surfaces2.local',
			'PITWGMNLTP31.Forms-Surfaces2.local',
			'PUNMAENLTP99.Forms-Surfaces2.local',
			'PUNMAMNLTP75.Forms-Surfaces2.local',
			'PHXMAMNLTP22.Forms-Surfaces2.local',
			'PUNMAENLTP72.Forms-Surfaces2.local',
			'PITDC-SW-IP1.Forms-Surfaces2.local',
			'vdi-dstd-0192.Forms-Surfaces2.local',
			'PITDC-SW-PC1.Forms-Surfaces2.local',
			'vdi-dstd-0114.Forms-Surfaces2.local',
			'PITMAHSLTP12.Forms-Surfaces2.local',
			'vdi-dgen-0019.Forms-Surfaces2.local',
			'PUNMAENLTP83.Forms-Surfaces2.local',
			'PUNMAISLTP10.Forms-Surfaces2.local',
			'vdi-dstd-0202.Forms-Surfaces2.local',
			'PITMA-SW-BLD1.Forms-Surfaces2.local',
			'vdi-dgen-0026.Forms-Surfaces2.local',
			'PUNMAMNLTP43.Forms-Surfaces2.local',
			'vdi-dstd-0095.Forms-Surfaces2.local',
			'pitma-sw-sw2.Forms-Surfaces2.local',
			'PHXMAMNLTP80.Forms-Surfaces2.local',
			'PUNMAACLTP11.Forms-Surfaces2.local',
			'PUNMAENLTP102.Forms-Surfaces2.local',
			'PITMAISLTP7.Forms-Surfaces2.local',
			'PUNMAENLTP2.Forms-Surfaces2.local',
			'PUNMAENLTP133.Forms-Surfaces2.local',
			'PUNMAENLTP83.Forms-Surfaces2.local',
			'PITMAENLTP12.Forms-Surfaces2.local',
			'PUNMAACLTP14.Forms-Surfaces2.local',
			'vdi-dstd-0173.Forms-Surfaces2.local',
			'PITWGMNLTP11.Forms-Surfaces2.local',
			'PITMAINLTP70.Forms-Surfaces2.local',
			'vdi-dstd-0119.Forms-Surfaces2.local',
			'PHXMAIFDTP6.Forms-Surfaces2.local',
			'vdi-dgen-0036.Forms-Surfaces2.local',
			'PUNMAENLTP83',
			'PITWGMNLTP24.Forms-Surfaces2.local',
			'PUNMAENLTP137.Forms-Surfaces2.local',
			'vdi-dstd-0017.Forms-Surfaces2.local',
			'MININT-B5QBL06.Forms-Surfaces2.local',
			'CARMAISLTP2.Forms-Surfaces2.local',
			'PITMAACLTP1.Forms-Surfaces2.local',
			'PUNMAENLTP83.Forms-Surfaces2.local',
			'vdi-dstd-0048.Forms-Surfaces2.local',
			'PUNMAENLTP116.Forms-Surfaces2.local',
			'vdi-dstd-0051.Forms-Surfaces2.local',
			'vdi-dstd-0020.Forms-Surfaces2.local',
			'PUNMAENLTP42.Forms-Surfaces2.local',
			'pitmaddwsp1.Forms-Surfaces2.local',
			'PITMAHSLTP6.Forms-Surfaces2.local',
			'CorneliusLaserPC.Forms-Surfaces2.local',
			'PITHSMNDTP1.Forms-Surfaces2.local',
			'vdi-dstd-0079.Forms-Surfaces2.local',
			'PITMAACLTP15.Forms-Surfaces2.local',
			'PUNMAMNLTP65.Forms-Surfaces2.local',
			'PHXMAIFDTP29.Forms-Surfaces2.local',
			'PITMAMNLTP56.Forms-Surfaces2.local',
			'PHXMAMNLTP80.Forms-Surfaces2.local',
			'PUNMAENLTP75',
			'vdi-dstd-0182.Forms-Surfaces2.local',
			'PITMAMNLTP52.Forms-Surfaces2.local',
			'OSSMAOSLTP1.Forms-Surfaces2.local',
			'PITGLMNLTP4.Forms-Surfaces2.local',
			'pitdc-sw-md1',
			'PUNMAISLTP14.Forms-Surfaces2.local',
			'phxmamndtp41.Forms-Surfaces2.local',
			'PITMAENLTP15.Forms-Surfaces2.local',
			'vdi-dgen-0069.Forms-Surfaces2.local',
			'PITMAINLTP70.Forms-Surfaces2.local',
			'PITMAISLTP5.Forms-Surfaces2.local',
			'PHXMAENLTP5.Forms-Surfaces2.local',
			'PHXMAISLTP4.Forms-Surfaces2.local',
			'PHXMAMNLTP6.Forms-Surfaces2.local',
			'vdi-dgen-0046.Forms-Surfaces2.local',
			'vdi-dstd-0142.Forms-Surfaces2.local',
			'PITGWMNLTP2.Forms-Surfaces2.local',
			'pitmarsltp3.Forms-Surfaces2.local',
			'PUNMAENLTP93.Forms-Surfaces2.local',
			'PUNMARMLTP11.Forms-Surfaces2.local',
			'PUNMAENLTP8.Forms-Surfaces2.local',
			'PITGLDDLTP13.Forms-Surfaces2.local',
			'vdi-dstd-0140.Forms-Surfaces2.local',
			'vdi-dstd-0199.Forms-Surfaces2.local',
			'vdi-dstd-0014.Forms-Surfaces2.local',
			'vdi-dstd-0072.Forms-Surfaces2.local',
			'PITMAHSDTP3.Forms-Surfaces2.local',
			'PITWGMNLTP23.Forms-Surfaces2.local',
			'vdi-dgen-0068.Forms-Surfaces2.local',
			'PHXMAIFTBP34.Forms-Surfaces2.local',
			'PITMAHSLTP30.Forms-Surfaces2.local',
			'phxiftbp32.Forms-Surfaces2.local',
			'PUNMAENLTP65.Forms-Surfaces2.local',
			'PITWGMNDTP1.Forms-Surfaces2.local',
			'vdi-dstd-0107.Forms-Surfaces2.local',
			'PUNMAENLTP134.Forms-Surfaces2.local',
			'vdi-dgen-0014.Forms-Surfaces2.local',
			'PITMAMNLTP52.Forms-Surfaces2.local',
			'PITMAENLTP76.Forms-Surfaces2.local',
			'PITMAINLTP5.Forms-Surfaces2.local',
			'PUNMAENLTP83.Forms-Surfaces2.local',
			'PITMAENLTP34.Forms-Surfaces2.local',
			'PITGLMKLTP1.Forms-Surfaces2.local',
			'vdi-dstd-0085.Forms-Surfaces2.local',
			'vdi-dstd-0002.Forms-Surfaces2.local',
			'Pitdc-sw-fe1.Forms-Surfaces2.local',
			'PUNMAENLTP116.Forms-Surfaces2.local',
			'PHXMAMNLTP72.Forms-Surfaces2.local',
			'PITMAMNLTP17.Forms-Surfaces2.local',
			'vdi-dgen-0033.Forms-Surfaces2.local',
			'vdi-dstd-0098.Forms-Surfaces2.local',
			'vdi-dstd-0056.Forms-Surfaces2.local',
			'pithsmndtp21.Forms-Surfaces2.local',
			'PHXMAMNLTP93.Forms-Surfaces2.local',
			'PITWGMNLTP32.Forms-Surfaces2.local',
			'vdi-dstd-0178.Forms-Surfaces2.local',
			'PUNMAENLTP128.Forms-Surfaces2.local',
			'PUNMAENLTP75.Forms-Surfaces2.local',
			'PHXMAMNLTP39.Forms-Surfaces2.local',
			'PUNMAENLTP136.Forms-Surfaces2.local',
			'PHXMAMNLTP35.Forms-Surfaces2.local',
			'vdi-dstd-0113.Forms-Surfaces2.local',
			'PHXMAENLTP2.Forms-Surfaces2.local',
			'pitmaenltp37.Forms-Surfaces2.local',
			'pitmamnwsp21.Forms-Surfaces2.local',
			'PUNMAMNLTP44.Forms-Surfaces2.local',
			'PUNMAMNLTP79.Forms-Surfaces2.local',
			'vdi-dstd-0005.Forms-Surfaces2.local',
			'PHXMAENLTP2.Forms-Surfaces2.local',
			'PITFWMNLTP2.Forms-Surfaces2.local',
			'PITGLISLTP8.Forms-Surfaces2.local',
			'PITDC-SW-RH1.Forms-Surfaces2.local',
			'PITMAACLTP9.Forms-Surfaces2.local',
			'pitma-sw-db8.Forms-Surfaces2.local',
			'vdi-dstd-0153.Forms-Surfaces2.local',
			'vdi-dstd-0054.Forms-Surfaces2.local',
			'PUNMAENLTP78.Forms-Surfaces2.local',
			'PUNMAENLTP106.Forms-Surfaces2.local',
			'vdi-dstd-0133.Forms-Surfaces2.local',
			'pithsisltp2.Forms-Surfaces2.local',
			'PUNMAENLTP60.Forms-Surfaces2.local',
			'vdi-dgen-0011.Forms-Surfaces2.local',
			'PITMAMNLTP56.Forms-Surfaces2.local',
			'pitmamndtp7.Forms-Surfaces2.local',
			'phxmamnwsp2.Forms-Surfaces2.local',
			'vdi-dstd-0201.Forms-Surfaces2.local',
			'pithsmnltp2.Forms-Surfaces2.local',
			'PITWGMNLTP8.Forms-Surfaces2.local',
			'PUNMAMNLTP51.Forms-Surfaces2.local',
			'PITGLDDLTP4.Forms-Surfaces2.local',
			'PITWGMNLTP8.Forms-Surfaces2.local',
			'vdi-dstd-0148.Forms-Surfaces2.local',
			'PHXMAMNTBP3.Forms-Surfaces2.local',
			'PITWGMNLTP4.Forms-Surfaces2.local',
			'vdi-dstd-0106.Forms-Surfaces2.local',
			'PUNMAENLTP126.Forms-Surfaces2.local',
			'vdi-dstd-0099.Forms-Surfaces2.local',
			'PUNMAENLTP1.Forms-Surfaces2.local',
			'PITWGMNLTP19.Forms-Surfaces2.local',
			'PITGLDDLTP6.Forms-Surfaces2.local',
			'PUNMAENLTP77.Forms-Surfaces2.local',
			'PHXMAMNLTP26.Forms-Surfaces2.local',
			'PITMAMNLTP65.Forms-Surfaces2.local',
			'PHXMAMNLTP25.Forms-Surfaces2.local',
			'PHXMALTP-TRUMP.Forms-Surfaces2.local',
			'PITMAMNLTP64.Forms-Surfaces2.local',
			'phxmaifdtp13.Forms-Surfaces2.local',
			'vdi-dstd-0006.Forms-Surfaces2.local',
			'vdi-dstd-0163.Forms-Surfaces2.local',
			'vdi-dstd-0187.Forms-Surfaces2.local',
			'PUNMAACLTP15.Forms-Surfaces2.local',
			'PHXMAIFDTP3.Forms-Surfaces2.local',
			'vdi-dstd-0141.Forms-Surfaces2.local',
			'PHXMAMNWSP1.Forms-Surfaces2.local',
			'PHXMAMNLTP53.Forms-Surfaces2.local',
			'vdi-dgen-0052.Forms-Surfaces2.local',
			'carmaddltp4.Forms-Surfaces2.local',
			'pitdc-sw-rh2.Forms-Surfaces2.local',
			'PUNMAENLTP33.Forms-Surfaces2.local',
			'vdi-dstd-0194.Forms-Surfaces2.local',
			'PUNMAENLTP129.Forms-Surfaces2.local',
			'CARMADDLTP1.Forms-Surfaces2.local',
			'pitmamnltp74.Forms-Surfaces2.local',
			'vdi-dstd-0172.Forms-Surfaces2.local',
			'pitdc-sw-sw2.Forms-Surfaces2.local',
			'PITMAINLTP70.Forms-Surfaces2.local',
			'PITGLISLTP6.Forms-Surfaces2.local',
			'PITGLDDLTP6.Forms-Surfaces2.local',
			'CARMADDLTP2.Forms-Surfaces2.local',
			'PUNMAENLTP83.Forms-Surfaces2.local',
			'vdi-dstd-0161.Forms-Surfaces2.local',
			'vdi-dstd-0042.Forms-Surfaces2.local',
			'punma-sw-fs2.Forms-Surfaces2.local',
			'vdi-dstd-0004.Forms-Surfaces2.local',
			'PUNMAADLTP2.Forms-Surfaces2.local',
			'PHXMAIFTBP19.Forms-Surfaces2.local',
			'PUNMAENLTP83.Forms-Surfaces2.local',
			'phxmamnltp16.Forms-Surfaces2.local',
			'PUNMAENLTP53.Forms-Surfaces2.local',
			'PUNMAENLTP65.Forms-Surfaces2.local',
			'PUNMAMNLTP60.Forms-Surfaces2.local',
			'vdi-dstd-0189.Forms-Surfaces2.local',
			'vdi-dstd-0152.Forms-Surfaces2.local',
			'vdi-dstd-0009.Forms-Surfaces2.local',
			'phxmaifdtp20.Forms-Surfaces2.local',
			'pitmainltp30.Forms-Surfaces2.local',
			'PITGLMNLTP9.Forms-Surfaces2.local',
			'PHXMAMNLTP82.Forms-Surfaces2.local',
			'PUNMAENLTP111.Forms-Surfaces2.local',
			'PITMAMNLTP10.Forms-Surfaces2.local',
			'PHXMARSLTP2.Forms-Surfaces2.local',
			'vdi-dstd-0137.Forms-Surfaces2.local',
			'pitmaacltp3.Forms-Surfaces2.local',
			'PHXMAMNLTP86.Forms-Surfaces2.local',
			'PITDC-SW-PS2.Forms-Surfaces2.local',
			'PUNMAISLTP12.Forms-Surfaces2.local',
			'PUNMAENLTP120.Forms-Surfaces2.local',
			'PUNMAENLTP130.Forms-Surfaces2.local',
			'pitmamnltp45.Forms-Surfaces2.local',
			'PITMAMNLTP67.Forms-Surfaces2.local',
			'TRAINING3.Forms-Surfaces2.local',
			'PITWGMNLTP39.Forms-Surfaces2.local',
			'PUNMAENLTP17.Forms-Surfaces2.local',
			'PHXMAENLTP4.Forms-Surfaces2.local',
			'PHXMAMNLTP64.Forms-Surfaces2.local',
			'PITMAINLTP4.Forms-Surfaces2.local',
			'PUNMAENLTP107.Forms-Surfaces2.local',
			'PUNMAISLTP6.Forms-Surfaces2.local',
			'PUNMAACLTP20.Forms-Surfaces2.local',
			'pitmahswsp1.Forms-Surfaces2.local',
			'vdi-dgen-0018.Forms-Surfaces2.local',
			'vdi-dstd-0146.Forms-Surfaces2.local',
			'vdi-dgen-0012.Forms-Surfaces2.local',
			'phx-eurolaser.Forms-Surfaces2.local',
			'vdi-dgen-0048.Forms-Surfaces2.local',
			'PUNMAMNLTP64.Forms-Surfaces2.local',
			'PUNMAENLTP77',
			'carmaisltp9.Forms-Surfaces2.local',
			'PUNMAENLTP103.Forms-Surfaces2.local',
			'PUNMAENLTP72.Forms-Surfaces2.local',
			'PUNMARMLTP10.Forms-Surfaces2.local',
			'PUNMAENLTP98.Forms-Surfaces2.local',
			'PITMAHSLTP27.Forms-Surfaces2.local',
			'PHXMAISLTP7.Forms-Surfaces2.local',
			'phxmamnltp37.Forms-Surfaces2.local',
			'PUNMAENLTP83.Forms-Surfaces2.local',
			'PUNMAENLTP134.Forms-Surfaces2.local',
			'PITMAHSLTP26.Forms-Surfaces2.local',
			'PUNMAENLTP83.Forms-Surfaces2.local',
			'PITMAENLTP10.Forms-Surfaces2.local',
			'pitma-sw-m2m.Forms-Surfaces2.local',
			'GLENMARSLTP1.Forms-Surfaces2.local',
			'PITMAENLTP5.Forms-Surfaces2.local',
			'PITGLMNLTP9.Forms-Surfaces2.local',
			'PUNMAENLTP22.Forms-Surfaces2.local',
			'carp-renderstation.Forms-Surfaces2.local',
			'CARMADDLTP5.Forms-Surfaces2.local',
			'PITMAMNLTP3.Forms-Surfaces2.local',
			'PITDC-SW-DB1.Forms-Surfaces2.local',
			'PUNMAENLTP79.Forms-Surfaces2.local',
			'vdi-dstd-0103.Forms-Surfaces2.local',
			'PHXMAIFDTP4.Forms-Surfaces2.local',
			'vdi-ddev-0000.Forms-Surfaces2.local',
			'PHXMAIFDTP22.Forms-Surfaces2.local',
			'GLENMARSLTP2.Forms-Surfaces2.local',
			'PHXMAIFTBP36.Forms-Surfaces2.local',
			'PITMAHSLTP19.Forms-Surfaces2.local',
			'vdi-dstd-0162.Forms-Surfaces2.local',
			'PITDC-SW-DUO1.Forms-Surfaces2.local',
			'PITGLDDLTP11.Forms-Surfaces2.local',
			'pitma-sw-dc2.Forms-Surfaces2.local',
			'PUNMAENLTP64.Forms-Surfaces2.local',
			'vdi-dgen-0024.Forms-Surfaces2.local',
			'PUNMAENLTP69.Forms-Surfaces2.local',
			'PUNMAMNLTP55.Forms-Surfaces2.local',
			'PHXMAMNLTP68.Forms-Surfaces2.local',
			'PHXMADDLTP4.Forms-Surfaces2.local',
			'PUNMAENLTP128.Forms-Surfaces2.local',
			'vdi-dstd-0060.Forms-Surfaces2.local',
			'vdi-dstd-0203.Forms-Surfaces2.local',
			'PITDC-SW-RH7.Forms-Surfaces2.local',
			'PUNMAENLTP73.Forms-Surfaces2.local',
			'PHXMAENLTP4.Forms-Surfaces2.local',
			'PUNMAMNLTP60.Forms-Surfaces2.local',
			'PITWGMNLTP17.Forms-Surfaces2.local',
			'PHXMAIFDT29.Forms-Surfaces2.local',
			'PUNMAENLTP65.Forms-Surfaces2.local'
		]
	},
	{
		"Customer Name": 'Grant St Group',
		assets: []
	},
	{
		"Customer Name": 'Grove City College',
		assets: [
			'VHCONN01',
			'OPDG1901',
			'STORMEDIA2201',
			'SCVMM1201.GCC.edu',
			'MSMS2201',
			'CWDAPPS1902.GCC.edu',
			'VCSA8x-IM',
			'nvidia4vc',
			'ENTIID-19',
			'W2K12DC5.GCC.edu',
			'RCSTUDIODT01.GCC.edu',
			'PAPERCUT22DB',
			'ADFSPRX1202',
			'ADFS1202.GCC.edu',
			'EXCHMBX1302.GCC.edu',
			'NVIDIALS01.GCC.edu',
			'W2K12DC1.GCC.edu',
			'ONBASEAPP.GCC.edu',
			'DNS01.GCC.edu',
			'AXDS1601.GCC.edu',
			'PANUID02.GCC.edu',
			'PAN_MineMeld',
			'OPDG1601',
			'HPE-StoreOnce-VSA-401',
			'WAHDEM01',
			'MGMT1901',
			'DNNWFE01.GCC.edu',
			'PAPERCUT2201',
			'STORMEDIA.GCC.edu',
			'MGMT1601',
			'HPE-StoreOnce-VSA-402',
			'GROVER12.GCC.edu',
			'VCSA8x-VH',
			'DEVDNNSQL01.GCC.edu',
			'SFBFE1501.GCC.edu',
			'SQLAOCLX01.GCC.edu',
			'SQLAOCLX02.GCC.edu',
			'ADFS1201.GCC.edu',
			'JICS1602.GCC.edu',
			'DNNSQL01.GCC.edu',
			'VASKMS2202',
			'VCCS2201',
			'PAPERCUT2203',
			'GuardiCore_AS_202309',
			'SFBEG1502.GCC.edu',
			'hpeov4vc',
			'OPDG1601.GCC.edu',
			'CPOSRS-19',
			'MGMT1002',
			'Panorama_VA_01',
			'CPP2201',
			'ceivc401',
			'DEPTXFER',
			'TRACSYSTEM.GCC.edu',
			'JICS16XX.GCC.edu',
			'SFBFE1502.GCC.edu',
			'GuardiCore_AG_01',
			'TPMPS1901.GCC.edu',
			'GCCInsights1',
			'MGMT1001',
			'GCCSnare2',
			'GROVER12.GCC.edu',
			'WAH1601',
			'webstat.GCC.edu',
			'TRIDIUM1601.GCC.edu',
			'W2K12DC4.GCC.edu',
			'VASKMS2201',
			'ONBASEFS.GCC.edu',
			'EXCHCAS1301.GCC.edu',
			'JBARFS.GCC.edu',
			'CESI15.GCC.edu',
			'WHD1601.GCC.edu',
			'AXDS1602.GCC.edu',
			'skyline',
			'PANUID01.GCC.edu',
			'GCCSnare1',
			'CLASSAPPS.GCC.edu',
			'ONBASEWEB.GCC.edu',
			'W2K12DC6.GCC.edu',
			'CAREG2201',
			'Test2201',
			'AADC2201',
			'SFBEG1501.GCC.edu',
			'PAPERCUT2202',
			'MABS1901',
			'EDISON16.GCC.edu',
			'RDS1601.GCC.edu',
			'JICS1604.GCC.edu',
			'W2K12DC3.GCC.edu',
			'TSAP-22',
			'HPE_SSMC_Appliance-VC',
			'tsdb-8x',
			'RCSTUDIOWT01.GCC.edu',
			'ONBASEOCR.GCC.edu',
			'W2K12DC2.GCC.edu',
			'HPUDA.GCC.edu',
			'TRAPS01.GCC.edu',
			'NVIDIALS02.GCC.edu',
			'WAHDEM02',
			'GROVER2201',
			'SLM1601.GCC.edu',
			'ED12.GCC.edu',
			'EXCHCAS1302.GCC.edu',
			'OPDG1901.GCC.edu',
			'HPEGLMTR1901',
			'MGMT2201',
			'EXCHMBX1301.GCC.edu',
			'MGMT1602',
			'CSDB1901',
			'hpesip4vc',
			'JICS1601',
			'DEVDNNWFE01.GCC.edu',
			'JICS1603.GCC.edu',
			'DNS02.GCC.edu',
			'azr-lgw-snt-001',
			'UPAZR2201',
			'SLM2201',
			'WAHDBS01',
			'GuardiCore_AS_105309',
			'DEPTXFER.GCC.edu',
			'OVGD',
			'ED2201'
		]
	},
	{
		"Customer Name": 'Henderson Brothers',
		assets: [
			'hbifp01.hendersonbrothers.com',
			'HBIIIS1.hendersonbrothers.com',
			'hbisql01.hendersonbrothers.com',
			'HBIFP02.hendersonbrothers.com',
			'HBIHELP1.hendersonbrothers.com',
			'HBIEXCH11',
			'HBIRPA1.hendersonbrothers.com',
			'HBIDC2.hendersonbrothers.com',
			'HBIPRT1.hendersonbrothers.com',
			'HBIDC10',
			'HBISEC1.hendersonbrothers.com',
			'hbihelp01.hendersonbrothers.com',
			'acceptto',
			'HBIEXCH10.hendersonbrothers.com',
			'McKamish',
			'TRUESSO.hendersonbrothers.com',
			'hbisec10.hendersonbrothers.com',
			'HBIRRAS01',
			'hbisql02.hendersonbrothers.com',
			'HBICF1.hendersonbrothers.com',
			'hbiadmin01.hendersonbrothers.com',
			'hbicomm03.hendersonbrothers.com',
			'HBIRPT02.hendersonbrothers.com',
			'hbiadmin01.hendersonbrothers.com',
			'hbidc1.hendersonbrothers.com',
			'TRUESSO.hendersonbrothers.com',
			'HBIDC07.hendersonbrothers.com',
			'HBITAM01.hendersonbrothers.com',
			'MJ01FYZK.hendersonbrothers.com',
			'HBICF2.hendersonbrothers.com',
			'hbifp04.hendersonbrothers.com',
			'HBIDC08.hendersonbrothers.com',
			'hbiiis01.hendersonbrothers.com',
			'HBIFS1.hendersonbrothers.com'
		]
	},
	{
		"Customer Name": 'Howard Hanna',
		assets: [
			'HH-AZWAP08',
			'x-hh-printNY',
			'HH-RDS19-H24',
			'HH-MAIL16-03',
			'hh-veeamproxy01',
			'HH-RDS19-H20',
			'HH-RDS19-02',
			'HH-MAIL16-08',
			'vCenter7.0',
			'HH-RDS19-01',
			'HH-AZADFS08.HH.INC',
			'hh-vcube01',
			'GC-007',
			'HH-MAIL16-06',
			'HH-RDS19-H27',
			'hh-clefs02.HH.INC',
			'hhguardian01',
			'HH-ADFS06',
			'hhsql13',
			'hhsql11',
			'GC-009',
			'HH-AADConnect02',
			'HH-Elasti002',
			'GC-014',
			'GC-011',
			'hh-file05',
			'hh-dc005',
			'HH-NPS001',
			'GC-013',
			'GC-015',
			'Cisco_Firepower_Management_Center',
			'HH-RDS19-H13',
			'HH-MAIL16-10',
			'hh-veeamproxy02',
			'w10-RealLedger',
			'HH-AZWAP06',
			'HH-RDS19-H11',
			'HHCA1',
			'HH-WAP08',
			'x-hh-term-lic',
			'barr-softpro04',
			'HH-SQLterm01',
			'HH-RDSH007',
			'GC-016',
			'hh-orion',
			'hhsql6',
			'HH-RDS19-H09',
			'GC-006',
			'Nessus01',
			'hh-dc003',
			'hh-intranet02',
			'HH-RDS19-H12',
			'hhsql7',
			'X-hh-MBtransfer',
			'HH-MAIL16-11',
			'HH-RDS19-H25',
			'hh-cuc1',
			'HH-AZWAP07',
			'HH-RDS19-H17',
			'HH-RDS19-H26',
			'GC-012',
			'BARR-GREEN001',
			'x-hh-utility01',
			'HH-RDSH006',
			'HH-MAIL16-02',
			'HH-RDS19-H21',
			'hh-cuc2',
			'hh-AZDC03-EUS2.HH.INC',
			'HH-RDS19-H05',
			'HH-RDS19-H19',
			'HH-AZADFS07.HH.INC',
			'hh-utility04',
			'hh-utility03',
			'FPENC360',
			'HHSQL2.HH.INC',
			'hh-cle001.HH.INC',
			'hh-file04',
			'GC-008',
			'hh-apps02',
			'GC-010',
			'HH-RDS19-H06',
			'HH-RDS19-H07',
			'HH-Graylog',
			'hh-cucmp',
			'GC-002',
			'HH-RDSH010',
			'hh-utility05',
			'HH-RDSH001',
			'HH-MAIL16-05',
			'HH-SCCM001',
			'HH-DC006',
			'HH-RDS19-H23',
			'HH-RDSH008',
			'X-hh-softproUAT',
			'HH-MAIL16-12',
			'HH-MAIL16-04',
			'hh-boomi',
			'GC-004',
			'hh-file01',
			'HH-KEMP-04',
			'Veeam1',
			'hh-dirsync01',
			'HH-RDS19-H15',
			'HHCA-Master',
			'HH-RDS19-H01.HH.INC',
			'hh-skyslope01',
			'HH-KEMP-01',
			'hh-cucms2',
			'HH-RDS19-H04',
			'GC_Aggregator2',
			'GC_Aggregator1',
			'HH-RDSH009',
			'hh-clefs01.HH.INC',
			'HH-RDS19-H03',
			'HH-MAIL16-07',
			'HH-Elasti001',
			'GC-003',
			'HH-RDS19-H14',
			'HH-ADFS08',
			'Template - Server 2022 (Jan 2023)',
			'hh-dc004',
			'HH-NPS002',
			'HH-RDS19-H16',
			'x-hh-veeam',
			'HCRE001.HH.INC',
			'hhsql12',
			'X-hh-MBtransfer03',
			'X-hh-MBTransfer02',
			'BARRSQL02',
			'hh-file03',
			'GC-001',
			'hh-utility02',
			'HH-WAP07',
			'HH-RDS19-H18',
			'GC-005',
			'HH-KEMP-02',
			'hh-saconnect01',
			'HH-MAIL16-01',
			'HH-RDS19-H22',
			'BARR-TSS001',
			'HH-WAP06',
			'boo-streamline.HH.INC',
			'HH-RDS19-H08',
			'HH-RDS19-H10',
			'HH-RDS19-H01',
			'Template - Server 2019 (Feb2021)',
			'hh-intranet01',
			'hh-SAConnect',
			'hhweb001',
			'HH-MAIL16-09',
			'HH-KEMP-03',
			'hh-aadconnect01',
			'HH-AZADFS06.HH.INC',
			'x-hh-printOH',
			'hh-dpn',
			'HH-ADFS07',
			'HH-RDS19-GP01',
			'HH-Parkview',
			'HH-RDS19-H02',
			'hh-cucms1',
			'barr-softpro03',
			'hh-ipam001',
			'hh-file02'
		]
	},
	{
		"Customer Name": 'Ideal Integrations',
		assets: []
	},
	{
		"Customer Name": 'Johnstown Wire Technologies',
		assets: []
	},
	{
		"Customer Name": 'Mine Safety Appliances',
		assets: []
	},
	{
		"Customer Name": 'Alcosan',
		assets: [
			'SRV2.alcosan.net',
			'JDEAISPROD.alcosan.net',
			'Dev-IMS.alcosan.net',
			'SRV10.alcosan.net',
			'SECURITY.alcosan.net',
			'ADMIN2012B.alcosan.net',
			'JDEWk05.alcosan.net',
			'ADMIN2012.alcosan.net',
			'ADMIN2016.alcosan.net',
			'ALCOSAN-SQL.alcosan.net',
			'SECURITY.alcosan.net',
			'RDPConsole.alcosan.net',
			'MICROCALL.alcosan.net',
			'Bob-VM.alcosan.net',
			'JDEwk09.alcosan.net',
			'SQLNONPROD.alcosan.net',
			'JDEWK02.alcosan.net',
			'webspy.alcosan.net',
			'JDEWK07.alcosan.net',
			'VARONIS.alcosan.net',
			'WJUNK-VM.alcosan.net',
			'Dev-IMS.alcosan.net',
			'JDESRVMGR.alcosan.net',
			'SRV4.alcosan.net',
			'LAB.alcosan.net',
			'WebRedirect.alcosan.net',
			'HELPDESK.alcosan.net',
			'SRV6.alcosan.net',
			'jasprod.alcosan.net',
			'2676-7050.alcosan.net',
			'JDEWK08.alcosan.net',
			'SRV5.alcosan.net',
			'JDEWK01.alcosan.net',
			'ECM-Migrate.alcosan.net',
			'ENTNONPROD.alcosan.net',
			'SRV10.alcosan.net',
			'Prod-IMS.alcosan.net',
			'SRV3.alcosan.net',
			'EXCHANGE2016.alcosan.net',
			'SRV1.alcosan.net',
			'2677-7050.alcosan.net',
			'Tony-VM.alcosan.net',
			'JASNONPROD.alcosan.net',
			'JDEWK04.alcosan.net',
			'JDEDEPLOY.alcosan.net',
			'SRV9.alcosan.net',
			'SRV10.alcosan.net',
			'2675-7050.alcosan.net',
			'OVRPROD.alcosan.net',
			'OVRNONPROD.alcosan.net',
			'JDEENT.alcosan.net',
			'SRV7.alcosan.net',
			'JDEWK03.alcosan.net',
			'IWASTE.alcosan.net',
			'JDEWK010.alcosan.net',
			'SRV8.alcosan.net',
			'AISNONPROD.alcosan.net',
			'JDEWK06.alcosan.net',
			'MICROCALL.alcosan.net',
			'JDESQL.alcosan.net'
		]
	},
	{
		"Customer Name": 'Orr Jewelers',
		assets: []
	},
	{
		"Customer Name": 'PGT Trucking',
		assets: [
			'pgtfuel1.pgt.com',
			'blvrecovery.pgt.com',
			'PGTGreylogxfer.pgt.com',
			'NAVQB.pgt.com',
			'IDLExchange1.pgt.com',
			'IDLExchange02.pgt.com',
			'pgtoffice.pgt.com',
			'BLVDPPROD.pgt.com',
			'PGSTableau.pgt.com',
			'pgtsolar.pgt.com',
			'PGTDC5.pgt.com',
			'pgtpas2.pgt.com',
			'pgtdc2.pgt.com',
			'TDNS1.pgt.com',
			'PSVPBX02.pgt.com',
			'BLVFILE1.pgt.com',
			'pgtapp4.pgt.com',
			'pgttransflo',
			'BLVDC2.pgt.com',
			'TDNS2.pgt.com',
			'BLVTableau04.pgt.com',
			'pgtrecovery.pgt.com',
			'PSVBridge.pgt.com',
			'pgtsphinx.pgt.com',
			'blvdns1.pgt.com',
			'pgtidash.pgt.com',
			'BLVPBX01.pgt.com',
			'blvdoclink.pgt.com',
			'BLVLMPROD.pgt.com',
			'pgtascent.pgt.com',
			'BLVKofaxDAC1.pgt.com',
			'blvmilemaker.pgt.com',
			'BLVmdm1.pgt.com',
			'PSVImaginTemp01.pgt.com',
			'pgttarget.pgt.com',
			'BLVKofax1.pgt.com',
			'BLVPython.pgt.com',
			'IDLExchange01.pgt.com',
			'BLVTableau02.pgt.com',
			'pgtoffice.pgt.com',
			'pgtpas3.pgt.com',
			'pgtsql1.pgt.com',
			'BLVLeantech1.pgt.com',
			'pgtzudy.pgt.com',
			'BLVPCMILER.pgt.com',
			'PGTEDIFTP',
			'blvtableau1.pgt.com',
			'IDLExchange2.pgt.com',
			'BLVRDS01.pgt.com',
			'psvlogistudioprod',
			'blvsql3.pgt.com',
			'PGTDC4.pgt.com',
			'BLVSQL2.pgt.com',
			'pgtvinyl-qa.pgt.com',
			'pgtoffice.pgt.com',
			'BLVKofaxDACDev.pgt.com',
			'NAVLMPROD.pgt.com',
			'pgtvinyl-prod.pgt.com',
			'BLVDC1.pgt.com',
			'BLVTarget.pgt.com',
			'pgtpas1.pgt.com',
			'pgtrras1.pgt.com',
			'sunsphinx.pgt.com',
			'pgtoffice.pgt.com',
			'PGTSQL2.pgt.com',
			'BLVPCMILER.pgt.com',
			'pgtstarquest.pgt.com',
			'pgtsql3.pgt.com',
			'BLVDPDEV.pgt.com',
			'BLVmcleodftp.pgt.com',
			'pgtprint2.pgt.com',
			'BLVSQL1.pgt.com',
			'pgtdc1.pgt.com',
			'PGTPBX02.pgt.com',
			'BLVJUMP01.pgt.com',
			'BLVTableau01.pgt.com',
			'pgtgate.pgt.com',
			'IDLConsole.pgt.com',
			'pgtweb3',
			'IDLDUO.pgt.com',
			'IDLDC1.pgt.com',
			'IDLEXCHANGE3.pgt.com',
			'pgtsigns.pgt.com',
			'pgtconsole.pgt.com',
			'PGTVRDP07.pgt.com',
			'NAVDPPROD.pgt.com',
			'pgtoffice.pgt.com',
			'BLVConsole.pgt.com',
			'blvdns2.pgt.com',
			'BLVTableau03.pgt.com',
			'PSVImaginnovate.pgt.com',
			'blvkofaxds.pgt.com',
			'blvwebapp01',
			'BLVLMDEV.pgt.com',
			'pgtoffice.pgt.com',
			'PGTVRDP06.pgt.com',
			'PSVImaginTemp02.pgt.com',
			'PGTSQL5.pgt.com',
			'pgttableau.pgt.com',
			'PSVPBX01.pgt.com'
		]
	},
	{
		"Customer Name": 'Port Authority of Allegheny County',
		assets: [
			'SRVEXCHANGE2.network.portauthority.org',
			'SRVSTPUM.network.portauthority.org',
			'SRVFM9APPS.network.portauthority.org',
			'SRVCLEVERCONT.network.portauthority.org',
			'srvhastus2016.network.portauthority.org',
			'SRVLAB2-2012.network.portauthority.org',
			'SRVVIEW.network.portauthority.org',
			'SRVDCC-22.network.portauthority.org',
			'SRVHCMDEVDBS.network.portauthority.org',
			'SRVAFCTOMCAT1.network.portauthority.org',
			'SRVHASTSBWSPRD2.network.portauthority.org',
			'SRVHR9DEVDBS.network.portauthority.org',
			'SRVHASTUSELFWEB.network.portauthority.org',
			'RDS-MARCH.network.portauthority.org',
			'SRVHASTDAWSPROD.network.portauthority.org',
			'SRVBUSLINKNEW.network.portauthority.org',
			'SRVLYNC.network.portauthority.org',
			'SRVHRESS2.network.portauthority.org',
			'SRVHASTTASKPRD2.network.portauthority.org',
			'CardAccessMGR58.network.portauthority.org',
			'SRVAFCGCWMIF.network.portauthority.org',
			'SRVHCM2014DBS.network.portauthority.org',
			'SRVSPDEVAPP.network.portauthority.org',
			'SRVMWOSTESTDBS.network.portauthority.org',
			'SRVIGEL.network.portauthority.org',
			'SRVDILAXAPP.network.portauthority.org',
			'SRVHRAP2.network.portauthority.org',
			'SRVPOWERBIGATE.network.portauthority.org',
			'SRVBUSTIMEWEB.network.portauthority.org',
			'SRVFINTST.network.portauthority.org',
			'SRVMWOSTRAINING.network.portauthority.org',
			'VideoServer-4.network.portauthority.org',
			'SRVSHARE.network.portauthority.org',
			'SRVSOLARWINDS.network.portauthority.org',
			'SRVHRPUM.network.portauthority.org',
			'SRVFINWB1.network.portauthority.org',
			'RDS-Test-001.network.portauthority.org',
			'SRVCLEVERCADAPI.network.portauthority.org',
			'Archiver-1.network.portauthority.org',
			'srvdatawhnew.network.portauthority.org',
			'SRVAFCAPACHE1.network.portauthority.org',
			'SRVSPDEVAPP02.network.portauthority.org',
			'SRVVC-DR',
			'SRVCLEVERDBS.network.portauthority.org',
			'SRVAFCCCGATE2.network.portauthority.org',
			'SRVCLEVERMON.network.portauthority.org',
			'SRVCLVCONSOL22.network.portauthority.org',
			'SRVMWOSBETAWBS.network.portauthority.org',
			'srvdmzweb.network.portauthority.org',
			'srvmwosbtrnwbs.network.portauthority.org',
			'SRVEPISTAGE.network.portauthority.org',
			'SRVHASTSBWWPROD.network.portauthority.org',
			'SRVHASTUSCON.network.portauthority.org',
			'SRVVEEAM.network.portauthority.org',
			'SRVCONFMAN.network.portauthority.org',
			'SRVMWOSBTRNITF.network.portauthority.org',
			'SRVLAB3-2012.network.portauthority.org',
			'SRVAFCAPPS.network.portauthority.org',
			'SRVSPPRODWFE01.network.portauthority.org',
			'SRVWEBFARMAD2.network.portauthority.org',
			'SRVANYDOC.network.portauthority.org',
			'RDSIC-02.network.portauthority.org',
			'SRVAFCGCCOLL.network.portauthority.org',
			'SRVHASTSBWSTEST.network.portauthority.org',
			'srvtstCW.network.portauthority.org',
			'SRVAUDIT.network.portauthority.org',
			'SRVHASTCONPROD.network.portauthority.org',
			'srvtstCADAPI.network.portauthority.org',
			'SRVAFCGCSHV.network.portauthority.org',
			'SRVAPPVOL-1.network.portauthority.org',
			'SRVHR9DBS.network.portauthority.org',
			'SRVFM9WBS.network.portauthority.org',
			'CAWKSTN.network.portauthority.org',
			'Archiver-3.network.portauthority.org',
			'RDSIC-01.network.portauthority.org',
			'SRVITISQL.network.portauthority.org',
			'SRVWEBDEV2.network.portauthority.org',
			'SRVMWOSTESTAPP.network.portauthority.org',
			'SRVPADC3.network.portauthority.org',
			'SRVDATA1.network.portauthority.org',
			'SRVMWOSAPP.network.portauthority.org',
			'SRVFSCMDEVDBS.network.portauthority.org',
			'SRVAFCGCELIB.network.portauthority.org',
			'SRVSQLHA1.network.portauthority.org',
			'SRVHRDEV.network.portauthority.org',
			'SRVEAMTESTRAWI.network.portauthority.org',
			'SRVPRINT.network.portauthority.org',
			'SRVHRAP1.network.portauthority.org',
			'SRVHCMAP2.network.portauthority.org',
			'SRVHCMSRCH.network.portauthority.org',
			'SRVTRAINTIME-22.network.portauthority.org',
			'SRVFINPRC.network.portauthority.org',
			'SRVHCMWBS1.network.portauthority.org',
			'PAFDIR.network.portauthority.org',
			'SRVDEATHSTAR.network.portauthority.org',
			'SRVHASTUSSIGN.network.portauthority.org',
			'SRVAFCAPACHE2.network.portauthority.org',
			'RDS-Prod-009.network.portauthority.org',
			'SRVWEBFARMSQL1.network.portauthority.org',
			'RDS-RIDECHECK.network.portauthority.org',
			'srvexchange1.network.portauthority.org',
			'SRVCLEVERVISION.network.portauthority.org',
			'SRVGALAXY16.network.portauthority.org',
			'SRVPAAC.network.portauthority.org',
			'SRVMWOSTESTWBS.network.portauthority.org',
			'SRVHZN-TST.network.portauthority.org',
			'SRVPSPUM.network.portauthority.org',
			'SRVCLVWORKS22.network.portauthority.org',
			'SRVHRESS1.network.portauthority.org',
			'SRVHRTST.network.portauthority.org',
			'SRVHCMAP1.network.portauthority.org',
			'SRVHRWB1.network.portauthority.org',
			'SRVHCMTST.network.portauthority.org',
			'SRVHASTTASKPRD1.network.portauthority.org',
			'SRVMWOSTESTRPT.network.portauthority.org',
			'SRVHASTSIGNPRD2.network.portauthority.org',
			'SRVSPDEVWFE02.network.portauthority.org',
			'SRVMWOSWBS.network.portauthority.org',
			'SRVMARCHARC.network.portauthority.org',
			'SRVHASTUSBID.network.portauthority.org',
			'SRVBUSLINKRPT22.network.portauthority.org',
			'SRVCYBERLOCK.network.portauthority.org',
			'srvhaztuz2016.network.portauthority.org',
			'SRVMWOSTRNITF.network.portauthority.org',
			'SRVMWOSBETAITF.network.portauthority.org',
			'SRVFINDBS.network.portauthority.org',
			'SRVRA.network.portauthority.org',
			'SRVCLVREPORTS22.network.portauthority.org',
			'SRVHCM9PRC.network.portauthority.org',
			'SRVPITTDATA-old.network.portauthority.org',
			'SRVHCMWBS2.network.portauthority.org',
			'SRVWEBFARMAD1.network.portauthority.org',
			'SRVVEEAMPRX-01.network.portauthority.org',
			'APPVOL-2.network.portauthority.org',
			'GenetecMonitor.network.portauthority.org',
			'SRVIPAM.network.portauthority.org',
			'SRVPROFILE.network.portauthority.org',
			'SRVHCMPRC.network.portauthority.org',
			'srvhastus.network.portauthority.org',
			'SRVAFCGCROSS.network.portauthority.org',
			'SRVHELPOLD.network.portauthority.org',
			'SRVGOLD.network.portauthority.org',
			'SRVHR9APS.network.portauthority.org',
			'SRVAFCBAC.network.portauthority.org',
			'SRVFINWB2.network.portauthority.org',
			'srvtstCAD.network.portauthority.org',
			'srvafcrpt.network.portauthority.org',
			'SRVWEBPROD.network.portauthority.org',
			'SRVSMTP.network.portauthority.org',
			'RDS-Prod-008.network.portauthority.org',
			'SRVHRPRC.network.portauthority.org',
			'SRVHZN-4.network.portauthority.org',
			'SRVSHARE.network.portauthority.org',
			'srveamdbs.network.portauthority.org',
			'SRVFTP-TEMP',
			'SRVEAMRAWI.network.portauthority.org',
			'SRVUEM.network.portauthority.org',
			'SRVHASTUSSELF.network.portauthority.org',
			'SRVMARCH.network.portauthority.org',
			'SRVMANCEDOC.network.portauthority.org',
			'SRVRADIUS.network.portauthority.org',
			'SRVGIRO.network.portauthority.org',
			'SRVPADC4.network.portauthority.org',
			'SRVCLVRWKSRAIL.network.portauthority.org',
			'SRVPRINT.network.portauthority.org',
			'SRVWEBFARMSQL2.network.portauthority.org',
			'Archiver-5.network.portauthority.org',
			'SRVHRSRCH.network.portauthority.org',
			'SRVSQLHA1.network.portauthority.org',
			'SRVHASTSIGNTEST.network.portauthority.org',
			'SRVHRWB2.network.portauthority.org',
			'SRVSPDEVWFE.network.portauthority.org',
			'SRVHZN-1.network.portauthority.org',
			'SRVVMSS.network.portauthority.org',
			'SRVGIRO2016.network.portauthority.org',
			'SRVFSCMTST.network.portauthority.org',
			'SRVFINEAPPS2.network.portauthority.org',
			'SRVSPPRODAPP02.network.portauthority.org',
			'SRVSIEMENSHVAC.network.portauthority.org',
			'SRVPRTRODC.network.portauthority.org',
			'SRVHRDBS.network.portauthority.org',
			'SRVHCM9PUM.network.portauthority.org',
			'SRVHASTDAWSTEST.network.portauthority.org',
			'SRVRTAJUMP.network.portauthority.org',
			'SRVEPIDEV.network.portauthority.org',
			'SRVFINAP2.network.portauthority.org',
			'srvmanager.network.portauthority.org',
			'SRVCLVMON22.network.portauthority.org',
			'SRVFTP-NEW.network.portauthority.org',
			'SRVESSWBS2.network.portauthority.org',
			'SRVDESIGOHVAC.network.portauthority.org',
			'SRVHASTUSBIDWEB.network.portauthority.org',
			'SRVHR9DEV.network.portauthority.org',
			'SRVHELP.network.portauthority.org',
			'SRVFINEAPPS1.network.portauthority.org',
			'SRVSPDEVSQL.network.portauthority.org',
			'srveamtestdbs.network.portauthority.org',
			'SRVENROLLMENT.network.portauthority.org',
			'SRVIDMANCON.network.portauthority.org',
			'SRVMWOSTESTWBS.network.portauthority.org',
			'SRVAFCTOMCAT2.network.portauthority.org',
			'SRVHZN-1.network.portauthority.org',
			'SRVVIEWEXT.network.portauthority.org',
			'srvtstDCC.network.portauthority.org',
			'SRVCLEVERAVMDBS.network.portauthority.org',
			'srvtstCleverSQL.network.portauthority.org',
			'RDSB-01.network.portauthority.org',
			'SRVFM9SRCH.network.portauthority.org',
			'SRVHASTTASKTEST.network.portauthority.org',
			'SRVHCM9PCH.network.portauthority.org',
			'SRVPALOTRAPS.network.portauthority.org',
			'SRVWSUS.network.portauthority.org',
			'RDS-Prod-010.network.portauthority.org',
			'SRVFINPUM.network.portauthority.org',
			'SRVMARCH.network.portauthority.org',
			'SRVSQLHA2.network.portauthority.org',
			'SRVPT853UPG.network.portauthority.org',
			'SRVCLEVERCAD-22.network.portauthority.org',
			'SRVFINAP1.network.portauthority.org',
			'SRVCLEVERRIDECHECK.network.portauthority.org',
			'SRVCLEVERAVMAPP.network.portauthority.org',
			'SRVBUSLINKRPT.network.portauthority.org',
			'SRVCLEVERCAD.network.portauthority.org',
			'srvfm9upg1.network.portauthority.org',
			'SRVHR9WBS.network.portauthority.org',
			'srvfm9dev2.network.portauthority.org',
			'SRVSPPRODSQL.network.portauthority.org',
			'SRVAFCWSUS.network.portauthority.org',
			'SRVHZN-3.network.portauthority.org',
			'OCCGATEWAY.network.portauthority.org',
			'SRVHRDEVDBS.network.portauthority.org',
			'SRVHASTSGNSSPRD.network.portauthority.org',
			'srvhastustask.network.portauthority.org',
			'SRVHASTSBWSPRD1.network.portauthority.org',
			'SRVSHARES.network.portauthority.org',
			'SRVHASTUSPROD.network.portauthority.org',
			'SRV855WB.network.portauthority.org',
			'SRVHCMDBS.network.portauthority.org',
			'SRVMWOSTESTITF.network.portauthority.org',
			'SRVMARCHARC.network.portauthority.org',
			'SRVAFCCCGATE.network.portauthority.org',
			'SRVFINSRCH.network.portauthority.org',
			'srvfm9devdbs.network.portauthority.org',
			'SRVSIEM.network.portauthority.org',
			'SRVMWOSTRNWBS.network.portauthority.org',
			'SRVHCM9DEVDBS.network.portauthority.org',
			'SRVGIROTEST.network.portauthority.org',
			'SRVMWOSTEST.network.portauthority.org',
			'SRVMWOSITF.network.portauthority.org',
			'Archiver-2.network.portauthority.org',
			'SRV855AP.network.portauthority.org',
			'SRVPRINT.network.portauthority.org',
			'SRVPLASSER.network.portauthority.org',
			'SRVHASTSBWWTEST.network.portauthority.org',
			'APPVOL-1.network.portauthority.org',
			'SRVESSWBS1.network.portauthority.org',
			'SRVSPPRODAPP01.network.portauthority.org',
			'SHV-VOICEPRINT.network.portauthority.org',
			'srvvc1.network.portauthority.org',
			'SRVCLEVERWORKS.network.portauthority.org',
			'SRVHZN-2.network.portauthority.org',
			'SRVMWOSRPT.network.portauthority.org',
			'SRVDATAWH.network.portauthority.org',
			'SRVMANAGE.network.portauthority.org',
			'SRVHCM9DEV.network.portauthority.org',
			'SRVFM9PRCS.network.portauthority.org',
			'SRVHCMDEV.network.portauthority.org',
			'SRVFM9PUM.network.portauthority.org',
			'SRVWEBDEV.network.portauthority.org',
			'SRVARCGIS.network.portauthority.org',
			'SRVBUSDVR.network.portauthority.org',
			'SRVGIROPROD.network.portauthority.org',
			'SRVPADC.network.portauthority.org',
			'srvtstBTPredict.network.portauthority.org',
			'SRVSQLHA2.network.portauthority.org',
			'SRVHASTCONTEST.network.portauthority.org',
			'SRVCLEVER2016DB.network.portauthority.org',
			'SRVMANCEDOC.network.portauthority.org',
			'SRVVEEAM-BR-OCC.network.portauthority.org',
			'SRVCLEVERRPT.network.portauthority.org',
			'SRVAFCGCHARM.network.portauthority.org',
			'SRVEX1.network.portauthority.org',
			'SRVAPPVOL-2.network.portauthority.org',
			'SRVHASTSIGNPRD1.network.portauthority.org',
			'SRVDHCP.network.portauthority.org',
			'SRV855DBS.network.portauthority.org',
			'Srvstorage.network.portauthority.org',
			'SRVPROFILE.network.portauthority.org',
			'SRVSPPRODWFE02.network.portauthority.org',
			'SRVFINDEV.network.portauthority.org'
		]
	},
	{
		"Customer Name": 'Pressley Ridge',
		assets: [
			'PLRDA1.pressleyridge.org',
			'PLRSQL01.pressleyridge.org',
			'PLREXCHANGE1.pressleyridge.org',
			'PLRADMIN3.pressleyridge.org',
			'PLRDHCP01.pressleyridge.org',
			'PLRADMIN1.pressleyridge.org',
			'PLRAdmin2.pressleyridge.org',
			'PLRPRINT01.pressleyridge.org',
			'PLRFILE01.pressleyridge.org',
			'PLRDC2.pressleyridge.org',
			'PLRDOORS.pressleyridge.org',
			'PLRDUO1.pressleyridge.org',
			'PLRDC1.pressleyridge.org',
			'PLRHVAC1.pressleyridge.org',
			'PLRDRC01.pressleyridge.org',
			'PLRHVAC.pressleyridge.org',
			'PLRReporting.pressleyridge.org',
			'plrsql02.pressleyridge.org'
		]
	},
	{
		"Customer Name": 'Resco',
		assets: [
			'SRV-MLN04.RescoProducts.Net',
			'SRV-DC08.RescoProducts.Net',
			'SRV-MLN03-old.RescoProducts.Net',
			'SRV-HAM03.RescoProducts.Net',
			'SRV-EC03.RescoProducts.Net',
			'SRV-FILE.RescoProducts.Net',
			'srv-dc06.RescoProducts.Net',
			'srv-gso03.RescoProducts.Net',
			'srv-tar03.RescoProducts.Net'
		]
	},
	{
		"Customer Name": 'Sentric',
		assets: []
	},
	{
		"Customer Name": 'Southwoods',
		assets: [
			'OMSPC-ADUSKEY.omsllc.net',
			'Win7-Server.southwoodshealth.com',
			'SWH-TRAINING7.southwoodshealth.com',
			'SUU-BG05.southwoodshealth.com',
			'SUU-BG10.southwoodshealth.com',
			'SWHPC-NG.southwoodshealth.com',
			'SWI-DC.southwoodshealth.com',
			'SURFACE-SETHI.southwoodshealth.com',
			'SWH-IMEDSQL.southwoodshealth.com',
			'SUU-WEB-FS01.southwoodshealth.com',
			'SWIVUE2.carestream.com',
			'SWH-PUBTRACK.southwoodshealth.com',
			'SWHPC-FORREST.southwoodshealth.com',
			'SUU-WI-WAS11.southwoodshealth.com',
			'SUU-WI-WAS06.southwoodshealth.com',
			'SWPS-DRYOSSEF14.southwoodshealth.com',
			'LCO-DONCON.thelakeclubohio.com',
			'SWHMT-CARTPC33.southwoodshealth.com',
			'SWHMT-CARTPC28.southwoodshealth.com',
			'SPS-JAFFER02.southwoodshealth.com',
			'PSO-CYOUNG.southwoodshealth.com',
			'SWHPC-ENDODR03.southwoodshealth.com',
			'WIN-5IUPTG253MU',
			'LCOPC-KALANGE1.thelakeclubohio.com',
			'SUU-FS02.southwoodshealth.com',
			'SUU-DRBG01.southwoodshealth.com',
			'HCPC-SLEEP2.southwoodshealth.com',
			'SWH-MALDONADO.southwoodshealth.com',
			'SWH-RM02.southwoodshealth.com',
			'SUU-T-BG01.southwoodshealth.com',
			'HCPC-HEART16.southwoodshealth.com',
			'SWH-APPS.southwoodshealth.com',
			'CTXCLOUD3.omsllc.net',
			'CTXWIN01.southwoodshealth.com',
			'CTXOMSAPP1.omsllc.net',
			'OMSDEV.omsllc.net',
			'SWHMT-CARTPC46.southwoodshealth.com',
			'SWH-FDB.southwoodshealth.com',
			'SWH-TRAINING16.southwoodshealth.com',
			'SUU-BG04.southwoodshealth.com',
			'SUU-WEB-BG02.southwoodshealth.com',
			'SWH-MANTENUCCI.southwoodshealth.com',
			'SUU-PS02.southwoodshealth.com',
			'SWHRAPP01.southwoodshealth.com',
			'LCO-4MTFNQ2.thelakeclubohio.com',
			'SWH-VEEAM1.southwoodshealth.com',
			'SUU-WI-MYSQL-O.southwoodshealth.com',
			'SWH-CITRIXDC.southwoodshealth.com',
			'SUU-DRBG01-O.southwoodshealth.com',
			'SUU-UPD-BG03-O.southwoodshealth.com',
			'SWEC-JORYBPC2.southwoodshealth.com',
			'OMS-RM02.omsllc.net',
			'SUU-BG03.southwoodshealth.com',
			'swh-repich.southwoodshealth.com',
			'SWH-CRUMB5820.southwoodshealth.com',
			'SUU-T-ISMARIADB.southwoodshealth.com',
			'OMSPROD.omsllc.net',
			'OMS-GPT.omsllc.net',
			'SWH-STI.southwoodshealth.com',
			'SWH-DSC2.southwoodshealth.com',
			'LCODC2.thelakeclubohio.com',
			'SWHPC-MDIETZ1.southwoodshealth.com',
			'OMS-PS01.omsllc.net',
			'PSO-PAINTRACKER.southwoodshealth.com',
			'SUU-UPD-BG01-O.southwoodshealth.com',
			'SUU-HH-TS01.southwoodshealth.com',
			'SWH-DATACOM.southwoodshealth.com',
			'SWH-CBOYER.southwoodshealth.com',
			'SUU-WI-WAS01.southwoodshealth.com',
			'WIN-5IUPTG253MU',
			'SUU-TS02.southwoodshealth.com',
			'OMSDC4.omsllc.net',
			'SWH250-DATACOM.southwoodshealth.com',
			'SUU-DR02.southwoodshealth.com',
			'SWH-MLEWIS.southwoodshealth.com',
			'SWH-FDBSQL.southwoodshealth.com',
			'SWHPC-4BOR.southwoodshealth.com',
			'SWHPC-JNOCA8.southwoodshealth.com',
			'SWHPC-DRAY.southwoodshealth.com',
			'SWH-PREOPCALL01.southwoodshealth.com',
			'SWH-IMEDSQL-T.southwoodshealth.com',
			'SUU-CM03.southwoodshealth.com',
			'SWH-FFT.southwoodshealth.com',
			'SUU-TWI-ADFS.southwoodshealth.com',
			'OMS-RM.omsllc.net',
			'SUU-WI-WAS08.southwoodshealth.com',
			'SWEC-AYARAB.southwoodshealth.com',
			'SUU-WI-WAST01.southwoodshealth.com',
			'SWH-TRAINING17.southwoodshealth.com',
			'SWIDC10.southwoodshealth.com',
			'SUU-WEB-TS01.southwoodshealth.com',
			'SWH-PAT3.southwoodshealth.com',
			'SWEC-MPHILLIPS.southwoodshealth.com',
			'MT-Template',
			'SUU-CM01.southwoodshealth.com',
			'SWH-DRFIRST.southwoodshealth.com',
			'SWEC-JORYBPC.southwoodshealth.com',
			'SUU-WI-WAS01.southwoodshealth.com',
			'PSO-DLEACH.southwoodshealth.com',
			'SUU-WEB-BG01.southwoodshealth.com',
			'SUU-PS03.southwoodshealth.com',
			'SWH-PACZAK.southwoodshealth.com',
			'SUU-WI-WEB01-O.southwoodshealth.com',
			'SWH-SQL.southwoodshealth.com',
			'SWH-BLAPP-P.southwoodshealth.com',
			'SUU-BG06.southwoodshealth.com',
			'SUU-WEB-WS02-O.southwoodshealth.com',
			'SUU-WI-WAS13.southwoodshealth.com',
			'SWH-DYNACAD.southwoodshealth.com',
			'CTX-APPS2.omsllc.net',
			'SWH-DC.southwoodshealth.com',
			'SWH-EXPERIAN-P.southwoodshealth.com',
			'SUU-ISWEB.southwoodshealth.com',
			'SWH-CITRIX1-T.southwoodshealth.com',
			'SPS-AWADALLA4.southwoodshealth.com',
			'SUU-BG07.southwoodshealth.com',
			'SUU-WI-WAS07.southwoodshealth.com',
			'WIN-5IUPTG253MU',
			'SWH-CDM-O.southwoodshealth.com',
			'LCO-DCONFOEY.thelakeclubohio.com',
			'SPS-JSITLER.southwoodshealth.com',
			'SUU-WI-WAS04.southwoodshealth.com',
			'SWH-ACTIVESQL.southwoodshealth.com',
			'CTXOMSAPP2.omsllc.net',
			'SUU-WI-ADFS01.southwoodshealth.com',
			'SWH-PYXISCCE-T.southwoodshealth.com',
			'SUU-TWI-WEB01.southwoodshealth.com',
			'LCOPC-DWEBB.thelakeclubohio.com',
			'SUU-WEB-WS01.southwoodshealth.com',
			'SUU-BG04.southwoodshealth.com',
			'WIN-7I05RVQHCS6',
			'LCODC3.thelakeclubohio.com',
			'SWHPC-BORREST.southwoodshealth.com',
			'SWH-TRAINING5.southwoodshealth.com',
			'SUU-BG11.southwoodshealth.com',
			'SUU-WI-ADFSPXY.southwoodshealth.com',
			'SUU-TS01-O.southwoodshealth.com',
			'SWHPC-NGAJDOS.southwoodshealth.com',
			'SWHPC-JNOCA5.southwoodshealth.com',
			'CTXAPP4.southwoodshealth.com',
			'SWH-PYXISAIO.southwoodshealth.com',
			'SUU-FS05.southwoodshealth.com',
			'CTXCLOUD5.southwoodshealth.com',
			'SPS-REG04.southwoodshealth.com',
			'SWH-EXPERIAN-T.southwoodshealth.com',
			'SUU-WI-WEB03-O.southwoodshealth.com',
			'LCO-PROSHOP.thelakeclubohio.com',
			'SUU-RM01.southwoodshealth.com',
			'SWEC-JIMMYICE.southwoodshealth.com',
			'MT-Template.southwoodshealth.com',
			'PSO-DICT5.southwoodshealth.com',
			'SWHPC-DESIMPSON.southwoodshealth.com',
			'swh-repich.southwoodshealth.com',
			'LCO-POOL-DESK.thelakeclubohio.com',
			'SUU-BG07.southwoodshealth.com',
			'SUU-WEB-WS03.southwoodshealth.com',
			'SWHPC-JENC.southwoodshealth.com',
			'SWEC-NORRIS.omsllc.net',
			'SWH-HEART3.southwoodshealth.com',
			'LCO-FS01-O.thelakeclubohio.com',
			'PSO-ACAMPBELL.southwoodshealth.com',
			'SUU-PS01.southwoodshealth.com',
			'SUU-BG11.southwoodshealth.com',
			'OMSDC5.omsllc.net',
			'SUU-WI-WAS12.southwoodshealth.com',
			'SWEC-JORYB01.southwoodshealth.com',
			'SWH-GAJDOS.southwoodshealth.com',
			'OMS-GP.omsllc.net',
			'SWH-CONDUSIV.southwoodshealth.com',
			'SWH-ACTIVEAPP.southwoodshealth.com',
			'SWH-CITRIX2.southwoodshealth.com',
			'SWHPC-MATMGMT.southwoodshealth.com',
			'SUU-UPD-BG02-O.southwoodshealth.com',
			'OMSPC-JVALLIA.omsllc.net',
			'SWH-CCURE.southwoodshealth.com',
			'SWH-GMED.southwoodshealth.com',
			'SWH-ITIMAGE.southwoodshealth.com',
			'DSCDC1.southwoodshealth.com',
			'SWH-SUMMITP.southwoodshealth.com',
			'CTXOMSAPP02.omsllc.net',
			'SUU-BG02.southwoodshealth.com',
			'CTXAPP3.southwoodshealth.com',
			'OMSPC-GREGY.omsllc.net',
			'CTX-APPS1.southwoodshealth.com',
			'SUU-FS04.southwoodshealth.com',
			'SUU-T-ISWEB.southwoodshealth.com',
			'SWH-TRAINING8.southwoodshealth.com',
			'SWH-PENDRAD.southwoodshealth.com',
			'SPS-DRBIONDI.southwoodshealth.com',
			'SUU-WEB-WS03-O.southwoodshealth.com',
			'SUU-CM01.southwoodshealth.com',
			'HCPC-DOCTOR05.southwoodshealth.com',
			'SWH-BLSQL.southwoodshealth.com',
			'SUU-BG05.southwoodshealth.com',
			'OMSPC-TRAVEL.omsllc.net',
			'SWH-MWATSON.southwoodshealth.com',
			'SUU-UPD-BG02.southwoodshealth.com',
			'LCO-LONA.thelakeclubohio.com',
			'SUU-BG01.southwoodshealth.com',
			'SWH-IMEDAPP-T.southwoodshealth.com',
			'SWHPC-MALDO.southwoodshealth.com',
			'OMSNETWORKER01.omsllc.net',
			'SWH-TRAINING10.southwoodshealth.com',
			'SWH-ZSHORT.southwoodshealth.com',
			'MURDC3.muranskyco.com',
			'AM-SQLSERVER.southwoodshealth.com',
			'SUU-DR01.southwoodshealth.com',
			'MT-Template.southwoodshealth.com',
			'SWH-SCAVINA.southwoodshealth.com',
			'RPFL014-2.omsllc.net',
			'SWHMT-CARTPC61.southwoodshealth.com',
			'SPS-ABEIL.southwoodshealth.com',
			'SUU-WI-ADFS02.southwoodshealth.com',
			'SUU-T-TS01.southwoodshealth.com',
			'SWH-TRAINING6.southwoodshealth.com',
			'SUU-SCABG-O.southwoodshealth.com',
			'HCPC-HEART19.southwoodshealth.com',
			'SWH-PYXISCCE-P.southwoodshealth.com',
			'SUU-T-BG02.southwoodshealth.com',
			'OMSPC-ADUSKEY.omsllc.net',
			'SWH-KMS.southwoodshealth.com',
			'2021-EMCGOLD',
			'SUU-BG09.southwoodshealth.com',
			'SUU-WEB-BG02-O.southwoodshealth.com',
			'SWH-FF.southwoodshealth.com',
			'OMSWEB01.omsllc.net',
			'SUU-HH-FS01.southwoodshealth.com',
			'SWH-TKSL.southwoodshealth.com',
			'SUU-RM02.southwoodshealth.com',
			'SUU-RM01.southwoodshealth.com',
			'SWH-HEART1.southwoodshealth.com',
			'OMSPROD01.omsllc.net',
			'SWH-ITSHARE.southwoodshealth.com',
			'SWHDC6.southwoodshealth.com',
			'SWH-CYOCUM.southwoodshealth.com',
			'SWH-CARDIO2.southwoodshealth.com',
			'SUU-UPD-BG01.southwoodshealth.com',
			'SUU-CM02.southwoodshealth.com',
			'SWH-AUTHELLO.southwoodshealth.com',
			'OMS-RM01.omsllc.net',
			'SUU-BG10.southwoodshealth.com',
			'SWH-SSLEPSKI.southwoodshealth.com',
			'SUU-ISWEB02.southwoodshealth.com',
			'SWPS-YOSSEF9.southwoodshealth.com',
			'SWH-ORCART03.southwoodshealth.com',
			'SWH-NIAGRA.southwoodshealth.com',
			'SUU-BG08.southwoodshealth.com',
			'SWH-MBURAZER.southwoodshealth.com',
			'SUU-CM02.southwoodshealth.com',
			'SUU-WEB-WS01-O.southwoodshealth.com',
			'OMSSQL1.omsllc.net',
			'SWH-TKGW.southwoodshealth.com',
			'SUU-T-FS02.southwoodshealth.com',
			'SWH-DROSSI.southwoodshealth.com',
			'SUU-HH-AS01.southwoodshealth.com',
			'SUU-WEB-TS01-O.southwoodshealth.com',
			'SWH-TRAINING11.southwoodshealth.com',
			'SUU-WI-WAS09.southwoodshealth.com',
			'SWEC-JORYBPC3',
			'SUU-WI-WEB02.southwoodshealth.com',
			'SWH-TRAINING15.southwoodshealth.com',
			'SUU-ISMARIADB.southwoodshealth.com',
			'SWH-HILLROM.southwoodshealth.com',
			'PSO-BHOFUS.southwoodshealth.com',
			'SWH-FILEAUDIT.southwoodshealth.com',
			'SUU-SCAIMAGE-O.southwoodshealth.com',
			'SUU-HH-BG01.southwoodshealth.com',
			'SWIVUE1.carestream.com',
			'SWH-TRAINING13.southwoodshealth.com',
			'SWH-FFT-T.southwoodshealth.com',
			'SWH-CRUMB.southwoodshealth.com',
			'2021-EMCGOLD',
			'SWHPC-JLASHER.southwoodshealth.com',
			'OMS-FS02.omsllc.net',
			'SWH-SDAVENPORT.southwoodshealth.com',
			'SWH-CBOYER.southwoodshealth.com',
			'CTXCLOUD1.southwoodshealth.com',
			'SWH-NUC.southwoodshealth.com',
			'LCO-FS02.thelakeclubohio.com',
			'MT-Template.southwoodshealth.com',
			'SUU-WI-WAS06.southwoodshealth.com',
			'SUU-T-FS01.southwoodshealth.com',
			'WIN-5IUPTG253MU',
			'SWH-SUMMITT.southwoodshealth.com',
			'OMS-SANDBOX.omsllc.net',
			'CTXOMSAPP01.omsllc.net',
			'CTXAPP2.southwoodshealth.com',
			'CTX-WIN10.southwoodshealth.com',
			'SUU-TWI-MYSQL.southwoodshealth.com',
			'SWH-TRAUMACAD.southwoodshealth.com',
			'SUU-CM03.southwoodshealth.com',
			'SWEC-NTODD.southwoodshealth.com',
			'SWH-AUTH1.southwoodshealth.com',
			'NORRIS-BIGDOG.omsllc.net',
			'CTXAPP1.southwoodshealth.com',
			'SWI-17.southwoodshealth.com',
			'SWH-INTRANET.southwoodshealth.com',
			'SUU-TS01.southwoodshealth.com',
			'SWHPC-JNOCA8.southwoodshealth.com',
			'SWH-PYXISAIO-T.southwoodshealth.com',
			'SWH-UNIPOC1.southwoodshealth.com',
			'2020-Gold',
			'PSO-SCANNING.southwoodshealth.com',
			'SWEC-MATTYICE.southwoodshealth.com',
			'SWH-DRFIRST.southwoodshealth.com',
			'SWHPC-JNOCA7.southwoodshealth.com',
			'SUU-WI-MYSQL01.southwoodshealth.com',
			'SWH-RM01.southwoodshealth.com',
			'SUU-HH-TWAS01.southwoodshealth.com',
			'SWH-BO.southwoodshealth.com',
			'SWH-TRENDENC.southwoodshealth.com',
			'SUU-WI-WAS02.southwoodshealth.com',
			'SWH-AUTH2.southwoodshealth.com',
			'EXCHANGE2016.muranskyco.com',
			'SWEC-JORYBWFH.southwoodshealth.com',
			'SUU-WI-WAS05.southwoodshealth.com',
			'SUU-BG02.southwoodshealth.com',
			'CTXAPP4.southwoodshealth.com',
			'SUU-WEB-WS02.southwoodshealth.com',
			'SUU-BG08.southwoodshealth.com',
			'SWH-TRAINING09.southwoodshealth.com',
			'SUU-DRBG02.southwoodshealth.com',
			'SUU-WI-WAST02.southwoodshealth.com',
			'CTXOMSAPP2.omsllc.net',
			'LCOPC-MMATTHEWS.thelakeclubohio.com',
			'SUU-WEB-PDI02.southwoodshealth.com',
			'SUU-WEB-BG01-O.southwoodshealth.com',
			'SUU-FS03.southwoodshealth.com',
			'SWH-ADV.southwoodshealth.com',
			'SWH-MDSOLVAPP01.southwoodshealth.com',
			'OMSDEV01.omsllc.net',
			'SUU-FS01.southwoodshealth.com',
			'OMS-FS01.omsllc.net',
			'SWH-MMILLER.southwoodshealth.com',
			'SWH-UNI.southwoodshealth.com',
			'SWH-TRAINING2.southwoodshealth.com',
			'SWH-UNIPOC-T',
			'SWH-CTXDDC1.southwoodshealth.com',
			'SWH-EIS',
			'swhcdrad.southwoodshealth.com',
			'WIN-BGMMMIFUSM2',
			'SWH-TRAINING14.southwoodshealth.com',
			'SWHMT-CARTPC20.southwoodshealth.com',
			'SUU-RM02.southwoodshealth.com',
			'SUU-BG09.southwoodshealth.com',
			'SWH-CARDIO1.southwoodshealth.com',
			'OMSPC-ADUSKEY.omsllc.net',
			'SUU-PS01-T.southwoodshealth.com',
			'SWH-FS02.southwoodshealth.com',
			'SUU-UPD-BG03.southwoodshealth.com',
			'SWH-TRAINING12.southwoodshealth.com',
			'SUU-BG01.southwoodshealth.com',
			'PSO-JMURANSKY.southwoodshealth.com',
			'OMSPC-ADUSKEY.omsllc.net',
			'SUU-WI-WEB01.southwoodshealth.com',
			'2021-EMCGOLD',
			'SUU-BG12.southwoodshealth.com',
			'swipc7.southwoodshealth.com',
			'SWHPC-GAJDOS.southwoodshealth.com',
			'LCOPC-DIGAETANO.thelakeclubohio.com',
			'SUU-T-CM01.southwoodshealth.com',
			'SWH-CDM2.southwoodshealth.com',
			'SWH-EFAX.southwoodshealth.com',
			'SUU-WI-WAS03.southwoodshealth.com',
			'SWH-RADCOM.southwoodshealth.com',
			'SWH-SQL02.southwoodshealth.com',
			'SWH-LFIEST.southwoodshealth.com',
			'OMS-GREG.omsllc.net',
			'SWH-BLAPP-T.southwoodshealth.com',
			'SWHPC-DESIMPSON.southwoodshealth.com',
			'SWH-SDAVENPORT.southwoodshealth.com',
			'SUU-ISWEB-O.southwoodshealth.com',
			'SUU-WEB-PDI.southwoodshealth.com',
			'SUU-WI-WAS03.southwoodshealth.com',
			'CTXCLOUD4.omsllc.net',
			'SWH-FS01.southwoodshealth.com',
			'SUU-SCAIMAGE.southwoodshealth.com',
			'SWH-HEART2.southwoodshealth.com',
			'HCPC-HEART17.southwoodshealth.com',
			'SUU-WI-WAS04.southwoodshealth.com',
			'SWEC-DEETWO.southwoodshealth.com',
			'SWHPC-CRUMBXPS.southwoodshealth.com',
			'PSOPC-JMURANSKY.southwoodshealth.com',
			'SUU-WI-WEB03.southwoodshealth.com',
			'SUU-SCABG.southwoodshealth.com',
			'SUU-WI-WAS05.southwoodshealth.com',
			'SWH-CTXDDC4.southwoodshealth.com',
			'SWH-CARDIO3.southwoodshealth.com',
			'SWHDC8.southwoodshealth.com',
			'SPS-JAFFER1.southwoodshealth.com',
			'WIN-BGMMMIFUSM2',
			'SUU-WI-ADFSP-O.southwoodshealth.com',
			'SUU-TS02-O.southwoodshealth.com',
			'CTXAPP5.southwoodshealth.com',
			'SUU-WI-WEB02-O.southwoodshealth.com',
			'SUU-T-TS02.southwoodshealth.com',
			'SWH-CODING.southwoodshealth.com',
			'MT-Template',
			'CTXWIN02.southwoodshealth.com',
			'SWHPC-JNOCA11.southwoodshealth.com',
			'SUU-WI-WAS02.southwoodshealth.com',
			'SWH-APEX1.southwoodshealth.com',
			'SUU-BG06.southwoodshealth.com',
			'SPS-JAFFER03.southwoodshealth.com',
			'OMSPC-GREGY.omsllc.net',
			'SPS-UNI8.southwoodshealth.com',
			'SWH-PS01.southwoodshealth.com',
			'SWH-MDSOLV01.southwoodshealth.com',
			'SUU-TEK-TEST-T.southwoodshealth.com',
			'SWH-BORREST.southwoodshealth.com',
			'MURDC1.muranskyco.com',
			'LCO-FS01.thelakeclubohio.com',
			'SWH-EMG.southwoodshealth.com',
			'MT-Template',
			'SUU-ISMARIADB-O.southwoodshealth.com',
			'SWH-CITRIX1.southwoodshealth.com',
			'SWH-DQ3W5S2.southwoodshealth.com',
			'SWH-ORDISPLAY.southwoodshealth.com',
			'CTXOMSAPP1.omsllc.net',
			'MURDC4.muranskyco.com',
			'SWHMT-CARTPC20.southwoodshealth.com',
			'SWH-NETWORKER.southwoodshealth.com',
			'SUU-WI-WAS10.southwoodshealth.com',
			'SWHPC-DCRUMB22.southwoodshealth.com',
			'SUU-WI-WAST01-O.southwoodshealth.com',
			'SUU-BG03.southwoodshealth.com',
			'SWH-IMEDAPP.southwoodshealth.com',
			'SWH-DELTA.southwoodshealth.com',
			'SPS-DRDAVANZO.southwoodshealth.com',
			'HCPC-DOCTOR1.southwoodshealth.com'
		]
	},
	{
		"Customer Name": 'Tobii DynaVox',
		assets: [
			'SEVISTRM30.tbdvox.com',
			'DVOXPITPAMCWEB1.tbdvox.com',
			'SERDGW10.tbdvox.com',
			'padeployops03.tbdvox.com',
			'SETWRTCMSPE30.tbdvox.com',
			'LCLREMOTE01.tbdvox.com',
			'dvoxpitpafs01.tbdvox.com',
			'PAFOGBUGSRV01.tbdvox.com',
			'SEAAROTRM30.tbdvox.com',
			'SESQL31.tbdvox.com',
			'DVOXPITPARDS01.tbdvox.com',
			'SEFILE30.tbdvox.com',
			'PAADMINCENTER01.tbdvox.com',
			'DVOXPITPARDS02.tbdvox.com',
			'SETWRTTRM30.tbdvox.com',
			'PAPRTSRV01.tbdvox.com',
			'parptsrv01.tbdvox.com',
			'dvoxpitpabld01.tbdvox.com',
			'PAREBISRV01.tbdvox.com',
			'SEGATEWAY30.tbdvox.com',
			'SEDA01.tbdvox.com',
			'SEVISTRM40.tbdvox.com',
			'SEVISAPP40.tbdvox.com',
			'dvoxpitpabld02.tbdvox.com',
			'DVOXPITPATIM01.tbdvox.com',
			'DVOXPITPALCL01.tbdvox.com',
			'PAAZADSRV01.tbdvox.com',
			'DVOXPITPAEPDM02.tbdvox.com',
			'PADEPLOYARC01.tbdvox.com',
			'lclremote02.tbdvox.com',
			'PASECSRV01.tbdvox.com',
			'PAFTPSRV01.tbdvox.com',
			'PADISSRV01.tbdvox.com',
			'SENPS01.tbdvox.com',
			'paintsrv01.tbdvox.com',
			'PADEPLOYSRV02.tbdvox.com',
			'SEPRINT30.tbdvox.com',
			'DVOXPITPAMCDB1.tbdvox.com',
			'SELABEL30.tbdvox.com',
			'PASQLBI02.tbdvox.com',
			'PADC04.tbdvox.com',
			'SEAAROAPP30.tbdvox.com',
			'dvoxpitparnd1.tbdvox.com',
			'SECA01.tbdvox.com',
			'DVOXPITPAFS02.tbdvox.com',
			'PABIGWSRV01.tbdvox.com',
			'SEVISAPP30.tbdvox.com',
			'PAGPDBSRV01.tbdvox.com',
			'SESQL41.tbdvox.com',
			'PANOCSRV02.tbdvox.com',
			'PADC03.tbdvox.com',
			'SEFINANCETRM30.tbdvox.com',
			'PARDSSRV02.tbdvox.com',
			'sedc01.tbdvox.com',
			'SEPOPSICLE30.tbdvox.com',
			'SEADMINCENTER30.tbdvox.com',
			'sendes01.tbdvox.com',
			'PACRMSRV02.tbdvox.com',
			'sedeploysrv17.tbdvox.com',
			'ecommerce02.tbdvox.com',
			'DVOXPITPACRM01.tbdvox.com',
			'PARDLSRV01.tbdvox.com',
			'PADEPLOYSRV05.tbdvox.com',
			'ecommerce01.tbdvox.com',
			'sevisrds11.tbdvox.com',
			'SESQL30.tbdvox.com'
		]
	},
	{
		"Customer Name": 'Allan S. Goodman',
		assets: [
			'ASG02.asg.com',
			'ASG-WIN11-LAP06.asg.com',
			'ASG-WIN7-013.asg.com',
			'DESKTOP-KA3MFAQ',
			'ASG-WIN7-LAP05.asg.com',
			'ASG-WIN10-ZZ.asg.com',
			'ASG-WIN11-LAP09.asg.com',
			'ChrisB2016.asg.com',
			'ASG-WIN10-PEPE.asg.com',
			'ROGO-ACCTG2.asg.com',
			'rogosls06',
			'ASG-VCENTER01.asg.com',
			'ASG-WIN10-AR.asg.com',
			'asg-Roadnet.asg.com',
			'ASG-LAPTOP.asg.com',
			'ASG-WIN10-TT.asg.com',
			'asg-Roadnet.asg.com',
			'ASG-DC2.asg.com',
			'ASG-DC02.asg.com',
			'asg-win10-RR.asg.com',
			'ASG-WIN11-LAP02.asg.com',
			'ASG-VCENTER01.asg.com',
			'ASG-WIN11-LAP10.asg.com',
			'ASG-WIN10-JD.asg.com',
			'ASG-VISIO.asg.com',
			'ASG-WIN10-002.asg.com',
			'ASG-WIN10-ML.asg.com',
			'asg-dr-laptop.asg.com',
			'asg-win10-mlo.asg.com',
			'bcarrollLaptop.asg.com',
			'ASG-WIN10-CARL.asg.com',
			'ASG-WIN10-004.asg.com',
			'ASG-VISIO.asg.com',
			'asg-win11-rf.asg.com',
			'ASG-Inventiv.asg.com',
			'asg-Roadnet.asg.com',
			'ASG-VCENTER01.asg.com',
			'ASG-WIN7-LAP03.asg.com',
			'ASG-SQL2016.asg.com',
			'ASG-WIN10-006.asg.com',
			'ASG-SQL2016.asg.com',
			'ASG-APP-DB.asg.com',
			'ASG-WIN10-DR.asg.com',
			'ASG-DC01.asg.com',
			'DESKTOP-OLTE321',
			'ASG-WIN11-LAP06.asg.com',
			'rogo-win7-020.asg.com',
			'ASG-WIN11-LAP05.asg.com',
			'asg-win10-ep1.asg.com',
			'ASG-WIN10-JZ.asg.com',
			'rf-laptop',
			'ASG-Print2.asg.com',
			'ASG-WIN11-LAP01.asg.com',
			'ASG-LAP10-RF.asg.com',
			'ASG-WIN10-CU.asg.com',
			'ASG-WIN10-005.asg.com',
			'ASG-WIN10-001.asg.com',
			'asg-win10-ha.asg.com',
			'asg-Roadnet.asg.com',
			'asg-Roadnet.asg.com',
			'ASG-SQL2016.asg.com',
			'ASG-SQL2016.asg.com',
			'asg-globalsearch.asg.com',
			'ROGER-WIN7.asg.com',
			'ASG-WIN11-LAP07.asg.com',
			'ASG-WIN10-RM1.asg.com',
			'Rogo-Inventiv.asg.com',
			'ASG-WIN7-004.asg.com',
			'asg-Roadnet.asg.com',
			'ASG-WIN10-SC.asg.com',
			'ASG-SQL2016.asg.com',
			'asg-win10-dh.asg.com',
			'65ROBERTS-CAMERAS',
			'ASG-WIN11-LAP03.asg.com',
			'ASG-AppriseAPP2.asg.com',
			'DIVER02.asg.com',
			'ASG-WIN10-010.asg.com',
			'ASG-WIN7-007.asg.com',
			'ROGO-DC01.asg.com',
			'ASG-EDI.asg.com',
			'asg-win10-009.asg.com',
			'ASG-LAP10-AS.asg.com',
			'ASG-WIN10-SC.asg.com',
			'ASG-CAMERAS',
			'ASG-SQL2016.asg.com',
			'ASG-AppriseTS2.asg.com',
			'ASG-Diver.asg.com',
			'ASG-WIN11-RR.asg.com',
			'ROGO-WIN7-003.asg.com',
			'ASG-WIN10-JS.asg.com',
			'ASG-GRAPHICS3.asg.com',
			'ASG-WIN10-007.asg.com',
			'ASG-WIN10-011.asg.com',
			'asg-Roadnet.asg.com',
			'ASG-WIN11-LAP04.asg.com',
			'asgwhse03.asg.com',
			'ASG-DC1.asg.com',
			'ASG-LAPTOP-BS.asg.com',
			'ASG-WIN10-LAP11.asg.com',
			'ASG-DC02.asg.com',
			'ASG-WIN10-JS.asg.com',
			'asg-Roadnet.asg.com',
			'ASG-DC03.asg.com',
			'ASG-WIN11-MS.asg.com',
			'ASG-FS01.asg.com',
			'ASG-WIN10-DR2.asg.com',
			'ASG-SQL2016.asg.com',
			'ASG-WIN10-002.asg.com',
			'ASG-APP-WEB.asg.com',
			'ASG-SQL2016.asg.com',
			'asg-Roadnet.asg.com',
			'ASG-WIN10-NB.asg.com',
			'rogographics01.asg.com',
			'ASG-WIN10-RF.asg.com',
			'ASG-AppriseDB02.asg.com',
			'ROGO-WIN7-006.asg.com',
			'asg-Roadnet.asg.com',
			'ROGO-WIN7-009.asg.com',
			'ASG-WIN11-LAP08.asg.com',
			'ASG03.asg.com',
			'asg-win10-lg.asg.com'
		]
	},
	{
		"Customer Name": 'Tucker Arensberg, P.C.',
		assets: [
			'aderantsql.Tuckerlaw.local',
			'wssql.Tuckerlaw.local',
			'aderantapps01.Tuckerlaw.local',
			'PGHFS01.Tuckerlaw.local',
			'pghlackner.Tuckerlaw.local',
			'pghftp2.Tuckerlaw.local',
			'PGHARCHIVE01.Tuckerlaw.local',
			'pghmis01.Tuckerlaw.local',
			'airwatchseg.Tuckerlaw.local',
			'pghsql01.Tuckerlaw.local',
			'wscomm.Tuckerlaw.local',
			'printsrv01.Tuckerlaw.local',
			'PGHDICTATION.Tuckerlaw.local',
			'pghadfs01.Tuckerlaw.local',
			'APPS01.Tuckerlaw.local',
			'PGHDC01.Tuckerlaw.local',
			'aderantaux.Tuckerlaw.local',
			'EXCHANGE01.Tuckerlaw.local',
			'DC01.Tuckerlaw.local',
			'aderantadmin.Tuckerlaw.local',
			'pghcopitrak2.Tuckerlaw.local',
			'DMS01.Tuckerlaw.local',
			'pghduo01.Tuckerlaw.local',
			'aderantapps02.Tuckerlaw.local',
			'wsindex.Tuckerlaw.local',
			'wspreview.Tuckerlaw.local',
			'PGHADFSPXY-01',
			'PGHSCCM.Tuckerlaw.local',
			'DC02.Tuckerlaw.local',
			'pghcasemax.Tuckerlaw.local',
			'PGHDC02.Tuckerlaw.local',
			'aderanttest.Tuckerlaw.local'
		]
	},
	{
		"Customer Name": 'Westmoreland Mechanical Testing & Research, Inc.',
		assets: [
			'14-901.wmtr.com',
			'14-CURVEFIT4.wmtr.com',
			'AP14-WEBSERV01.wmtr.com',
			'YT-SAFRAN.wmtr.com',
			'14-CURVEFIT8.wmtr.com',
			'H319.wmtr.com',
			'209-981.wmtr.com',
			'WMYT-AV01.wmtr.com',
			'YT-5000.wmtr.com',
			'209-AN100.wmtr.com',
			'14-903b.wmtr.com',
			'UK-SH-01.wmtr.com',
			'UK-JMARQUES.wmtr.com',
			'YT-SPRecFront.wmtr.com',
			'AP14-H15C.wmtr.com',
			'209-978.wmtr.com',
			'MRROSSIPC',
			'14-Cart2.wmtr.com',
			'YT-Studer01.wmtr.com',
			'WMUK-DC03.wmtr.com',
			'14-CURVEFIT3.wmtr.com',
			'YT-556.wmtr.com',
			'YT-LCFscan.wmtr.com',
			'H117.wmtr.com',
			'14-H1C.wmtr.com',
			'14-902.wmtr.com',
			'YT-METAL53.wmtr.com',
			'YT-METANA05.wmtr.com',
			'14-881C.wmtr.com',
			'YT-783.wmtr.com',
			'H267.wmtr.com',
			'AP14-CURVEFIT10.wmtr.com',
			'YT-METAL71.wmtr.com',
			'UK-SH-19.wmtr.com',
			'YT-770.wmtr.com',
			'H92.wmtr.com',
			'H5A.wmtr.com',
			'AP14-Office4.wmtr.com',
			'14-CURVEFIT5.wmtr.com',
			'H76-10.wmtr.com',
			'YT-METANA02.wmtr.com',
			'AP209-SQL01.wmtr.com',
			'YT-LAP01.wmtr.com',
			'WMYT-001B.wmtr.com',
			'YT-QA52.wmtr.com',
			'209-INSP001.wmtr.com',
			'yt-status.wmtr.com',
			'AP209-NETMON01.wmtr.com',
			'WMYT-DW001.wmtr.com',
			'14-ConfRoom1.wmtr.com',
			'WMTR-WEBSERV.wmtr.com',
			'WMTR-Helpdesk.wmtr.com',
			'AP14-SQLRPT01.wmtr.com',
			'YT-355.wmtr.com',
			'YT-5002a.wmtr.com',
			'YT-RECEPT.wmtr.com',
			'14-863.wmtr.com',
			'H70AP.wmtr.com',
			'CURVEFIT5.wmtr.com',
			'AP14-E5c.wmtr.com',
			'UK-SH-02.wmtr.com',
			'YT-261.wmtr.com',
			'AP14-CURVEFIT2.wmtr.com',
			'WMYT-CA01.wmtr.com',
			'YT-402.wmtr.com',
			'YT-662.wmtr.com',
			'YT-DIC05.wmtr.com',
			'YT-1055.wmtr.com',
			'YT-FracScan.wmtr.com',
			'YT-5010.wmtr.com',
			'UK-PC01.wmtr.com',
			'AP14-WEBSERV01.wmtr.com',
			'YT-SP090.wmtr.com',
			'YT-557.wmtr.com',
			'UK-LAP12.wmtr.com',
			'WMYT-PRT01.wmtr.com',
			'YT-FracScan.wmtr.com',
			'YT-fracoffSCAN.wmtr.com',
			'YT-SP022.wmtr.com',
			'DESKTOP-HK77OI6.wmtr.com',
			'14-Post-Insp.wmtr.com',
			'14-TV2.wmtr.com',
			'H122.wmtr.com',
			'14-CURVEFIT6.wmtr.com',
			'YT-MECHENG06.wmtr.com',
			'YT-1231.wmtr.com',
			'yt-stressremote.wmtr.com',
			'YT-SP090a.wmtr.com',
			'YT-METANA03.wmtr.com',
			'YT-1052.wmtr.com',
			'WMYT-FS03.wmtr.com',
			'YT-65.wmtr.com',
			'14-CURVEFIT02.wmtr.com',
			'M5C.wmtr.com',
			'H89.wmtr.com',
			'H113AP-10.wmtr.com',
			'WMYT-APPS01.wmtr.com',
			'AP209-DFSR01.wmtr.com',
			'YT-INSP1.wmtr.com',
			'WMYT-SANMGR.wmtr.com',
			'AP14-THERMALC2.wmtr.com',
			'209-MetScope3.wmtr.com',
			'YT-273.wmtr.com',
			'YT-260.wmtr.com',
			'WMYT-FAX01.wmtr.com',
			'YT-1124.wmtr.com',
			'YT-751.wmtr.com',
			'YT-200.wmtr.com',
			'UK10-PC2.wmtr.com',
			'H293.wmtr.com',
			'YT-SPINSP.wmtr.com',
			'UK-SH-20.wmtr.com',
			'H236.wmtr.com',
			'YT-253.wmtr.com',
			'WMUK-SQL01.wmtr.com',
			'H106.wmtr.com',
			'H50.wmtr.com',
			'UK10-PC8.wmtr.com',
			'YT-1052.wmtr.com',
			'YT-SW0013.wmtr.com',
			'WMYT-ODBCSQL.wmtr.com',
			'209-100.wmtr.com',
			'AP14-M12C.wmtr.com',
			'YT-PinkLaptop.wmtr.com',
			'YT-1056.wmtr.com',
			'DESKTOP-LNJIJNE',
			'YT-1055.wmtr.com',
			'ap209-dsql01.wmtr.com',
			'H211.wmtr.com',
			'14-CURVEFIT01.wmtr.com',
			'H90APA.wmtr.com',
			'YT-99.wmtr.com',
			'H57AP.wmtr.com',
			'14-856.wmtr.com',
			'H95A.wmtr.com',
			'uk-satkins.wmtr.com',
			'WMUK-WEBSERV01.wmtr.com',
			'14-CURVEFIT1.wmtr.com',
			'14-904.wmtr.com',
			'14-883.wmtr.com',
			'YT-795.wmtr.com',
			'YT-452.wmtr.com',
			'209-MetScope2.wmtr.com',
			'YT-IT007.wmtr.com',
			'h218.wmtr.com',
			'YT-SP003.wmtr.com',
			'14-H5C.wmtr.com',
			'H82.wmtr.com',
			'H263-10a.wmtr.com',
			'uk-se-02.wmtr.com',
			'E19.wmtr.com',
			'YT-JIMROSSILAP.wmtr.com',
			'YT-768.wmtr.com',
			'YT-261.wmtr.com',
			'YT-SP116.wmtr.com',
			'WMYT-SQLRPT02.wmtr.com',
			'M19.wmtr.com',
			'YT-FracScan.wmtr.com',
			'H40.wmtr.com',
			'YT-151.wmtr.com',
			'14-H6C.wmtr.com',
			'UK3-PC.wmtr.com',
			'H24a.wmtr.com',
			'DESKTOP-MMH3V7S',
			'ap14-m13c.wmtr.com',
			'H244-10.wmtr.com',
			'CURVEFIT7.wmtr.com',
			'yt-1020.wmtr.com',
			'H205.wmtr.com',
			'AP-HeatTreat2.wmtr.com',
			'209-Excess.wmtr.com',
			'UK10-PC7.wmtr.com',
			'YT-207.wmtr.com',
			'H8AP-10.wmtr.com',
			'YT-SW0002.wmtr.com',
			'UK-ADMINUK.wmtr.com',
			'wmtr-update.wmtr.com',
			'WMYT-EXMBX01.wmtr.com',
			'YT-753.wmtr.com',
			'YT-301.wmtr.com',
			'ap14-backup.wmtr.com',
			'YT-SW0008.wmtr.com',
			'209-977.wmtr.com',
			'B209-955.wmtr.com',
			'YT-JEFFROSSITAB.wmtr.com',
			'WMTR_vFTP.wmtr.com',
			'B209-951.wmtr.com',
			'H189.wmtr.com',
			'YT-GUARDSHACK.wmtr.com',
			'H67AP.wmtr.com',
			'YT-RD05.wmtr.com',
			'YT-1200.wmtr.com',
			'studergrinder1.wmtr.com',
			'YT-170.wmtr.com',
			'CURVEFIT9.wmtr.com',
			'YT-50.wmtr.com',
			'AP14-METTLER.wmtr.com',
			'AP14-CreepTV.wmtr.com',
			'H8a.wmtr.com',
			'E15.wmtr.com',
			'YT-1054.wmtr.com',
			'YT-SP130.wmtr.com',
			'H7AP-10.wmtr.com',
			'YT-REPAIR.wmtr.com',
			'14-CreepTV.wmtr.com',
			'wmtr-HDv2.wmtr.com',
			'AP-HEATTREAT2.wmtr.com',
			'WMYT-Webserv02.wmtr.com',
			'YT-401.wmtr.com',
			'YT-DIC08.wmtr.com',
			'YT-760.wmtr.com',
			'ap14-dsql01.wmtr.com',
			'YT-354.wmtr.com',
			'WMYT-CF01.wmtr.com',
			'YT-769.wmtr.com',
			'YT-DEV03.wmtr.com',
			'YT-403.wmtr.com',
			'YT-1052.wmtr.com',
			'user-PC.wmtr.com',
			'YT-METCONF01.wmtr.com',
			'14-857.wmtr.com',
			'WMYT-VCENTER01.wmtr.com',
			'YT-METAL75.wmtr.com',
			'14-SP069.wmtr.com',
			'YT-5004.wmtr.com',
			'YT-SW0011.wmtr.com',
			'h217.wmtr.com',
			'AP14-T6C.wmtr.com',
			'YT-CORROSION01.wmtr.com',
			'WMA-BACKUP.wmtr.com',
			'YT-155.wmtr.com',
			'YT-RECEIVING01.wmtr.com',
			'YT-SP115.wmtr.com',
			'YT-DIC06.wmtr.com',
			'OXFORD-MBPF4AB6',
			'YT-MATENG38.wmtr.com',
			'YT-TENANA55.wmtr.com',
			'209-986.wmtr.com',
			'AP14-E1C.wmtr.com',
			'YT-SURFMR',
			'YT-MatEng19FracSec.wmtr.com',
			'YT-ICP',
			'YT-QACONFRM01.wmtr.com',
			'AP14-FS01.wmtr.com',
			'WMYT-SQLRPT02.wmtr.com',
			'209-300TENS.wmtr.com',
			'YT-765.wmtr.com',
			'YT-ARCSCAN14-PC',
			'YT-METSCOPE4.wmtr.com',
			'AP14-CURVEFIT9.wmtr.com',
			'YT-660.wmtr.com',
			'AP209-DC01.wmtr.com',
			'DESKTOP-UI1L6JK',
			'14-CURVEFIT05.wmtr.com',
			'M34.wmtr.com',
			'WMYT-ACSSXSQL.wmtr.com',
			'AP14-DC01.wmtr.com',
			'209-971.wmtr.com',
			'WMTR-LIMS14api.wmtr.com',
			'electronics-22.wmtr.com',
			'M12.wmtr.com',
			'YT-SWDEV08.wmtr.com',
			'YT-204.wmtr.com',
			'UK-LAP11.wmtr.com',
			'uk-sh-03.wmtr.com',
			'E4C.wmtr.com',
			'14-887Cart.wmtr.com',
			'UK-AUTOCAD1.wmtr.com',
			'H96a.wmtr.com',
			'14-PM0001.wmtr.com',
			'AP14-CURVEFIT3.wmtr.com',
			'AP14-CURVEFIT5.wmtr.com',
			'209-986.wmtr.com',
			'YT-BAGPRINT02.wmtr.com',
			'AP14-DC02.wmtr.com',
			'WMYT-WEBSERV01.wmtr.com',
			'Innotech-Server.wmtr.com',
			'209-980.wmtr.com',
			'YT-658.wmtr.com',
			'WMYT-DEV01.wmtr.com',
			'H84.wmtr.com',
			'YT-METAL32.wmtr.com',
			'YT-SW0006.wmtr.com',
			'YT-SP125.wmtr.com',
			'209-970.wmtr.com',
			'AP14-NETMON01.wmtr.com',
			'YT-301.wmtr.com',
			'209-986.wmtr.com',
			'A14-M8C.wmtr.com',
			'YT-SW0012.wmtr.com',
			'14-852.wmtr.com',
			'YT-1051.wmtr.com',
			'YT-F400.wmtr.com',
			'H29-10.wmtr.com',
			'YT-HQMONITOR02.wmtr.com',
			'WMYT-DC01.wmtr.com',
			'YT-SW0001.wmtr.com',
			'SW-0007.wmtr.com',
			'YT-1052.wmtr.com',
			'H263-10.wmtr.com',
			'YT-SP111.wmtr.com',
			'H10.wmtr.com',
			'WMYT-DC01.wmtr.com',
			'14-H5C.wmtr.com',
			'YT-MECHENG09.wmtr.com',
			'H198-11.wmtr.com',
			'H63.wmtr.com',
			'uk-sh-06.wmtr.com',
			'E21A.wmtr.com',
			'YT-775.wmtr.com',
			'14-862.wmtr.com',
			'UK11-PC.wmtr.com',
			'YT-MATENG37.wmtr.com',
			'YT-TWASSEL.wmtr.com',
			'14-E3C.wmtr.com',
			'M11C.wmtr.com',
			'M16.wmtr.com',
			'YT-790.wmtr.com',
			'YT-652.wmtr.com',
			'DESKTOP-4M8SE0I',
			'AP14-SQLRPT02.wmtr.com',
			'YT-QA0001.wmtr.com',
			'UK-SH-04.wmtr.com',
			'YT-SP140.wmtr.com',
			'YT-CCTV.wmtr.com',
			'YT-MATENG19.wmtr.com',
			'LAPTOP-PFSUQORI',
			'YT-SW0005.wmtr.com',
			'WMUK-DATAFS01.wmtr.com',
			'YT-51.wmtr.com',
			'AP209-SANMGR.wmtr.com',
			'E18.wmtr.com',
			'UK-SH-11.wmtr.com',
			'YT-822.wmtr.com',
			'YT-PrototypeB.wmtr.com',
			'wmyt-dsql01.wmtr.com',
			'YT-761.wmtr.com',
			'AP14-CURVEFIT4.wmtr.com',
			'YT-SP145.wmtr.com',
			'WMUK-LIMSRPT01.wmtr.com',
			'YT-SW0004.wmtr.com',
			'UK-SH-05.wmtr.com',
			'H7.wmtr.com',
			'YT-550.wmtr.com',
			'AP14-MASTERCAM1.wmtr.com',
			'AP209-SQLRPT01.wmtr.com',
			'YT-401.wmtr.com',
			'H23AP.wmtr.com',
			'H83.wmtr.com',
			'AP209-WEBSERV.wmtr.com',
			'YT-754.wmtr.com',
			'YT-SW0003.wmtr.com',
			'AP209-DFSR01.wmtr.com',
			'YT-MGMT02.wmtr.com',
			'CURVEFIT8.wmtr.com',
			'YT-RD04.wmtr.com',
			'H76AP.wmtr.com',
			'UK-SH-10.wmtr.com',
			'14-859.wmtr.com',
			'YT-RDMON.wmtr.com',
			'H94.wmtr.com',
			'WMYT-DC02.wmtr.com',
			'YT-767.wmtr.com',
			'E7C.wmtr.com',
			'YT-SP092.wmtr.com',
			'YT-DIC07.wmtr.com',
			'15-899.wmtr.com',
			'H93.wmtr.com',
			'UK-SH-18.wmtr.com',
			'14-884.wmtr.com',
			'H92AP.wmtr.com',
			'WMYT-HEATTREAT01.wmtr.com',
			'WMYT-FS02.wmtr.com',
			'YT-CONFERENCE1.wmtr.com',
			'YT-Purch0001.wmtr.com',
			'YT-SWDEV07.wmtr.com',
			'YT-656.wmtr.com',
			'H79-10.wmtr.com',
			'YT-SW0009.wmtr.com',
			'YT-SP026.wmtr.com',
			'M36.wmtr.com',
			'YT-766.wmtr.com',
			'YT-INNO27.wmtr.com',
			'WMTR-EXCHMGMT.wmtr.com',
			'209-959.wmtr.com',
			'ap_clerical.wmtr.com',
			'yt-667.wmtr.com',
			'YT-762.wmtr.com',
			'UK-METOFFICE02.wmtr.com',
			'WMTR-LIMS209api.wmtr.com',
			'WMUK-SQLRPT01.wmtr.com',
			'YT-101.wmtr.com',
			'YT-654.wmtr.com',
			'209-101a.wmtr.com',
			'YT-655.wmtr.com',
			'H22AP.wmtr.com',
			'UK6-PC.wmtr.com',
			'WMUK-FS02.wmtr.com',
			'H187.wmtr.com',
			'AP209-FS01A.wmtr.com',
			'AP209-DOCSERV.wmtr.com',
			'UK-METOFFICE01.wmtr.com',
			'UK-METLABSCAN.wmtr.com',
			'YT-RD04a.wmtr.com',
			'YT-HT1.wmtr.com',
			'E2C.wmtr.com',
			'H104.wmtr.com',
			'14-M8C.wmtr.com',
			'AP209-DC01.wmtr.com',
			'YT-773.wmtr.com',
			'209-TenCOMP.wmtr.com',
			'YT-TENSILE08.wmtr.com',
			'YT-METSCOPE8.wmtr.com',
			'WMUK-NETMON01.wmtr.com',
			'YT-251.wmtr.com',
			'ap14-dsql02.wmtr.com',
			'AP209-SQLRPT01.wmtr.com',
			'AP14-M1CBH.wmtr.com',
			'YT-SP089.wmtr.com',
			'A14-H8C.wmtr.com',
			'UK10-PC9.wmtr.com',
			'YT-651.wmtr.com',
			'H21.wmtr.com',
			'WMTR-Backup02.wmtr.com',
			'YT-100.wmtr.com',
			'YT-CCSURFACE.wmtr.com',
			'YT-SP027.wmtr.com',
			'H12.wmtr.com',
			'YT-DTSCAN10.wmtr.com',
			'AP14-COMPFS01.wmtr.com',
			'YT-MGMT01.wmtr.com',
			'UK-LASER-LAPTOP.wmtr.com',
			'YT-755.wmtr.com',
			'WMYT-HQSQL01.wmtr.com',
			'YT-DIC02.wmtr.com',
			'14-860.wmtr.com',
			'ap14-H5C.wmtr.com',
			'H107.wmtr.com',
			'WMTR-SHAREPOINT.wmtr.com',
			'YT-SP117.wmtr.com',
			'WMYT-FS01.wmtr.com',
			'YT-HRSURFACE1.wmtr.com',
			'YT-758A.wmtr.com',
			'NA-LT01.wmtr.com',
			'AP209-NETMON01.wmtr.com',
			'AP209-FS01.wmtr.com',
			'YT-SW0010.wmtr.com',
			'209-973.wmtr.com',
			'H61AP.wmtr.com',
			'AP209-SANMGR.wmtr.com',
			'YT-RECVS2.wmtr.com',
			'ap209-cart.wmtr.com',
			'H188.wmtr.com',
			'YT-InspectSPVSR.wmtr.com',
			'WMYT-DEV01.wmtr.com',
			'14-CURVEFIT2.wmtr.com',
			'WMYT-EXCAS01',
			'YT-METJG.wmtr.com',
			'YT-661.wmtr.com',
			'CURVEFIT4.wmtr.com',
			'AP14-M14C.wmtr.com',
			'AP14-DFSR01.wmtr.com',
			'WMUK-PRINT01.wmtr.com',
			'YT-DIC03.wmtr.com',
			'WMYT-DEVOPS01.wmtr.com',
			'DESKTOP-AQEN1V0.wmtr.com',
			'STUDERGRINDER2.wmtr.com',
			'14-858.wmtr.com',
			'WMTR-NETMON.wmtr.com',
			'209-Masters.wmtr.com',
			'YT-772.wmtr.com',
			'DESKTOP-G94F8B1',
			'yt-softdev2.wmtr.com',
			'YT-NICOLE.wmtr.com',
			'YT-MicroTrac.wmtr.com',
			'H10AP-10.wmtr.com',
			'YT-SP123.wmtr.com',
			'YT-201.wmtr.com',
			'AP14-CREEPFS01.wmtr.com',
			'WMUK-APP02.wmtr.com',
			'14-851.wmtr.com',
			'h76ap.wmtr.com',
			'H216.wmtr.com',
			'14-H9C.wmtr.com',
			'AP14-CURVEFIT6.wmtr.com',
			'209-972.wmtr.com',
			'CURVEFIT1.wmtr.com',
			'YT-271.wmtr.com',
			'M9.wmtr.com',
			'YT-QA25.wmtr.com',
			'YT-RD03.wmtr.com',
			'YT-SPFracOff.wmtr.com',
			'H17C.wmtr.com',
			'WMTR-EXT-DNS.wmtr.com',
			'WMUK-EXCH02.wmtr.com',
			'H262.wmtr.com',
			'YT-METANA04.wmtr.com',
			'H38AP.wmtr.com',
			'H64AP.wmtr.com',
			'YT-404.wmtr.com',
			'YT-1123.wmtr.com',
			'YT-774.wmtr.com',
			'H81.wmtr.com',
			'AP209-DC02.wmtr.com',
			'14-860.wmtr.com',
			'YT-756.wmtr.com',
			'YT-999.wmtr.com',
			'YT-1057.wmtr.com',
			'CURVEFIT2.wmtr.com',
			'YT-1052.wmtr.com',
			'H105.wmtr.com',
			'YT-ITAPPMON.wmtr.com',
			'YT-6700.wmtr.com',
			'YT-1052.wmtr.com',
			'WMYT-SQLRPT01.wmtr.com',
			'YT-203.wmtr.com',
			'WMYT-WINPAK01.wmtr.com',
			'AP209-FS01A.wmtr.com',
			'YT-600L.wmtr.com',
			'DESKTOP-1NQH2BG',
			'M6AP.wmtr.com',
			'YT-QUOTING06.wmtr.com',
			'AP14-CURVEFIT7.wmtr.com',
			'YT-ITNOSMGRW10.wmtr.com',
			'WMTR-MARKOV.wmtr.com',
			'YT-RECPTION.wmtr.com',
			'14-885.wmtr.com',
			'YT-JIMROSSIPC.wmtr.com',
			'uk-sh-09.wmtr.com',
			'H215.wmtr.com',
			'YT-650.wmtr.com',
			'YT-5020.wmtr.com',
			'DESKTOP-2F53HSK',
			'H12AP-10.wmtr.com',
			'WMTR-APPS.wmtr.com',
			'YT-Laptop100.wmtr.com',
			'WMYT-DEVOPS01.wmtr.com',
			'H12AP-10.wmtr.com',
			'YT-100.wmtr.com',
			'WMYT-SQLRPT02.wmtr.com',
			'14-111.wmtr.com',
			'YT-757.wmtr.com',
			'14-QACAL1.wmtr.com',
			'H90.wmtr.com',
			'AP14-DC01B.wmtr.com',
			'14-CURVEFIT9.wmtr.com',
			'H260.wmtr.com',
			'H36.wmtr.com',
			'YT-JERossi.wmtr.com',
			'14-VIKING.wmtr.com',
			'YT-353.wmtr.com',
			'HEATUPTEST',
			'AP-Milling.wmtr.com',
			'1-PC.wmtr.com',
			'YT-111.wmtr.com',
			'YT-NJSURFACE.wmtr.com',
			'AP14-CURVEFIT8.wmtr.com',
			'M7C.wmtr.com',
			'A14-H10C.wmtr.com',
			'WMYT-SQLMON01.wmtr.com',
			'14-CURVEFIT04.wmtr.com',
			'14-CURVEFIT7.wmtr.com',
			'WMYT-CF01.wmtr.com',
			'14-CURVEFIT03.wmtr.com',
			'YT-61.wmtr.com',
			'T2AP.wmtr.com',
			'AP14-DATASTAGE.wmtr.com',
			'H6AP-10.wmtr.com',
			'YT-759.wmtr.com',
			'WMYT-DFSR01.wmtr.com',
			'AP209-WEBSERV.wmtr.com',
			'CURVEFIT3.wmtr.com',
			'wmtr-LIMSHQapi.wmtr.com',
			'E16.wmtr.com',
			'H78-10.wmtr.com',
			'UK10-PC5.wmtr.com'
		]
	},
	{
		"Customer Name": 'Worksite Medical',
		assets: []
	},
	{
		"Customer Name": 'Xcoal Energy and Resources',
		assets: [
			'XCOAL-CTXNS1',
			'XCOAL-CTXDDC1-210203-121019',
			'XCOAL-DB3VSRV-210204-145646',
			'XCOAL-CTXAPP2-210203-175257',
			'XCOAL-SQL1VSRV-210203-122907',
			'NTNX-19SM57170459-A-CVM',
			'XCOAL-COLL1',
			'XCOAL-WEB4VSRV-210204-145724',
			'XCOAL-RAWB1VSRV-210203-121437',
			'2016-Template',
			'XCOAL-SUPPORT',
			'XCOAL-DC1VSRV-210203-110639',
			'XCOAL-PWDVSRV',
			'XCOAL-EX1VSRV.xcoal.local',
			'NTNX-19SM57170473-A-CVM',
			'XCOAL-COLL4',
			'XCOAL-AGGR01',
			'XCOAL-VCSA01',
			'XCOAL-COLL3',
			'XCOAL-RAPP1VSRV-210203-121339',
			'XCOAL-DC02VSRV',
			'XCOAL-NTX-PC01',
			'XCOAL-RADEVDB1-210203-175426',
			'XCOAL-FS1VSRV-210203-120041',
			'XCOAL-DUO1VSRV',
			'XCOAL-APP1VSRV-210203-075847',
			'XCOAL-RADB1VSRV-210203-121303',
			'XCOAL-RASNDAPP1-210203-175517',
			'XCOAL-APP2VSRV-210203-123030',
			'XCOAL-RAPP2VSRV-210204-070209',
			'XCOAL-RADEVAPP1-210203-175405',
			'XCOAL-DC2VSRV-210203-110818',
			'XCOAL-SQL3VSRV-210203-122157',
			'XCOAL-AADCVSRV',
			'XCOAL-AVSENSOR',
			'XCOAL-APP3VSRV',
			'XCOAL-BK1VSRV-210204-084122',
			'XCOAL-SHOREDIR',
			'XCOAL-RATSTAPP1-210203-175542',
			'XCOAL-RDP1VSRV-210203-175607',
			'NTNX-20SM57040017-A-CVM',
			'XCOAL-UT2VSRV',
			'XCOAL-DC01VSRV',
			'NTNX-19SM57170507-A-CVM',
			'XCOAL-HG-DC2.xcoal.local',
			'XCOAL-IC-DC1.xcoal.local',
			'XCOAL-IC-DC1.xcoal.local',
			'XCOAL-COLL2',
			'XCOAL-EX1VSRV-210203-081309_clone1-220109-121123',
			'XCOAL-CTXAPP1-210203-121105',
			'XCOAL-MASSRV-210203-150749'
		]
	},
	{
		"Customer Name": 'Zoll LifeVest',
		assets: [
			'ZOLLPF4N7EP4.softaid.local',
			'ZOLLPF36QG4J.softaid.local',
			'ZOLLPF4N57QQ.softaid.local',
			'CMS-028.softaid.local',
			'CMS-132.softaid.local',
			'ZOLLPF2ZNTR0.softaid.local',
			'ZLVLRCOL.softaid.local',
			'ZOLLPF2G68KK.softaid.local',
			'ZOLLPF369XBM.softaid.local',
			'ZOLLPF144W80.softaid.local',
			'ZOLLMJ0A27ZN.softaid.local',
			'ZOLLPF3S1WR2.softaid.local',
			'Vered-Cohen.kyma.local',
			'ZOLLPF47HHT7.softaid.local',
			'ZOLLMJ0BEX0L.softaid.local',
			'ZOLLPF2KAK35.softaid.local',
			'ZOLLMJ0EHWSA.softaid.local',
			'ZOLLPF47KDPV.softaid.local',
			'ZOLLPF257ZDD.softaid.local',
			'ZLVLANSWEEPER01',
			'ZOLLMJ0A27YY.softaid.local',
			'ZOLLPF4REFY6.softaid.local',
			'ZOLLMJ0BEYCQ.softaid.local',
			'OPSTRAINING2.softaid.local',
			'ZOLLPF2581KP.softaid.local',
			'ZOLLPF1BV2YM.softaid.local',
			'ZOLLMJ0BEYAL.softaid.local',
			'ZLVLVNDEVSERVICES.softaid.local',
			'ZOLLPF1LCBF2.softaid.local',
			'ZOLLMP1HSLVA.softaid.local',
			'ZOLLMJ0BEX15.softaid.local',
			'ZOLLPF4REJ9Q.softaid.local',
			'ZOLLPF3W5MV7.softaid.local',
			'ZOLLMXL8351L5C',
			'ZOLLPF2T5GV5.softaid.local',
			'ZOLLPF3W5L0V.softaid.local',
			'ZOLLMJ0BEYDE.softaid.local',
			'ZOLLPF4BCTL3.softaid.local',
			'ZMIW76194.softaid.local',
			'ZOLLMJ0EHWQE.softaid.local',
			'ZOLLMJ0BEX12.softaid.local',
			'CMS-113.softaid.local',
			'ZOLLPF4C1T1X.softaid.local',
			'ZOLLPF1LCKLE.softaid.local',
			'CMS-030.softaid.local',
			'CMS-294.softaid.local',
			'TFS.kyma.local',
			'ZOLLMJ0EHQ7A.softaid.local',
			'ZOLLPF369XBM.softaid.local',
			'ZOLLPF2T57Q0.softaid.local',
			'ZOLLPF3TYKT7.softaid.local',
			'ZOLLMJ0A27ZT.softaid.local',
			'ZOLLMJ0ASAVJ.softaid.local',
			'Apollo4.softaid.local',
			'ZOLL0EHWS5.softaid.local',
			'ZLVEpTask04.softaid.local',
			'ZOLLPF3MBMD6.softaid.local',
			'ZLVGCAgg05',
			'ZOLLMJ0AEWV7.softaid.local',
			'ZOLLPF47HHQP.softaid.local',
			'CMS-231.softaid.local',
			'CMS-201.softaid.local',
			'ZLVRightFax01',
			'ZOLLPF4N4QYD.softaid.local',
			'TELAB004.softaid.local',
			'ZOLLPF3V37BV.softaid.local',
			'ZOLLPF2KAHV3.softaid.local',
			'ZOLLMJ0A26SJ.softaid.local',
			'ZOLLPF4N4T8E.softaid.local',
			'ZOLLMJ0A280H.softaid.local',
			'ZOLLPF4NS1SD.softaid.local',
			'ZOLLMJ0EHQ79.softaid.local',
			'ZOLLPF47HHPD.softaid.local',
			'ZOLLPF2WDDYC.softaid.local',
			'ZOLLPF493W3G.softaid.local',
			'ZOLLPF1W8J6H.softaid.local',
			'ZOLLPF351SR3.softaid.local',
			'ZEPCS2NODE4.softaid.local',
			'GAMMA-SHIP-1.softaid.local',
			'ZOLLPF4HCPSA.softaid.local',
			'ZLVSIBDEV',
			'CMS-034.softaid.local',
			'ZOLLMJ0HD53Q.softaid.local',
			'ZOLLPF4DMV8A.softaid.local',
			'ENG-014.softaid.local',
			'ZOLLPF4HCK4J.softaid.local',
			'ZOLLPF34MG4S.softaid.local',
			'CMS-042.softaid.local',
			'ZOLLPF3TYMWR.softaid.local',
			'ZOLLMJ0EHWSB.softaid.local',
			'ZOLLMJ0A3J1Y.softaid.local',
			'ZOLLMJ0A3J1X.softaid.local',
			'ENG-010.softaid.local',
			'ZOLLMJ0BEYBK.softaid.local',
			'ZOLLPF2KAK3N.softaid.local',
			'ZLVEPSHIP01.softaid.local',
			'ZOLLPF1ENTLB.softaid.local',
			'ZOLLPF257ZDD.softaid.local',
			'ZOLLMJ0A26S5.softaid.local',
			'DESKTOP-0529MMK.softaid.local',
			'ZOLLPF47KDNV.softaid.local',
			'ZOLLMJ0AEWV2.softaid.local',
			'ZLVSIBPROD',
			'ZOLLMJ0EHWT9.softaid.local',
			'ZOLLPF3TQW48.softaid.local',
			'ZOLLPF4ZWCF0.softaid.local',
			'ZOLLPF1SJ2X0.softaid.local',
			'ZLVLVNPredict01',
			'ZOLLMJ0EHWRR.softaid.local',
			'ZOLLPF463MN6.softaid.local',
			'ZOLLMJ0A3J3S.softaid.local',
			'CMS-297.softaid.local',
			'ZOLLMJ0BEWZC.softaid.local',
			'ZOLLPF2T5CBD.softaid.local',
			'ZOLLR914MTQF.softaid.local',
			'ZOLLPF1WLCEJ.softaid.local',
			'ZOLLPF4817YK.softaid.local',
			'ZOLLPF4PBWFD.softaid.local',
			'ZOLLMJ0A26W6.softaid.local',
			'ZOLLPF3KBNVP.softaid.local',
			'ZOLLPF3NP972.softaid.local',
			'ZSCSV7DBSTEST',
			'ZLVLVNWEB02',
			'ZOLLPF4SYRR9.softaid.local',
			'CMS-080.softaid.local',
			'ZOLLPF4HBYE9.softaid.local',
			'ZOLLMJ0A3J2S.softaid.local',
			'ZOLLMJ0BEX14.softaid.local',
			'ZOLLMJ0BEYD6.softaid.local',
			'ZOLLMJ0BEYC0.softaid.local',
			'CMS-267.softaid.local',
			'ZOLLPF15PG6S.softaid.local',
			'ZOLLMJ0CY2VJ.softaid.local',
			'ZLVConPRDFE01',
			'ZLVBITDEV',
			'ZOLLMJ0A26RY.softaid.local',
			'ZOLLMJ0BEYCD.softaid.local',
			'ZOLLPF28XSXX.softaid.local',
			'ZOLLPF4SZ4LM.softaid.local',
			'ZMCCSCIO7',
			'CMS-152.softaid.local',
			'ZOLLPF3W5MYQ.softaid.local',
			'ZOLLPF1CT20T.softaid.local',
			'ZOLLPF3TXYLM.softaid.local',
			'ZOLLPF4HCB0L.softaid.local',
			'ZOLL2UA52511TK.softaid.local',
			'ZOLLMJ0BEXAX.softaid.local',
			'ZLVEPAPPADMIN',
			'ZOLLPF2KALRV.softaid.local',
			'CMS-289.softaid.local',
			'Zoll-Tester-1',
			'CMS-009.softaid.local',
			'ZOLLMJ0A27ZR.softaid.local',
			'ZOLLPF34KXXN.softaid.local',
			'ZOLLPF3TYFR5.softaid.local',
			'ZOLLPF464T18.softaid.local',
			'ZOLLMJ0A280W.softaid.local',
			'ZOLLMJ0AEWV4.softaid.local',
			'CMS-268.softaid.local',
			'ZLVCTXD01',
			'ZOLLPF4815T9.softaid.local',
			'ZOLLR90LS35E.softaid.local',
			'ZOLLPF3TYHRG.softaid.local',
			'ZOLLPF1F6P6W.softaid.local',
			'ZOLLMJ0A26VH.softaid.local',
			'ZOLLMJ0EHQ8S.softaid.local',
			'zlvsca-1.softaid.local',
			'TELAB012.softaid.local',
			'ZOLLPF3690LM.softaid.local',
			'ZOLLMJ0BEYBB.softaid.local',
			'ZOLLPF4DKGC8.softaid.local',
			'ZOLLMJ0EHWSY.softaid.local',
			'ZOLLMJ0EHWQ91.softaid.local',
			'Holter-7.softaid.local',
			'ZOLLMJ0EHQ7X.softaid.local',
			'COMM-SHIP-17.softaid.local',
			'ZOLLPF36QZ0W.softaid.local',
			'ZOLLPF2KAK0V.softaid.local',
			'Lizi-Karseboom.kyma.local',
			'ZOLLPF1PLQWS.softaid.local',
			'ZOLLMJ0A3J1S.softaid.local',
			'ZOLLPF4TJMK1.softaid.local',
			'ZOLLMJ0BEXBL.softaid.local',
			'ZOLLPF1S47NE.softaid.local',
			'ZMCCSDBS7SSRS',
			'ZOLLPF464F47.softaid.local',
			'CMS-344.softaid.local',
			'ZOLLMJ0BEWZS.softaid.local',
			'ZLVAES',
			'Nuwrss-Azzam.kyma.local',
			'ZOLLMJ0A26TE.softaid.local',
			'ZOLLPF2ZNTS0.softaid.local',
			'ZOLLPF2T5MPG.softaid.local',
			'ZOLLPF4N55H8.softaid.local',
			'ZOLLPF351LB9.softaid.local',
			'CMS-273.softaid.local',
			'ZOLLPF3W5NQF.softaid.local',
			'ZSOPCENTAPP02.softaid.local',
			'ZLVGCAgg07',
			'ZOLLMJ0A2829.softaid.local',
			'ZOLLMJ0EHWT8.softaid.local',
			'ZOLLMJ0ASAVM.softaid.local',
			'ZOLLPF4HCFK5.softaid.local',
			'ZOLLPF18X0MH.softaid.local',
			'ZLVRIGHTFAX02',
			'ZOLLMJ0KJ4P1.softaid.local',
			'ZOLLMJ0BEWYW.softaid.local',
			'ZOLLMJ0BEXBF.softaid.local',
			'ZLVCENTER-off',
			'ZOLLMJ0EHQ6G.softaid.local',
			'ZOLLMJ0BEX0K.softaid.local',
			'ZLVGCAgg04',
			'ZOLLPF1ABRSQ.softaid.local',
			'ZOLLMJ0BEXBQ.softaid.local',
			'ZOLLR90WJR70.softaid.local',
			'ZOLLPF3TY7MM.softaid.local',
			'ZCDCaptureQA.softaid.local',
			'ZOLLPF3V4Z0R.softaid.local',
			'ZSOPCENTAPP01.softaid.local',
			'ZOLLPF3W5L1X.softaid.local',
			'ZOLLPF1JYBJU.softaid.local',
			'ZOLLMJ0EHWQR.softaid.local',
			'ZLVArchiveSRVDEV-OLD',
			'ZOLLPF3GAQVG.softaid.local',
			'ZOLLMJ0BEX28.softaid.local',
			'ZOLLPF3TY9YE.softaid.local',
			'DESKTOP-V1PG1SB',
			'CMS-220.softaid.local',
			'ZLVCTX06',
			'ZOLLMJ0EHQ6K.softaid.local',
			'ZOLLPF3NYN2L.softaid.local',
			'ZOLLMJ0A27ZX.softaid.local',
			'CMS-286.softaid.local',
			'CMS-348.softaid.local',
			'ZOLLPF4DBML1.softaid.local',
			'ZOLLMJ0EHQ80.softaid.local',
			'ZOLLMJ0DYPYR.softaid.local',
			'ZOLLPF1W9R1B.softaid.local',
			'CMS-130.softaid.local',
			'Danny-Kof01.kyma.local',
			'ZOLLMJ0EHWR3.softaid.local',
			'ZOLLPF2KALW3.softaid.local',
			'zlvkymatest7.softaid.local',
			'ZOLLMJ0BEYA4.softaid.local',
			'ZOLLPF3W5PE8.softaid.local',
			'ZLVCapPRDRN03',
			'ZOLLPF1JYDMN.softaid.local',
			'ZOLLMJ0BEWZX.softaid.local',
			'ZOLLR90YYRWE.softaid.local',
			'ZOLLPF1JY78Z.softaid.local',
			'ZOLLMJ0A3J1W.softaid.local',
			'ZOLLPF3FKEMK.softaid.local',
			'ZOLLMJ0A27YT.softaid.local',
			'ZOLLMJ0AEWSW.softaid.local',
			'ZOLLMJ0A26RP.softaid.local',
			'ZOLLPF3TY7KC.softaid.local',
			'ZOLLPF2T5EGB.softaid.local',
			'ZOLLPF2G66Y6.softaid.local',
			'ZOLLPF1PQX5.softaid.local',
			'CMS-207.softaid.local',
			'ZOLLPF4NS1QH.softaid.local',
			'ZOLLR90YYRWF.softaid.local',
			'ZOLLMJ0EHWSW.softaid.local',
			'ZOLLPF1K9Z35.softaid.local',
			'ZOLLMJ0A3J34.softaid.local',
			'ZOLLMJ0EHQ6L.softaid.local',
			'ZOLLPF410C44.softaid.local',
			'ZOLLPF4HC665.softaid.local',
			'ZOLLMJ0DYQ2X.softaid.local',
			'CMS-052.softaid.local',
			'ZOLLPF4N388Q.softaid.local',
			'ZOLLMJ0EHQ64.softaid.local',
			'ZOLLPF36TJRK.softaid.local',
			'ZLVEpApp08.softaid.local',
			'ZLVANDHCP',
			'CMS-292.softaid.local',
			'ZOLLMJ0BEYBV.softaid.local',
			'ZOLLPF1SJ7AE.softaid.local',
			'ZMCOPCENTMOMPRD.softaid.local',
			'ZOLLPF36QR68.softaid.local',
			'ZOLLPF47HKZK.softaid.local',
			'ZOLLPF3MBXMW.softaid.local',
			'ZOLLPF47HKYX.softaid.local',
			'ZOLLPF2T5A04.softaid.local',
			'ZOLLMJ0A3J1H.softaid.local',
			'CMS-284.softaid.local',
			'ZOLLPF4SPHT2.softaid.local',
			'CMS-078.softaid.local',
			'ZOLLPF4SNTQW.softaid.local',
			'ZOLLMJ0CY2VJ.softaid.local',
			'ZOLLPF369NG4.softaid.local',
			'ZOLLPF1W8J66.softaid.local',
			'ZOLLPF4NRZKP.softaid.local',
			'Yossi-Hilel.kyma.local',
			'ZOLLMJ0A26VM.softaid.local',
			'ZOLLPF4HBKC3.softaid.local',
			'ZOLLPF36TJRK.softaid.local',
			'ZOLLPF23ABNJ.softaid.local',
			'ZOLLPF36S04S.softaid.local',
			'ZOLLPF2ZNW41.softaid.local',
			'ZOLLMJ0BEYDD.softaid.local',
			'ZMIW76188.softaid.local',
			'ZOLLMJ0BEYA7.softaid.local',
			'ZLVAADCAzEUS.softaid.local',
			'ZOLLPF4VBRYV.softaid.local',
			'ZOLLPF4817NS.softaid.local',
			'ZOLLPF465DR0.softaid.local',
			'PROD1-PC.kyma.local',
			'ZOLLMJ0BEWZJ.softaid.local',
			'ZOLLPF2T5PWB.softaid.local',
			'ZOLLMP1HSLVA.softaid.local',
			'ZOLLPF3TYC67.softaid.local',
			'ZOLLMJ0EHWS0.softaid.local',
			'ZOLLR912QTY8.softaid.local',
			'ZOLLPF4PW30T.softaid.local',
			'ZOLLPF4R1Q3X.softaid.local',
			'DESKTOP-2IAFT7E',
			'ZOLLPF1Q3XMN.softaid.local',
			'ZOLLPF4PBWGE.softaid.local',
			'ZOLLMJ09KXKW.softaid.local',
			'ZOLLMJ0A26W2.softaid.local',
			'ZOLL00716792.softaid.local',
			'ZOLLPF144W6M.softaid.local',
			'ZOLLPF1G64MW.softaid.local',
			'ZLVHFDatasynch-off',
			'ZOLLMJ0EHWRX.softaid.local',
			'ZOLLPF1B4FRF.softaid.local',
			'ZOLLPF1BV2YM.softaid.local',
			'ZOLLMJ0A26VT.softaid.local',
			'GuardicoreCOL05',
			'ZOLLPF4HC0QD.softaid.local',
			'ZOLLMJ0EHQ7C.softaid.local',
			'CMS-006.softaid.local',
			'zlvkymaadd8.softaid.local',
			'ZOLLPF36V4Y7.softaid.local',
			'ZOLLMJ0EHQ9S.softaid.local',
			'ZOLLMJ0BEYBC.softaid.local',
			'zlvdcg2.softaid.local',
			'ZOLLPF21WXGV.softaid.local',
			'ZOLLPF23ABLL.softaid.local',
			'ENG-006.softaid.local',
			'ZOLLPF4R60ZS.softaid.local',
			'ZOLLMJ0EHWQX.softaid.local',
			'ZOLLMJ0EHQ7Z.softaid.local',
			'ZOLLMJ0BEYE4.softaid.local',
			'ZOLLPF4PBWDX.softaid.local',
			'ZOLLPF3P2M8N.softaid.local',
			'CMS-288.softaid.local',
			'ZOLLPF3S1TMH.softaid.local',
			'ZOLLMJ0BEXAF.softaid.local',
			'ZOLLPF47YXSW.softaid.local',
			'ZOLLPF2G5Y4P.softaid.local',
			'ZOLLPF4PBWG1.softaid.local',
			'ZOLLPF33GB4D.softaid.local',
			'ZOLLPF3V382B.softaid.local',
			'ZOLLMJ0EHWRX.softaid.local',
			'ZOLLMJ0A26VK.softaid.local',
			'ZOLLMJ0A281L.softaid.local',
			'ZOLLPF2T5EK5.softaid.local',
			'ZOLLPF4NS1SD.softaid.local',
			'ZOLLPF493PPN.softaid.local',
			'ZOLLPF4817AV.softaid.local',
			'ZOLLMJ0A3J2J.softaid.local',
			'ZOLLMJ0A3J30.softaid.local',
			'ZOLLPF351SVP.softaid.local',
			'ZOLLPF3NP4NZ.softaid.local',
			'ZOLLMJ0A26RW.softaid.local',
			'ZOLLMJ0CXC80.softaid.local',
			'ZOLLPF3TY5BB.softaid.local',
			'ZLVEPODS',
			'ZOLLPF3TYC4Q.softaid.local',
			'ZOLLPF2T57RS.softaid.local',
			'ZOLLPF1ATWGG.softaid.local',
			'ZOLLPF4PW319.softaid.local',
			'ZOLLPF2ZNW7S.softaid.local',
			'ZOLLPF1383HV.softaid.local',
			'Iris-Leinwand.kyma.local',
			'CMS-218.softaid.local',
			'ZOLLPF2HKWVT.softaid.local',
			'ZMIW1092',
			'Priority.kyma.local',
			'ZOLLPF28VB8J.softaid.local',
			'zlvkymaadd25.softaid.local',
			'CMS-075.softaid.local',
			'ZOLLPF3NYQDS.softaid.local',
			'ZOLLPF36PY0A.softaid.local',
			'ZOLLMJ0AEWT6.softaid.local',
			'ZOLLPF47YDTY.softaid.local',
			'ZOLLPF4ZVZAD.softaid.local',
			'ZOLLMJ0EJQMW.softaid.local',
			'ZOLLPF36QR5E.softaid.local',
			'ZOLLPF47HL17.softaid.local',
			'ZOLLPF23ABLX.softaid.local',
			'ZOLLMJ0BEYAF.softaid.local',
			'ZOLLMJ0BEYDY.softaid.local',
			'ZOLLPF4K2HCQ.softaid.local',
			'ZOLLPW05DRLE.softaid.local',
			'ZOLLMJ0BEXBR.softaid.local',
			'ZOLLPF3W5L4Z.softaid.local',
			'CMS-186.softaid.local',
			'ZOLLPF2T5KFQ.softaid.local',
			'ENG-002.softaid.local',
			'zlvkyma121.softaid.local',
			'ZLVDAASDHCP.softaid.local',
			'ZLVKYMAPROD',
			'ZMCOPCENTMOMDEV.softaid.local',
			'ZOLLPF4SNREM.softaid.local',
			'ZOLLPF1G64L2.softaid.local',
			'ZLVCapPRDRN02',
			'ZOLLMJ0BEWZ1.softaid.local',
			'ZOLLPF4NS1SD.softaid.local',
			'ZOLLMJ0DYQ34.softaid.local',
			'CMS-084.softaid.local',
			'ZMCOPCENTMOMTST.softaid.local',
			'ZLVGCAgg01',
			'ZOLLPF2T5EJ7.softaid.local',
			'ZOLLPF28V037.softaid.local',
			'ZOLLMJ09KXL1.softaid.local',
			'ZOLLPF4RER1M.softaid.local',
			'ZOLLMJ0EHQ88.softaid.local',
			'ZOLLPF4ASNZN.softaid.local',
			'ZLVKYMAADD12.softaid.local',
			'Research.kyma.local',
			'ZOLLPF1GQL11.softaid.local',
			'ZOLLPF2G6AEE.softaid.local',
			'ZSOPCENTESTDBS.softaid.local',
			'ZOLLPF4GF72A.softaid.local',
			'zmcopcentapp01.softaid.local',
			'ZOLLMJ0A26RJ.softaid.local',
			'ZMI-Dell.kyma.local',
			'ZCGPRINT',
			'ZOLLPF1B4FSH.softaid.local',
			'ZOLLPF3QKJYX.softaid.local',
			'ZOLLPF369X9K.softaid.local',
			'ZOLLMJ0A282S.softaid.local',
			'ZOLLPF2KAK3N.softaid.local',
			'ZOLLMJ0BEXAZ.softaid.local',
			'ZOLLMJ0BEXB1.softaid.local',
			'ZOLLMJ0BEX20.softaid.local',
			'ZOLLPF3TY0TW.softaid.local',
			'ZOLLPF3TYHS4.softaid.local',
			'ZOLLMJ0A26RF.softaid.local',
			'ZOLLMJ0EHWS9.softaid.local',
			'ZOLLMJ0A26T4.softaid.local',
			'Zoll-PC2.softaid.local',
			'ZOLLPF36503B.softaid.local',
			'ZOLLPF2T5GR5.softaid.local',
			'ZOLLPF3TY7JP.softaid.local',
			'Lena-Zeldets.kyma.local',
			'ZOLLPF3TY9WQ.softaid.local',
			'ZOLLPF3TY34P.softaid.local',
			'ZOLLPF3TYKSB.softaid.local',
			'ZOLLMJ0EHWS1.softaid.local',
			'ZOLLMJ0EHQ62.softaid.local',
			'ZOLLMP1GYZAJ.softaid.local',
			'ZLVTASKE',
			'ZOLLMJ0A27ZG.softaid.local',
			'ZOLLMJ0A2804.softaid.local',
			'CMS-001.softaid.local',
			'ZOLLMJ0BEXB8.softaid.local',
			'ZOLLCOMMHOLTER4.softaid.local',
			'ZOLLMJ0A2806.softaid.local',
			'ZOLLPF351J44.softaid.local',
			'CMS-232.softaid.local',
			'CMS-282.softaid.local',
			'ZOLLPF4PBWG5.softaid.local',
			'ZLVEPAPPWEB02',
			'ZOLLMJ0EHQ6Y.softaid.local',
			'CMS-122.softaid.local',
			'ZOLLPF4SSWBJ.softaid.local',
			'ZOLLPF36QDXC.softaid.local',
			'ZOLLMJ0BEYA8.softaid.local',
			'ZOLLPF47Z0XJ.softaid.local',
			'ZOLLMJ0BEX1L.softaid.local',
			'ZLVArchivePRD',
			'ZOLLMJ0A27ZV.softaid.local',
			'ZOLLPF18UM20.softaid.local',
			'ZOLLMJ0BEYC7.softaid.local',
			'CMS-146.softaid.local',
			'ZOLLMJ0BEXBP.softaid.local',
			'ZOLLPF2292DF.softaid.local',
			'ZOLLMJ0CXC7Z.softaid.local',
			'ZOLLPF4Z8C7K.softaid.local',
			'ZOLLPF14UT7L.softaid.local',
			'ZOLLPF47G3Q5.softaid.local',
			'ZOLLPF351NHA.softaid.local',
			'ZOLLMJ0BEYCF.softaid.local',
			'ZOLLMJ0BEYCY.softaid.local',
			'ZOLLMJ0BEWZG.softaid.local',
			'ZLVWEBDEVZPM.softaid.local',
			'ZOLLPF4N9HSL.softaid.local',
			'CMS-184.softaid.local',
			'ZOLLPF4PW30W.softaid.local',
			'ZOLLMJ0KMFQM.softaid.local',
			'Yael-Shock.kyma.local',
			'ZSOPCENTMOMTEST.softaid.local',
			'ZOLLPF36S02E.softaid.local',
			'ZOLLPF3DJHT5.softaid.local',
			'ZOLLPF1PLQXH.softaid.local',
			'ZOLLPF1Q9KG0.softaid.local',
			'ZOLLMJ0A280L.softaid.local',
			'ZOLLMJ0JT0GH.softaid.local',
			'ZOLLPF4Y0DSL.softaid.local',
			'ZOLLPF4HCGJM.softaid.local',
			'ZLVTEST-20',
			'ZOLLPF47HFFS.softaid.local',
			'ZOLLPF4SNRE2.softaid.local',
			'ZLVWCPRODDB.softaid.local',
			'Agile-AWS',
			'ZOLLPF3NPJ6K.softaid.local',
			'ZOLLPF36R3JY.softaid.local',
			'ZLVLVNIISTEST.softaid.local',
			'ZOLLPF3MBXNS.softaid.local',
			'ZOLLMJ0A26V8.softaid.local',
			'ZOLLPF4H2JG5.softaid.local',
			'ZOLLMJ0A27ZE.softaid.local',
			'ZLVLVNSERVICES02',
			'ZOLLPF4RB31Y.softaid.local',
			'ZOLLMJ0A26V5.softaid.local',
			'ZOLLMJ0EHQ9G.softaid.local',
			'ZOLLPF1G208N.softaid.local',
			'Lab3-PC.kyma.local',
			'ZOLLPF4R1802.softaid.local',
			'ZOLLMJ0EHQ9P.softaid.local',
			'ZOLLPF4DATRB.softaid.local',
			'ZOLLMJ0BEYDG.softaid.local',
			'ZLVEpicorHCM',
			'ZOLLMJ0A3J3G.softaid.local',
			'ZOLLPF4K4PY8.softaid.local',
			'ZLVDBSSTAGE.softaid.local',
			'ZOLLPF3NN2SK.softaid.local',
			'ZOLLPF14UT60.softaid.local',
			'ZOLLPF3TY7LV.softaid.local',
			'CMS-216.softaid.local',
			'Liore-DJB05S2.kyma.local',
			'ZOLLPF4HBZP6.softaid.local',
			'ZOLLPF3HV147.softaid.local',
			'ZOLLPF0Y6KBL.softaid.local',
			'ZOLLMJ0A26W9.softaid.local',
			'ZOLLMJ0EHWS2.softaid.local',
			'ZLVEpicorDBSDev',
			'ZOLLMJ0EHWT3.softaid.local',
			'ZOLLMJ0BEWZP.softaid.local',
			'ZOLLMJ0A2801.softaid.local',
			'ZOLLPF3TYFN5.softaid.local',
			'ZOLLMJ0A27YS.softaid.local',
			'Tal-Raichstein.kyma.local',
			'CMS-082.softaid.local',
			'CMS-339.softaid.local',
			'ZOLLPF36RCK4.softaid.local',
			'ZOLLMJ0CY2VN.softaid.local',
			'ZOLLPF23ABPC.softaid.local',
			'CMS-045.softaid.local',
			'ZOLLPF33G8LY.softaid.local',
			'ZOLLMJ0A3J1B.softaid.local',
			'ZLVCapPRDRN04',
			'Move-JIG.kyma.local',
			'ZOLLMJ0EHWRB.softaid.local',
			'ZOLLMJ0A26RR.softaid.local',
			'ZOLLMJ0A26TB.softaid.local',
			'ZOLLPF4ATCAD.softaid.local',
			'ZOLLPF1F6PZK.softaid.local',
			'ZOLLMJ0BEYA9.softaid.local',
			'ZOLLMJ0A26SG.softaid.local',
			'ZOLLMJ0A282L.softaid.local',
			'ZOLL2UA6291RB1.softaid.local',
			'ZOLLPF1ENGY8.softaid.local',
			'ZOLLPF1B4HV8.softaid.local',
			'Noa-Graf1.kyma.local',
			'ZOLLPF4HC6N8.softaid.local',
			'ZLVCSA',
			'ZOLLPF3TYHTM.softaid.local',
			'ZOLLPF4ZW7ZQ.softaid.local',
			'ZOLLPF15D1F1.softaid.local',
			'zlvkyma123.softaid.local',
			'ZOLLPF3HX05D.softaid.local',
			'ZOLLMJ0BEY9W.softaid.local',
			'ZLVEPAPPWEB01',
			'ZOLLMJ0DYQ3C.softaid.local',
			'ZOLLPF1PLQY6.softaid.local',
			'ZOLLMJ0BEYBP.softaid.local',
			'ZOLLMJ0BEX1T.softaid.local',
			'CMSCOMMVAULT1.softaid.local',
			'ZOLLPF36QR8V.softaid.local',
			'Alon-Carmely.kyma.local',
			'ZOLLPF352NGW.softaid.local',
			'ZSOPCENTAPP.softaid.local',
			'ZOLLPF1SJ0KR.softaid.local',
			'ZOLLMJ0AEWSZ.softaid.local',
			'ZMICyberArk001.kyma.local',
			'ZOLLPF2T5A04.softaid.local',
			'ZOLLPF4Z9ZT3.softaid.local',
			'CMS-088.softaid.local',
			'ZOLLPF351TSZ.softaid.local',
			'ZOLLPF464CRV.softaid.local',
			'ZOLLMJ0A3J1F.softaid.local',
			'ZOLLPW05DRLF.softaid.local',
			'ZOLLPF336NPC.softaid.local',
			'ZOLLMJ0A26VB.softaid.local',
			'ZOLLPF47HFFH.softaid.local',
			'ZOLLPF28V042.softaid.local',
			'ZLVTCD - Decomm July 2',
			'ZOLLPF4PBWF8.softaid.local',
			'ZOLLMJ0A280G.softaid.local',
			'ZLVENGGITLAB',
			'ZOLLMJ0A3J1Q.softaid.local',
			'ZOLLPF1H9JX9.softaid.local',
			'ZOLLPF3TQAN6.softaid.local',
			'ZOLLPF3V3TX8.softaid.local',
			'ZOLLPF12WRQF.softaid.local',
			'ZOLLMJ0DYPWR.softaid.local',
			'ZOLLPF2T55FA.softaid.local',
			'ZOLLMJ0BEX0C.softaid.local',
			'CMS-299.softaid.local',
			'ZOLLPF1QRRGC.softaid.local',
			'ZOLLMJ0BEXBV.softaid.local',
			'ZOLLPF2ZNZ28.softaid.local',
			'ZOLLPF3W5MVZ.softaid.local',
			'ZOLLPF14JMXU.softaid.local',
			'ZOLLPF2T5KC0.softaid.local',
			'ZOLLMJ0A3J3L.softaid.local',
			'ZLVCaptureRN01',
			'ZOLLPF3TYKWF.softaid.local',
			'ZOLLPF2KAN2D.softaid.local',
			'ZOLLPF4HC8RQ.softaid.local',
			'ZOLLPF1SJ0L9.softaid.local',
			'CMS-321.softaid.local',
			'ZOLLMJ0BEYB4.softaid.local',
			'ZOLLMJ0A26W7.softaid.local',
			'ZOLLMJ0BEYDW.softaid.local',
			'ZLVPhone.softaid.local',
			'ZOLLMJ0EHQ7P.softaid.local',
			'ZOLLPF4AEHMS.softaid.local',
			'ZOLLPF14UT78.softaid.local',
			'ZOLLPF3SW5ZE.softaid.local',
			'ZLVCaptureRN04',
			'ZOLLPF409HF3.softaid.local',
			'ZOLLMJ0KJ4P5.softaid.local',
			'ZOLLMJ0A27Z4.softaid.local',
			'ZOLLPF28VB7J.softaid.local',
			'Zoll-PC1.softaid.local',
			'ZLVGCAgg02',
			'Sharon-Ash01.kyma.local',
			'ZOLLMJ0EHWQP.softaid.local',
			'ZOLLPF3FKLL9.softaid.local',
			'ZOLLPF4PBWG4.softaid.local',
			'ZOLLMJ0EHWT5.softaid.local',
			'ZOLLPF464AK4.softaid.local',
			'ZOLLPF3W5M0W.softaid.local',
			'ZOLLPF1G64M6.softaid.local',
			'ZOLLPF4P0V99.softaid.local',
			'ZOLLMJ0A3J3R.softaid.local',
			'ZLVCapture',
			'PROD2.kyma.local',
			'ZOLLPF4HC0RL.softaid.local',
			'ZOLLPF3V2AA6.softaid.local',
			'ZOLLPF36QDW8.softaid.local',
			'ZOLLPF2T5KC0.softaid.local',
			'ZOLLMJ0A26S7.softaid.local',
			'CMS-277.softaid.local',
			'ZLVCM1',
			'ZOLLMJ0A3J1G.softaid.local',
			'ZLVKYMASANDBOX',
			'ZOLLMJ0A3J3M.softaid.local',
			'ZOLLPF4HCKV0.softaid.local',
			'ZOLLMJ0DYQ0V.softaid.local',
			'ZOLLPF351J3D.softaid.local',
			'QA-TEST.kyma.local',
			'ZOLLPF3S1VWM.softaid.local',
			'ZOLLPF47Q9AV.softaid.local',
			'ZLVEpAppAdmin02.softaid.local',
			'ZOLLPF2G68JW.softaid.local',
			'CMS-281.softaid.local',
			'ZOLLPF4ZXWKR.softaid.local',
			'ZOLLPF1WXA6B.softaid.local',
			'ZOLLPF36QDV9.softaid.local',
			'ZOLLPF4SSYJ1.softaid.local',
			'ZOLLPF4NGENT.softaid.local',
			'GuardicoreCOL06',
			'ZOLLMJ0EHQ8R.softaid.local',
			'ZOLLMJ0EHQ0Q.softaid.local',
			'zlvdbs2node6.softaid.local',
			'ZOLLMJ0DYQ3V.softaid.local',
			'ZOLLPF15PYB1.softaid.local',
			'ZOLLPF18ZMPL.softaid.local',
			'CMS-317.softaid.local',
			'TELAB006.softaid.local',
			'ZOLLMJ0BEX1P.softaid.local',
			'ZOLLMJ0A26VR.softaid.local',
			'ZOLLMJ0A26SN.softaid.local',
			'ZOLLMJ0BEYBN.softaid.local',
			'ZOLLMJ0CY2VP.softaid.local',
			'ZOLLPF3P2K06.softaid.local',
			'ZOLLMJ0EHWR2.softaid.local',
			'ZOLLMJ0A280M.softaid.local',
			'GuardicoreCOL03',
			'ZOLLMJ0AE083.softaid.local',
			'ZOLLPF2T5105.softaid.local',
			'ZOLLPF2RW60R.softaid.local',
			'ZLVKYMAPROD01',
			'ZOLLPF3TXYHC.softaid.local',
			'ZOLLPF1WXGYT.softaid.local',
			'ZOLLBTIR1LV.softaid.local',
			'CMS-264.softaid.local',
			'ZOLLPF4F98T1.softaid.local',
			'ZOLLPF18UM2A.softaid.local',
			'ZOLLPF352E82.softaid.local',
			'ZLVANALYTICS.softaid.local',
			'CMS-192.softaid.local',
			'ZOLLMJ0A3J2T.softaid.local',
			'ZOLLPF47KDPD.softaid.local',
			'ZOLLPF4PW1W5.softaid.local',
			'VeredC-9X77DY3.kyma.local',
			'ZOLLPF4AEHR1.softaid.local',
			'ZOLLPF1ATV5S.softaid.local',
			'CMS-150.softaid.local',
			'ZOLLPF3S0AXV.softaid.local',
			'ZOLLMJ0BEWY0.softaid.local',
			'ZOLLPF352KD6.softaid.local',
			'ZOLLMJ0A3J40.softaid.local',
			'CMS-076.softaid.local',
			'ZOLLMJ0A3J29.softaid.local',
			'ZOLLPF47HL0Y.softaid.local',
			'ZOLLMJ0BEX0X.softaid.local',
			'ZOLLPF4ZWAA2.softaid.local',
			'ZSOPCENTMOMPROD.softaid.local',
			'ZOLLMJ0BEX1C.softaid.local',
			'ZOLLPF1QRRF3.softaid.local',
			'ZOLLPF47TQDP.softaid.local',
			'ZOLLMJ0A3J3K.softaid.local',
			'ZOLLPF3W5L2T.softaid.local',
			'ZOLLPF36RH33.softaid.local',
			'ZOLLMJ0A26VQ.softaid.local',
			'ZOLLPF2ZNQ9H.softaid.local',
			'CMS-029.softaid.local',
			'ZOLLPF3NPBGF.softaid.local',
			'ZOLLPF4R4ZTW.softaid.local',
			'Apollo.softaid.local',
			'ZOLLPF3W5L1X.softaid.local',
			'ZLVEpTask05.softaid.local',
			'ZOLLPF48J76J.softaid.local',
			'RT-Fetchmail',
			'ZOLLPF2T5EL8.softaid.local',
			'ZOLLMJ0AEWST.softaid.local',
			'ZOLLPF4ZAB16.softaid.local',
			'ZLVAADCAZEUS-STG.softaid.local',
			'ZOLLPF1TFLNX.softaid.local',
			'ZOLLMJ0BEYBM.softaid.local',
			'ZOLLPF4PBWDH.softaid.local',
			'ZMIW76185.softaid.local',
			'ZOLLMJ0A27Z0.softaid.local',
			'ZOLLPF3NMX6B.softaid.local',
			'ZOLLMJ0GTDMX.softaid.local',
			'ZOLLPF1P31A3.softaid.local',
			'ZOLLR90WJ3A0.softaid.local',
			'ZOLLMJ0A282Q.softaid.local',
			'ZOLLMJ0A3J2N.softaid.local',
			'ZLVContentAdminPRD',
			'Noa-Dell.kyma.local',
			'Uriel-XPS.kyma.local',
			'ZOLLPF4AEMEL.softaid.local',
			'ZOLLPF47TX1M.softaid.local',
			'ZOLLPF4PBWGP.softaid.local',
			'ZOLLPF1B4HVR.softaid.local',
			'ZLVEPAPPDEV02',
			'ZOLLPF2581L8.softaid.local',
			'ZOLLMJ0JT0FK.softaid.local',
			'ZOLLR90ZFPYY.softaid.local',
			'ZLVEPWEB02',
			'ZOLLMJ0A26W1.softaid.local',
			'ZOLLPF48170E.softaid.local',
			'ZOLLPF351TSD.softaid.local',
			'ZLVEPHCMDBS',
			'CMS-008.softaid.local',
			'ZOLLMJ0BEYBF.softaid.local',
			'ZLVWCPRODAPP.softaid.local',
			'ZOLLPF26QAR6.softaid.local',
			'ENG-008.softaid.local',
			'ZOLLPF1HP0J9.softaid.local',
			'ZLVZERTO.softaid.local',
			'ZOLLPF3TYC6Y.softaid.local',
			'Charlie2.softaid.local',
			'ZOLLMJ0GYN9H.softaid.local',
			'ZOLLPF47KDPD.softaid.local',
			'ZSOPCENTDBSTEST.softaid.local',
			'ZOLLMJ0A26TK.softaid.local',
			'ZOLLPF4DWJFZ.softaid.local',
			'ZOLLMJ0FEED7.softaid.local',
			'ZOLLPF47HHPK.softaid.local',
			'ZOLLPF3NPBGF.softaid.local',
			'CMS-054.softaid.local',
			'Arkadi-Averboukh.kyma.local',
			'ZOLLMJ0ASAV6.softaid.local',
			'ZOLLMJ0A282V.softaid.local',
			'ZOLLPF3V37DC.softaid.local',
			'ZOLLMJ0BEYAG.softaid.local',
			'ZOLLPF3TY9XG.softaid.local',
			'ZOLLMJ0EHQ64.softaid.local',
			'ZLVFSMS',
			'CMS-308.softaid.local',
			'ZLVCapturePRD',
			'ZOLLMJ0EHQ0A.softaid.local',
			'TELAB010.softaid.local',
			'ZOLLPF34KXZ9.softaid.local',
			'ZOLLMJ0BEWZ7.softaid.local',
			'ZOLLMJ0A27ZJ.softaid.local',
			'ZLVContentFEQA-Restore',
			'ZOLLPF4N9FKA.softaid.local',
			'ZOLLPF47YNX9.softaid.local',
			'ZOLLPF4J5Y8A.softaid.local',
			'ZOLLMJ0AE080.softaid.local',
			'ZOLLMJ0HDGV3.softaid.local',
			'ZOLLMJ08Z8TN.softaid.local',
			'ZOLLUSH748L0PW.softaid.local',
			'TELAB005.softaid.local',
			'ZOLLPF2ZNW61.softaid.local',
			'CMS-287.softaid.local',
			'ZOLLPF3NPWTW.softaid.local',
			'ZOLLPF4PW2XM.softaid.local',
			'ZOLLPF2ZNZZZ.softaid.local',
			'ZOLLPF4D2JHL.softaid.local',
			'ZOLLPF4N7EQ5.softaid.local',
			'ZOLLMJ0BEXAG.softaid.local',
			'ZOLLPF352M77.softaid.local',
			'ZOLLMJ0A26SZ.softaid.local',
			'ZOLLPF3TYKVP.softaid.local',
			'ZOLLPF4NHMKH.softaid.local',
			'ZOLLPF4N7CF3.softaid.local',
			'ZOLLPF47HHRF.softaid.local',
			'ZOLLPF2T55EE.softaid.local',
			'ZOLLPF4DNXYW.softaid.local',
			'ZOLLPF4HBYG6.softaid.local',
			'ZOLLPF3S0AWD.softaid.local',
			'ZOLLPF3QKK0D.softaid.local',
			'ZOLLMJ0HD554.softaid.local',
			'ZLVSBCELEMENTMGR',
			'CMS-118.softaid.local',
			'ZOLLMJ0AEWV3.softaid.local',
			'CMS-206.softaid.local',
			'ZOLLMJ0CXC7Y.softaid.local',
			'ZOLLPF2ZNZ09.softaid.local',
			'ZOLLMJ0CXC7Z.softaid.local',
			'ZOLLPF3DJSWA.softaid.local',
			'ZLVCONTENTFEQA02',
			'ZOLLPF36REV2.softaid.local',
			'ZLVCaptureRN02',
			'ZLVEpSSRS03.softaid.local',
			'ZOLLPF4ZZVDY.softaid.local',
			'ZOLLMJ0EHQ7G.softaid.local',
			'ZOLLMJ0ASAVP.softaid.local',
			'ZOLLMJ0BEYE3.softaid.local',
			'ZLVSBC01',
			'ZOLLPF4PBWES.softaid.local',
			'ZOLLPF3DJHTR.softaid.local',
			'ZOLLPF412YW5.softaid.local',
			'COMM-SHIP-5.softaid.local',
			'ZOLLPF47G3PH.softaid.local',
			'ZOLLMJ0EQ8QQ.softaid.local',
			'ZOLLPF4DP29R.softaid.local',
			'ZOLLMJ0A27Z7.softaid.local',
			'ZOLLPF1ML38T.softaid.local',
			'ZOLLPF3QKJZE.softaid.local',
			'ZOLLPF369MVK.softaid.local',
			'ZOLLPF36RCHB.softaid.local',
			'ZOLLMJ0DYQ3V.softaid.local',
			'ZOLLPF1ABD7E.softaid.local',
			'ZOLLMJ0A280V.softaid.local',
			'ZOLLPF47RD2N.softaid.local',
			'ZOLLPF1TFJFZ.softaid.local',
			'CMS-153.softaid.local',
			'zlvkymatest8.softaid.local',
			'BFT-017.softaid.local',
			'ZOLLPF1ABD8C.softaid.local',
			'ZMITemplate',
			'CMS-304.softaid.local',
			'zlvkymaadd9.softaid.local',
			'ZOLLPF1F6P6H.softaid.local',
			'ZOLLPF2ZNZ28.softaid.local',
			'ZOLLMJ0A26RQ.softaid.local',
			'ZOLLPF14UT8W.softaid.local',
			'Roman-7430.kyma.local',
			'ZOLLPF47KDQD.softaid.local',
			'ZOLLMJ0EHWS4.softaid.local',
			'TESTVM2.softaid.local',
			'ZOLL0115806941.softaid.local',
			'ZOLLPF19XL7G.softaid.local',
			'ZSOPCENTTEST.softaid.local',
			'ZOLLPF3P0XHA.softaid.local',
			'ZOLLMJ0BEWYG.softaid.local',
			'ZOLLPF47HL04.softaid.local',
			'ZOLLMJ0BEYDS.softaid.local',
			'ZOLLPF4CEXWS.softaid.local',
			'ZOLLPF36R5QJ.softaid.local',
			'ZOLLMP1HSLV7.softaid.local',
			'ZOLLMJ0EHWRL.softaid.local',
			'ZOLLPF2T5MMN.softaid.local',
			'ZOLLPF1SJ51X.softaid.local',
			'ZOLLMJ0EJQMY.softaid.local',
			'ZLVKYMALM01.softaid.local',
			'ZLVDefinitiveData',
			'ZOLLPF4102TG.softaid.local',
			'ZOLLPF12WRQK.softaid.local',
			'ZOLLMJ0A281J.softaid.local',
			'ZOLLMJ0A26T2.softaid.local',
			'ZOLLMJ0BEXBG.softaid.local',
			'ZOLLPF47G1G8.softaid.local',
			'ZOLLMJ0BEX05.softaid.local',
			'ZOLLMJ0A26RC.softaid.local',
			'ZOLLPF3MC1T6.softaid.local',
			'ZOLLPF4AEDKW.softaid.local',
			'ZOLLPF3W5M30.softaid.local',
			'ZOLLR912QTY8.softaid.local',
			'ZOLLMJ0ASAVL.softaid.local',
			'ZOLLPF4DKRL2.softaid.local',
			'ZOLLMJ0A26VS.softaid.local',
			'Michal-Cohen.kyma.local',
			'ZLVSLAMON',
			'ZLVUPLOGOXCS',
			'ZOLLMJ0FEEDS.softaid.local',
			'ZOLLMJ0BAX1G.softaid.local',
			'ZLVLVNDEVWEB03.softaid.local',
			'ZOLLPF3TXYGP.softaid.local',
			'ZOLLPF2G6ADN.softaid.local',
			'ZOLLR914MTQ2.softaid.local',
			'ZOLLPF257ZDT.softaid.local',
			'ZOLLPF3S1TQW.softaid.local',
			'CMS-301.softaid.local',
			'ZOLLMJ0BEX0Y.softaid.local',
			'ZOLLPF3S1VAQ.softaid.local',
			'ZOLLR914MTQL.softaid.local',
			'ZOLLMJ0A282J.softaid.local',
			'ZOLLMJ0A26RZ.softaid.local',
			'ZOLLPF4R0KCL.softaid.local',
			'ZOLLMJ0ASAVA.softaid.local',
			'Roy-Meirman02.kyma.local',
			'DESKTOP-BIBJEE6.softaid.local',
			'COMM-SHIP-1.softaid.local',
			'ZOLLPF4DAK9H.softaid.local',
			'ZOLLMJ0A282R.softaid.local',
			'ZOLLPF4PW303.softaid.local',
			'ZOLLPF4N387Q.softaid.local',
			'ZOLLMJ0BEX0D.softaid.local',
			'Lab-Admin.kyma.local',
			'ZOLLPF4PBWE8.softaid.local',
			'ZOLLPF4DMNPN.softaid.local',
			'Yoav-Bloch.kyma.local',
			'ZOLLPF351SRR.softaid.local',
			'ZOLLPF2ZNZ3V.softaid.local',
			'Omer-Amit2.kyma.local',
			'ZOLLPF4ZZ016.softaid.local',
			'ZMIW76074.softaid.local',
			'ZOLLPF3NPDP0.softaid.local',
			'ZLVKYMAPROD03',
			'ZOLLPF4D3PQN.softaid.local',
			'ZOLLPF1W9FYL.softaid.local',
			'ZOLLMJ0A27ZZ.softaid.local',
			'ZOLLMJ0EHQ6N.softaid.local',
			'ZOLLMJ0EHWQZ.softaid.local',
			'ZOLLPF3S0AP3.softaid.local',
			'ZOLLCNU4119JYN.softaid.local',
			'CMS-347.softaid.local',
			'ZOLLPF48B353.softaid.local',
			'ZOLLMJ0A26V0.softaid.local',
			'ZOLLPF4GGGJS.softaid.local',
			'ZOLLPF4JK08M.softaid.local',
			'ZOLLMP1CZRAM.softaid.local',
			'ZOLLPW01JDX1.softaid.local',
			'ZOLLR90XJ7P0.softaid.local',
			'ZOLLMJ0EHQ6K.softaid.local',
			'ZOLLPF1BKMM7.softaid.local',
			'ZOLLMJ0A3J21.softaid.local',
			'ZLVSMGR',
			'ZOLLPF4REFXK.softaid.local',
			'ZOLLPF1S47M9.softaid.local',
			'ZOLLMJ0A3J1C.softaid.local',
			'ZOLLMJ0BEX0B.softaid.local',
			'ZOLLMJ0BEYE2.softaid.local',
			'ZOLLMJBEYC1.softaid.local',
			'ZOLLMJ0BEYE0.softaid.local',
			'ZOLLPF0XQ2J3.softaid.local',
			'ZOLLMJ0BYDH.softaid.local',
			'ZOLLMJ0DYLFR.softaid.local',
			'ZOLLPF4E986L.softaid.local',
			'ENG-001.softaid.local',
			'ZOLLPF2292DF.softaid.local',
			'ZOLLPF4ZZVEB.softaid.local',
			'ZOLLPF40SLCF.softaid.local',
			'ZOLLMJ0EHQ77.softaid.local',
			'ZOLLPF47YJ0C.softaid.local',
			'ZOLLMJ0A27YR.softaid.local',
			'ZOLLMJ0ASAVK.softaid.local',
			'ZOLLPF3TYC45.softaid.local',
			'ZOLLPF3QKJYH.softaid.local',
			'ZLVEPHCMAPP-PROD',
			'ZOLLMP1HSLVA.softaid.local',
			'ZLVWEBZPM',
			'ZOLLMJ0EHWRT.softaid.local',
			'ZOLLPF36QTEK.softaid.local',
			'CMS-309.softaid.local',
			'ZOLLPF1H9JZT.softaid.local',
			'ZOLLPF1K5ML7.softaid.local',
			'ZOLLMJ0BEYBX.softaid.local',
			'ZOLLPF2T537N.softaid.local',
			'ZOLLPF3P2M72.softaid.local',
			'GuardicoreCOL07',
			'CMS-234.softaid.local',
			'ZOLLR90M63K1.softaid.local',
			'ZOLLPF257ZB8.softaid.local',
			'Server2016',
			'ZOLLPF1H9HA5.softaid.local',
			'ZOLLPF4FWP4X.softaid.local',
			'ZOLLMJ0EWLJ9.softaid.local',
			'ZOLLPF4R1A7G.softaid.local',
			'ZOLLPF10LWRV.softaid.local',
			'ZOLLMJ0A3J3W.softaid.local',
			'Daniel-Dell.kyma.local',
			'ZOLLPF4ST7PK.softaid.local',
			'ZOLLMJ0A26RX.softaid.local',
			'ZOLLMJ0EHWQJ.softaid.local',
			'Roman-7430.kyma.local',
			'COMM-SHIP-11.softaid.local',
			'ZLVBreeze1',
			'ZOLLMJ0A26VW.softaid.local',
			'ZOLLPF3TYC67.softaid.local',
			'ZOLLPF1SJ2XC.softaid.local',
			'ZOLLPF4RENNS.softaid.local',
			'ZOLLPF28XSTH.softaid.local',
			'ZOLLPF4ATLN4.softaid.local',
			'ZOLLPF36QYZK.softaid.local',
			'ZSOPCENT8DBSTEST',
			'ZOLLPF36Q74M.softaid.local',
			'ZOLLMJ0KMFPY.softaid.local',
			'ZOLLPF3TYHVG.softaid.local',
			'CMS-086.softaid.local',
			'GuardicoreCOL04',
			'ZOLLPC26S9SJ.softaid.local',
			'ZOLLMJ0A3J2D.softaid.local',
			'ZOLLMJ09S8KB.softaid.local',
			'TELAB014.softaid.local',
			'ZOLLMJ0AEWT7.softaid.local',
			'SRV2K12.kyma.local',
			'ZLVONEX-off',
			'RTGeneral-DB (22.04 LTS)',
			'ZOLLMJ0A26TP.softaid.local',
			'ZOLLPF4SAJYH.softaid.local',
			'ZOLLPF2KAK1M.softaid.local',
			'ZMIWDCON2.kyma.local',
			'CMS-111.softaid.local',
			'ZOLLPF1SJ2T0.softaid.local',
			'ZOLLPF3TY5D8.softaid.local',
			'ZOLLPF4N9DB8.softaid.local',
			'ZOLLPF3TXYHC.softaid.local',
			'Leonid-Bekman.kyma.local',
			'ZOLLMJ0A2837.softaid.local',
			'ZOLLMJ0A26SM.softaid.local',
			'ZOLLPF16PN6Y.softaid.local',
			'ZOLLPF47YEH5.softaid.local',
			'Veeam.kyma.local',
			'ZOLLMJ0BEX1V.softaid.local',
			'ZOLLPF2T5EL8.softaid.local',
			'ZOLLMJ0BEX19.softaid.local',
			'CMS-236.softaid.local',
			'ZSOPCENTMOM.softaid.local',
			'ZLVArchiveSRVDEV-restore',
			'CMS-303.softaid.local',
			'Kyma-Test01.kyma.local',
			'ZOLLMJ0EHQ90.softaid.local',
			'ZLVDBSMASKING',
			'ZOLLPF4ZQ6VT.softaid.local',
			'ZOLLMJ0EHWQP.softaid.local',
			'ZOLLPF4PW30F.softaid.local',
			'ZOLLPF36RERX.softaid.local',
			'ZOLLPF2ZP03Q.softaid.local',
			'ZLVCM2',
			'ZOLLMDRLEGION.softaid.local',
			'ZOLLPF4N4T8Y.softaid.local',
			'ZLVEPAPPSC03',
			'ZOLLMJ0FEEDB.softaid.local',
			'ZOLLPF4AEDJ6.softaid.local',
			'ZOLLPF3S1TN2.softaid.local',
			'ZOLLPC1D5FV4.softaid.local',
			'ZOLLPF1W8J5W.softaid.local',
			'ZOLLPF4J35M3.softaid.local',
			'ZOLLMJ0BEX1R.softaid.local',
			'ZOLLPF1GQW8E.softaid.local',
			'ZOLLPF47HHQ7.softaid.local',
			'ZOLLMJ0A26SS.softaid.local',
			'ZOLLMJ0BEX1Y.softaid.local',
			'ZOLLMJ0DYPYT.softaid.local',
			'ZOLLPF4PBWGD.softaid.local',
			'zlvkyma125.softaid.local',
			'ZOLLPF3W5NPS.softaid.local',
			'ZOLLPF4PW2XZ.softaid.local',
			'ZOLLMJ0BEY9X.softaid.local',
			'ZOLLMJ0A3J3E.softaid.local',
			'CASrv.kyma.local',
			'ZOLLPF4NGGYF.softaid.local',
			'CMS-095.softaid.local',
			'ZOLLPF47HHRW.softaid.local',
			'ZOLLPF1SJ2TJ.softaid.local',
			'ZOLLPF36TJRK.softaid.local',
			'ZLVDRS.softaid.local',
			'ZOLLPF4ZYMJG.softaid.local',
			'ZLVDCG3',
			'ZOLLMJ0EHQ9M.softaid.local',
			'ZOLL0EHWS5.softaid.local',
			'ZOLLPF300SZE.softaid.local',
			'ZOLLMJ0CY2VQ.softaid.local',
			'ZOLLPF4HBMBR.softaid.local',
			'CMS-209.softaid.local',
			'ZOLLPF4PW1WC.softaid.local',
			'ZOLLPF34KXZB.softaid.local',
			'ZOLLMJ0A27YX.softaid.local',
			'ZOLLMJ0ASAVF.softaid.local',
			'ZOLLPF1BV301.softaid.local',
			'ZOLLPF4JK2DN.softaid.local',
			'ZOLLPF14JMYM.softaid.local',
			'ZLVAWS02',
			'ZOLLPF4FN86T.softaid.local',
			'ZOLLMJ0EHQ89.softaid.local',
			'Taly-Halevi02.kyma.local',
			'ZOLLMJ0BEWYQ.softaid.local',
			'ZOLLPF332D3X.softaid.local',
			'ZOLLMJ0A27ZC.softaid.local',
			'ZOLLMJ0BEX0H.softaid.local',
			'ZOLLPF36QR5E.softaid.local',
			'ZLVCONSOLE2019.softaid.local',
			'ZOLLPF2ZNZ1B.softaid.local',
			'GuardicoreCOL01',
			'SQLSRV.kyma.local',
			'ZOLLPF47HFG3.softaid.local',
			'ZOLLR90YYRWF.softaid.local',
			'Maayan-D5430.kyma.local',
			'ZOLLPF3TY30T.softaid.local',
			'ZOLLMJ0EHQ13.softaid.local',
			'ZOLLPF2G5Y32.softaid.local',
			'ZMIW1202',
			'ZOLLPF2ZNQDA.softaid.local',
			'ZOLLMJ0BEX01.softaid.local',
			'ZOLLPF47HKZ5.softaid.local',
			'ZOLLMJ0A3J3A.softaid.local',
			'ZOLLPF28VB8G.softaid.local',
			'Lizi-Karseboom.kyma.local',
			'ZOLLPF3NPDPL.softaid.local',
			'ZOLLPF4N9DA8.softaid.local',
			'ZOLLPF47ZSHQ.softaid.local',
			'zmcopcentapp.softaid.local',
			'ZOLLMJ0A3J38.softaid.local',
			'ZOLLMJ0A281A.softaid.local',
			'ZLVDCG4',
			'ZOLLPF1JYBLC.softaid.local',
			'ZLVEpApp09.softaid.local',
			'CMS-354.softaid.local',
			'ZOLLPF3K62DG.softaid.local',
			'ZOLLPF1B4FT9.softaid.local',
			'ZOLLMP1GYZAV.softaid.local',
			'Charlie3.softaid.local',
			'ZOLLPF36QR5E.softaid.local',
			'ZMIW76193.softaid.local',
			'CMS-214.softaid.local',
			'ZOLLPF4R1810.softaid.local',
			'ZOLLPF47Q9AJ.softaid.local',
			'ZLVWEBLM',
			'ZLVEPAPP6',
			'ZOLLPF4PBWEQ.softaid.local',
			'ZOLLPF1BKU33.softaid.local',
			'zlvkymaadd28.softaid.local',
			'ZOLLMJ0A27Z9.softaid.local',
			'ZOLLMJ0BEWZ8.softaid.local',
			'ZOLLPF4JK2FM.softaid.local',
			'ZOLLMJ0DYPZ5.softaid.local',
			'CMS-305.softaid.local',
			'ZOLLPF1ABNY7.softaid.local',
			'ZOLLPF2292DF.softaid.local',
			'ZOLLPF4CQ1B8.softaid.local',
			'ZOLLMJ0A2819.softaid.local',
			'ZOLLPF2T538M.softaid.local',
			'ZOLLPF47RHLA.softaid.local',
			'ZOLLMJ0DYQ43.softaid.local',
			'zlvjiratest.softaid.local',
			'ZOLLMJ0A26RK.softaid.local',
			'ZOLLPF1M3SPG.softaid.local',
			'ZOLLPF3W5NM1.softaid.local',
			'ZOLLPF257ZC1.softaid.local',
			'ZOLLPF4N7HN3.softaid.local',
			'ZOLLMJ0A3J33.softaid.local',
			'ZEPCSNODE1.softaid.local',
			'ZOLLMJ0EHQ77.softaid.local',
			'ZOLLPF3W5L2T.softaid.local',
			'RTGeneral-App (22.04 LTS)',
			'SIM3-PC.kyma.local',
			'ZOLLPF351QB2.softaid.local',
			'ZOLLPF3GB1G0.softaid.local',
			'CMS-265.softaid.local',
			'ZOLLPF3DK7TB.softaid.local',
			'ZOLLPF4NS1QY.softaid.local',
			'CMS-044.softaid.local',
			'ZOLLPF4FNCKT.softaid.local',
			'ZOLLPF4ZYZYK.softaid.local',
			'ZOLLMJ0A3J26.softaid.local',
			'ZLVTCD-TEST - Decomm July 2',
			'ZOLLPF3TY31N.softaid.local',
			'ZOLLPF4ATG5K.softaid.local',
			'ZOLLPF47NYLS.softaid.local',
			'ZOLLPF47YEHX.softaid.local',
			'ZOLLPF0U63FE.softaid.local',
			'ZOLLMJ0BEWXY.softaid.local',
			'CMS-334.softaid.local',
			'ZLVUTIL',
			'ZLV2022TEST.softaid.local',
			'ZOLLPF4ZZ25M.softaid.local',
			'ZLVKYMALINUX01',
			'ZLVEPSSRS2',
			'ZOLLPF4N9FKW.softaid.local',
			'ZOLLMJ0CY2VV.softaid.local',
			'ZOLLPF2ZNTTQ.softaid.local',
			'ZLVServiceDesk',
			'ZOLLPF3NPBGF.softaid.local',
			'ZOLLPF12FFDU.softaid.local',
			'ZOLLMJ0A280N.softaid.local',
			'CMS-298.softaid.local',
			'ZLVBreeze3',
			'ZOLLPF2T55GA.softaid.local',
			'CMS-320.softaid.local',
			'ZOLLPF3TY5C3.softaid.local',
			'ZOLLMJ0BEXBH.softaid.local',
			'ZOLLPF4HCKV0.softaid.local',
			'ZOLLMJ0EHQ8V.softaid.local',
			'ZOLLMJ0A26S9.softaid.local',
			'ZOLLPF2KAK2K.softaid.local',
			'ZLVLVNWEB03',
			'ZOLLMJ0A26TG.softaid.local',
			'ENG-005.softaid.local',
			'ZOLLMJ0KMFNS.softaid.local',
			'ZOLLPF4NZXRQ.softaid.local',
			'ZOLLPF2T536R.softaid.local',
			'ZOLLPF4N9HSL.softaid.local',
			'ZOLLMJ0BEX16.softaid.local',
			'ZOLLMJ0EHWQC.softaid.local',
			'IdealIR2',
			'ZOLLMJ0A26T9.softaid.local',
			'ZOLLPF47TQK9.softaid.local',
			'CMS-032.softaid.local',
			'ZOLLPF46WD70.softaid.local',
			'ZOLLPF28VB98.softaid.local',
			'ZOLLMJ0A281Y.softaid.local',
			'Sigal-Peled.kyma.local',
			'ENG-009.softaid.local',
			'CMS-051.softaid.local',
			'ZOLLPF2ZNTR0.softaid.local',
			'ZOLLMJ0EHWRV.softaid.local',
			'ZOLLPF3S1WRW.softaid.local',
			'ZMCOPCENTODS.softaid.local',
			'ZOLLPF28V039.softaid.local',
			'ZOLLPF36QJGT.softaid.local',
			'ZOLL8CG74723H3.softaid.local',
			'ZOLLMJ0ASAVE.softaid.local',
			'ZOLLMJ0EETNX.softaid.local',
			'ZOLLPF36QWT4.softaid.local',
			'ZOLLMJ0AEWV5.softaid.local',
			'ZOLLPF4ASZMF.softaid.local',
			'ZOLLMJ0BEYC3.softaid.local',
			'ZOLLMJ0EHWSP.softaid.local',
			'ZOLLMJ0ASAV5.softaid.local',
			'ZOLLPF47TQGH.softaid.local',
			'ZOLLPF4PW2Y7.softaid.local',
			'Dev-Srv.kyma.local',
			'ZOLLPF2G66XF.softaid.local',
			'ZOLLMJ0EHQ8M.softaid.local',
			'ENG-015.softaid.local',
			'ZOLLMJ0A2835.softaid.local',
			'ZOLLMJ0EHQ5Z.softaid.local',
			'ZLVDBSDEV2.softaid.local',
			'ZOLLMJ09S8KG.softaid.local',
			'ZOLLMJ0EHWR1.softaid.local',
			'ZOLLPF3GANPC.softaid.local',
			'ZOLLMJ0EHWQT.softaid.local',
			'CMS-278.softaid.local',
			'ZOLLMJ0BEYCC.softaid.local',
			'ZOLLPF3NP2DY.softaid.local',
			'ZOLLPF2HTV9T.softaid.local',
			'ZOLL5CG82465FP.softaid.local',
			'ZOLLPF3QKJZ7.softaid.local',
			'ZOLL2UA52511QT.softaid.local',
			'ZOLLMJ0A3J39.softaid.local',
			'ZLVConPRDFE02',
			'ZOLLPF1SJ7AZ.softaid.local',
			'ZOLLPF4ZXWFM.softaid.local',
			'ZOLLMJ0CY2VG.softaid.local',
			'ZOLLPF3QKK2A.softaid.local',
			'TELAB008.softaid.local',
			'ZOLLMJ0EHWRZ.softaid.local',
			'ZOLLMJ0A26RE.softaid.local',
			'ZOLLMJ0DYPZY.softaid.local',
			'ZOLLPF480WF2.softaid.local',
			'ZOLLPW01JDX4.softaid.local',
			'ZOLLPF1BV301.softaid.local',
			'CMS-047.softaid.local',
			'ZLVWCPRODVIZ.softaid.local',
			'DESKTOP-KHPNQIS.softaid.local',
			'TELAB009.softaid.local',
			'ZOLLMJ0BEX1Q.softaid.local',
			'ZOLLMJ0A282Y.softaid.local',
			'ZOLLMJ0A3J2E.softaid.local',
			'ZOLLMJ0EHWSL.softaid.local',
			'ZOLLPF369EA9.softaid.local',
			'CMS-235.softaid.local',
			'ZOLLMJ0CY2VW.softaid.local',
			'ZOLL2UA52511S6.softaid.local',
			'ZLVBITSTAGE',
			'ZOLLPF3W5NP5.softaid.local',
			'ZOLLPF47KDNY.softaid.local',
			'ZOLLMJ0A26TM.softaid.local',
			'ZLVDBSTEST.softaid.local',
			'ZOLLMJ0A3J3F.softaid.local',
			'ZOLLPF351VZA.softaid.local',
			'ZOLLPF1LCC58.softaid.local',
			'ZLVCaptureRN03',
			'ZLVGCAgg06',
			'ZOLLMJ0BEYDT.softaid.local',
			'ZMCOPCENTESTDBS.softaid.local',
			'ZLVAgileDBZMI.softaid.local',
			'ZOLLMJ0A26VN.softaid.local',
			'ZOLLMJ0EHQ65.softaid.local',
			'ZOLLMJ0BEWZD.softaid.local',
			'COMM-SHIP-14.softaid.local',
			'ZOLLMJ0EHWRN.softaid.local',
			'ZOLLMJ0BEWZM.softaid.local',
			'ZOLLMJ0A26V7.softaid.local',
			'ZOLLPF463MN6.softaid.local',
			'CMS-283.softaid.local',
			'ZOLLPF3K62A9.softaid.local',
			'CMS-036.softaid.local',
			'ZOLLMJ0BEX11.softaid.local',
			'ZOLLPF4ASR5H.softaid.local',
			'CMS-202.softaid.local',
			'ZOLLPF4N7HNV.softaid.local',
			'CMS-136.softaid.local',
			'ZOLLPF1B4FR2.softaid.local',
			'ZOLLPF4NS1TQ.softaid.local',
			'ZOLLMJ0BEX03.softaid.local',
			'ZOLLMJ0BEXBA.softaid.local',
			'ZLVTFS2015APP01',
			'ZOLLPF4GGGLR.softaid.local',
			'ZOLLMJ0BEX1E.softaid.local',
			'ZOLLMJ0BEYBL.softaid.local',
			'ZOLLMJ0EHQ9G.softaid.local',
			'ZOLLPF4REJ65.softaid.local',
			'ZOLLPF1WHT7F.softaid.local',
			'ZLVContentBEQA-Restore',
			'ZOLLPF4PW1KZ.softaid.local',
			'ZLVRFTEST01-off',
			'ZOLLMJ0A280D.softaid.local',
			'ZOLLPF3MBS4A.softaid.local',
			'ZOLLPF4PW305.softaid.local',
			'ZLVEPODS2023.softaid.local',
			'ZLVKYMAADD20.softaid.local',
			'ZOLLMJ0EHQ94.softaid.local',
			'ZOLLPF4PBWFV.softaid.local',
			'ZOLLPF36QZ0W.softaid.local',
			'Research02.kyma.local',
			'ZOLLMJ0A26SQ.softaid.local',
			'SAS-MDC1.kyma.local',
			'ZOLLPF351SVP.softaid.local',
			'ZOLLMJ0A2815.softaid.local',
			'ZOLLPF3TXYKT.softaid.local',
			'ZOLLPF2ZNW7S.softaid.local',
			'ZOLLMJ0BEXAR.softaid.local',
			'ZOLLPF3652B6.softaid.local',
			'ZLVDBSAux',
			'ZOLLPF3FKGNX.softaid.local',
			'ZOLLMJ0BEWY6.softaid.local',
			'ZOLLMJ0A2802.softaid.local',
			'ZOLLPF4AQABJ.softaid.local',
			'ZCDCAPTURE.softaid.local',
			'ZOLLPF46593R.softaid.local',
			'Arbin-PC',
			'ZOLLMJ0A281Z.softaid.local',
			'ZOLLPF19XL9C.softaid.local',
			'ZOLLMJ0EHQ7R.softaid.local',
			'ZOLLPF3FKEN7.softaid.local',
			'ZOLLPF2JM475.softaid.local',
			'ZMICyberark002.kyma.local',
			'ZOLLPF144YA9.softaid.local',
			'ZLVCTX05',
			'ZOLLMJ0EHWQV.softaid.local',
			'ZOLLPF47Q71R.softaid.local',
			'ZOLLPF2G623A.softaid.local',
			'ZOLLPF3FKLL9.softaid.local',
			'ZMIW76117.softaid.local',
			'ZOLLPF4Z8EF7.softaid.local',
			'ZOLLMJ0GTDP3.softaid.local',
			'ZOLLMJ0BEXB4.softaid.local',
			'ZOLLMJ0A27ZA.softaid.local',
			'ZOLLPF0ZHVAU.softaid.local',
			'Server2019',
			'ZOLLMP1HSLV6.softaid.local',
			'ZOLLPF1YCYNJ.softaid.local',
			'ZOLLPF4N7ERC.softaid.local',
			'CMS-269.softaid.local',
			'ZOLLPF1BV4YB.softaid.local',
			'ZOLLPF3S1VAQ.softaid.local',
			'ZOLLMJ0AEWT2.softaid.local',
			'ZOLLPF4PW31B.softaid.local',
			'ZOLLMJ0A26T8.softaid.local',
			'ZOLLPF3TYHRG.softaid.local',
			'CMS-040.softaid.local',
			'ZOLLPF2KAHV3.softaid.local',
			'ZOLLPF2ZNTQA.softaid.local',
			'ZOLLPF1W9RDT.softaid.local',
			'ZOLLPF36QG55.softaid.local',
			'CMS-069.softaid.local',
			'CMS-010.softaid.local',
			'ZOLLMJ0BEWY3.softaid.local',
			'ZLVEPUPDDEV',
			'ZOLLPF4102TG.softaid.local',
			'ZOLLMJ0DYPXM.softaid.local',
			'ZOLLPF47HL1N.softaid.local',
			'ZOLLPF2ZP01V.softaid.local',
			'CMS-311.softaid.local',
			'ZOLLPF4RF0QR.softaid.local',
			'ZOLLPF1M3SQR.softaid.local',
			'ZOLLPF4HBN3Z.softaid.local',
			'ZOLLPF36RETA.softaid.local',
			'ZOLLMJ0ASAVH.softaid.local',
			'WH-Dell.kyma.local',
			'ZCCPRINT',
			'ZOLLPF4HCC50.softaid.local',
			'Ectopy.kyma.local',
			'ZOLLMJ0BEYAM.softaid.local',
			'ZOLLPF47HHQP.softaid.local',
			'ZOLLMJ0A26S3.softaid.local',
			'ZLVGCAgg08',
			'ZOLLPF23ABLL.softaid.local',
			'ZOLLPF2581JS.softaid.local',
			'ZOLLPF3MC1V9.softaid.local',
			'ZOLLMJ0BEWZT.softaid.local',
			'ZOLLPF36QJG3.softaid.local',
			'Win10-Test.kyma.local',
			'ZOLLPF2T510X.softaid.local',
			'General.kyma.local',
			'ZOLLMJ0EHWQK.softaid.local',
			'ZOLLR90YYRWC.softaid.local',
			'ZLVEPTASK01.softaid.local',
			'ZOLLMJ0HD5BF.softaid.local',
			'ZOLLPF2T5MQA.softaid.local',
			'ZOLLPF4R7BSC.softaid.local',
			'ZOLLMJ0A26S1.softaid.local',
			'ZOLLPF14JMY7.softaid.local',
			'ZLVGCAgg10-NEW',
			'ZOLLPF1ML2ZG.softaid.local',
			'ZOLLMJ09S8KC.softaid.local',
			'ZOLLMJ0BEYDJ.softaid.local',
			'ZOLLMJ0EHWRK.softaid.local',
			'ZOLL2UA53429Z8.softaid.local',
			'OPS2-PC.kyma.local',
			'ZOLLPF4GZV1G.softaid.local',
			'ZOLLMJ0BEWY7.softaid.local',
			'ZOLLMJ0A26VG.softaid.local',
			'ZOLLMJ0A27ZM.softaid.local',
			'ZOLLMJ0DYM39.softaid.local',
			'ZOLLMJ0EHQ7T.softaid.local',
			'ZLVCTXD02',
			'ZOLLPF36QTH5.softaid.local',
			'ZOLLPF47HFJ9.softaid.local',
			'ZOLLPF47HFEJ.softaid.local',
			'ZOLLPF0ZJ842.softaid.local',
			'ZOLLMJ0EHWS8.softaid.local',
			'ZOLLPF1B986W.softaid.local',
			'ZOLLPF1F6P7Q.softaid.local',
			'ZSOPCENTAPP03.softaid.local',
			'ZOLLPF1WHWF6.softaid.local',
			'ZOLLMJ0BEY9V.softaid.local',
			'ZOLLMJ0AEWV6.softaid.local',
			'ZOLLMJ0BEYDB.softaid.local',
			'ZOLLMJ0JT0ES.softaid.local',
			'CMS-185.softaid.local',
			'ZOLLMJ0GYN7F.softaid.local',
			'CMS-100.softaid.local',
			'ZOLLMJ0A3J2W.softaid.local',
			'ZOLLPF3GANKG.softaid.local',
			'ZLVWCDDEV01.softaid.local',
			'ZMIW76192.softaid.local',
			'ZOLLPF4SPFKQ.softaid.local',
			'ZOLLPF4G0RL9.softaid.local',
			'ZOLLPF3TY5DY.softaid.local',
			'ZOLLPF4AXDSK.softaid.local',
			'RT-Fetchmail2',
			'ZOLLPF4PW309.softaid.local',
			'ZOLLMJ0BEXB6.softaid.local',
			'ZMCOPCENTMOM.softaid.local',
			'ZOLLPF1WHYM9.softaid.local',
			'ZOLLMJ0BEWYM.softaid.local',
			'ZLVWEBSTAZPM.softaid.local',
			'ZOLLPF23ABM7.softaid.local',
			'CMS-345.softaid.local',
			'ZOLL65YJFG3.softaid.local',
			'ZOLLPF3TYMWR.softaid.local',
			'ZOLLPF3S1VAQ.softaid.local',
			'ZOLLPF47YEGE.softaid.local',
			'ZLVEPDBSTEST2023.softaid.local',
			'ZOLLMJ0BEYBY.softaid.local',
			'ZOLLPF28V02M.softaid.local',
			'ZOLLPF4GWGWK.softaid.local',
			'ZOLLMJ0AEWVA.softaid.local',
			'ZOLLMJ0BEX2B.softaid.local',
			'ZOLLMJ0BEXAN.softaid.local',
			'ZOLLMJ0EHQ0W.softaid.local',
			'ZOLLPF4FNT1C.softaid.local',
			'CMS-290.softaid.local',
			'zlvkyma124.softaid.local',
			'ZOLLMJ0EHWQM.softaid.local',
			'ZOLLPF28XW2K.softaid.local',
			'ZOLLPF4PW311.softaid.local',
			'ZOLLPF4NT776.softaid.local',
			'ZOLLPF4PBWGA.softaid.local',
			'CMS-328.softaid.local',
			'CMS-041.softaid.local',
			'ZOLLMJ0A26SK.softaid.local',
			'ZOLLMJ0BEX0M.softaid.local',
			'ZOLLMJ0DYQ2X.softaid.local',
			'David-Meshulam.kyma.local',
			'ZLVTFS2015DB',
			'ZOLLPF4N9D9R.softaid.local',
			'ZOLLPF3S0AXK.softaid.local',
			'ZOLLPF3MBXQ2.softaid.local',
			'ZOLLPF36TJRK.softaid.local',
			'ZOLLMJ0EHWTA.softaid.local',
			'ZOLLPF4PW2ZC.softaid.local',
			'zlvkyma122.softaid.local',
			'ZOLLPF12WRQG.softaid.local',
			'ZOLLPF3GB1GX.softaid.local',
			'ZLVEpApp07.softaid.local',
			'ZOLLMJ0BEX1J.softaid.local',
			'ZOLLPF4ATJAM.softaid.local',
			'ZLVSBC02',
			'ZOLLMJ0EHWR6.softaid.local',
			'ZOLLPF47HFHB.softaid.local',
			'ZOLLPF4PW2YP.softaid.local',
			'ZOLLPF2G6ACW.softaid.local',
			'ZLVBreeze2',
			'ZOLLPF3NPRAX.softaid.local',
			'ZOLLPF463MN6.softaid.local',
			'DESKTOP-HF4464C.softaid.local',
			'ZOLLMJ0DYQ00.softaid.local',
			'ZOLLMJ0A2834.softaid.local',
			'ZOLLPF4REJ5S.softaid.local',
			'ZLVRADIUS01',
			'ZOLLMJ0BEX1B.softaid.local',
			'ZOLLMJ0CXC82.softaid.local',
			'ZOLLMJ0BEWYN.softaid.local',
			'ZOLLMJ0A26VA.softaid.local',
			'ZOLLMJ0EHWSD.softaid.local',
			'CMS-300.softaid.local',
			'ZOLLPF1S67Z4.softaid.local',
			'ZOLLMJ0A282Z.softaid.local',
			'ZOLLPF4SYFW3.softaid.local',
			'ZOLLMJ0K0CYA.softaid.local',
			'ZOLLPF3K5ZX2.softaid.local',
			'ZOLLMJ0A26VY.softaid.local',
			'ZOLLMJ0BEYDN.softaid.local',
			'ZOLLPF464CW6.softaid.local',
			'ZOLLPF4HBZMG.softaid.local',
			'ZOLLPF47HHS9.softaid.local',
			'ZOLLPF3V1FXL.softaid.local',
			'ZOLLMJ0EHWR9.softaid.local',
			'ZOLLMJ0EHQ66.softaid.local',
			'ZLVSAILPOINT01',
			'ZOLLPF1ATV5S.softaid.local',
			'SRV-DC.kyma.local',
			'ZOLLMJ0A26SB.softaid.local',
			'ZOLLPF3W5LZZ.softaid.local',
			'Maayan-D5430.kyma.local',
			'CMS-306.softaid.local',
			'ZOLLPF464AGP.softaid.local',
			'ZOLLPF1ENTKB.softaid.local',
			'ZOLLPF3NPZ2M.softaid.local',
			'ZOLLMJ0K0DEB.softaid.local',
			'ZLVWEBTESTZPM.softaid.local',
			'ZOLLPF1ABNWG.softaid.local',
			'ZOLLPF1CT20Z.softaid.local',
			'ENG-004.softaid.local',
			'ZOLLMJ0A282D.softaid.local',
			'ZOLLPF2KALSS.softaid.local',
			'ZOLLPF351J16.softaid.local',
			'ZLVCAPTUREQA02',
			'ZOLLPF1G64MM.softaid.local',
			'ZOLLMJ0BEX0N.softaid.local',
			'ZOLLPF3TYC6Y.softaid.local',
			'ZOLLPF3TYKT7.softaid.local',
			'ZOLLMJ0BEX1H.softaid.local',
			'ITNETWORK.softaid.local',
			'ZOLLPF36S058.softaid.local',
			'ZOLLPF2G5Y32.softaid.local',
			'TELAB001.softaid.local',
			'CMS-142.softaid.local',
			'CMS-342.softaid.local',
			'ZOLLPF4N7HP9.softaid.local',
			'ZOLLMJ0A3J20.softaid.local',
			'ZOLLMJ0A2825.softaid.local',
			'ZOLLPF3W5MY3.softaid.local',
			'ZOLLMJ0EHQ7Z.softaid.local',
			'ZOLLPF352NGL.softaid.local',
			'Research03.kyma.local',
			'CMS-016.softaid.local',
			'ZOLLPF34KXXZ.softaid.local',
			'ZOLLMJ0EHQ6V.softaid.local',
			'ArkadiA-JP34SV3.kyma.local',
			'ZOLLPF47SG52.softaid.local',
			'ZOLLPF4GWPL3.softaid.local',
			'CMS-061.softaid.local',
			'ZOLLPF45QLLH.softaid.local',
			'AWS-DataSync-Agent',
			'ZOLLMJ0A26RT.softaid.local',
			'ZLVSESSION',
			'ZOLL5CG824862O.softaid.local',
			'BFT-008.softaid.local',
			'ZOLLMJ0BEYBR.softaid.local',
			'ZOLLPF4PBWEY.softaid.local',
			'ANCHOR-HOLTER-5.softaid.local',
			'ZOLLPF4PBWFX.softaid.local',
			'CMS-199.softaid.local',
			'ENG-003.softaid.local',
			'ZOLLPF2ZNZZZ.softaid.local',
			'ZOLLPF18WVCB.softaid.local',
			'zlvsccmdbs.softaid.local',
			'ZOLLMJ0EHWSV.softaid.local',
			'ZOLLMJ0BEX27.softaid.local',
			'CMS-007.softaid.local',
			'ZOLLMJ0BEYCH.softaid.local',
			'ZOLLPF1GQR3U.softaid.local',
			'ZOLLMJ0A3J3D.softaid.local',
			'Roni-Degani1.kyma.local',
			'ZOLLMJ0BAX1S.softaid.local',
			'zlvcmstage.softaid.local',
			'ZOLLPF36RCK4.softaid.local',
			'ZOLLPF4N4QZ9.softaid.local',
			'ZOLLPF0XEDGD.softaid.local',
			'ZOLLPF3S1T8B.softaid.local',
			'ZOLLPW01JDX2.softaid.local',
			'ZOLLMJ0EJQLZ.softaid.local',
			'ZOLLPF1KA13M.softaid.local',
			'ZOLLPF2T5CBD.softaid.local',
			'ZOLLMJ0A27Z5.softaid.local',
			'ZOLLPF4NRZKB.softaid.local',
			'ZOLLPF2KAK0G.softaid.local',
			'ZOLLPF36S02N.softaid.local',
			'ZLVEPDeploy',
			'ZLVL2I',
			'ZOLLPF47D9EP.softaid.local',
			'ZOLLPF4JYKBJ.softaid.local',
			'ZLVEPAPPTEST02',
			'ZOLLPF1JYDM9.softaid.local',
			'ZOLLPF4HBME8.softaid.local',
			'ZOLLPF4J3ENW.softaid.local',
			'ZOLLPF36Q4VH.softaid.local',
			'GuardicoreCOL02',
			'ZLVDBS2NODE4.softaid.local',
			'ZLVOCC161',
			'TELAB003.softaid.local',
			'ZOLLPF34KXXN.softaid.local',
			'ZOLLMJ0GYNBE.softaid.local',
			'ZOLLPF4HBPRY.softaid.local',
			'ZOLLPF36QZ27.softaid.local',
			'ZOLLMJ0BEWZ4.softaid.local',
			'ZOLLPF47D9JD.softaid.local',
			'ZMCOPCENTDEV.softaid.local',
			'ZOLLPF2WDB9A.softaid.local',
			'zmcopcentapp02.softaid.local',
			'ZOLLPF4NG7YP.softaid.local',
			'ZOLLMJ0A3J1T.softaid.local',
			'ZOLLPF1SJ532.softaid.local',
			'zepcs2node6.softaid.local',
			'ZOLLMJ0A280E.softaid.local',
			'ZOLLMJ0A282H.softaid.local',
			'ZOLLPF4HC6KZ.softaid.local',
			'ZOLLPF36RESH.softaid.local',
			'ZOLLPF1ABRQJ.softaid.local',
			'ZOLLMJ0A282E.softaid.local',
			'ZOLLMJ0BEYCG.softaid.local',
			'CMS-056.softaid.local',
			'ZOLLPF1S47N1.softaid.local',
			'Ty-WonKenobi.softaid.local',
			'ZOLLMJ0BEXBE.softaid.local',
			'ZLVLMCollector',
			'ZOLLPF19T6HD.softaid.local',
			'ZOLLPC0J88F6.softaid.local',
			'ZOLLPF1ABKJ9.softaid.local',
			'ZOLLMJ0A281B.softaid.local',
			'ZOLLMJ0BEYD7.softaid.local',
			'ZOLLPF3NPJAD.softaid.local',
			'ZOLLMJ09S8K8.softaid.local',
			'ZOLLPF47HHPD.softaid.local',
			'ZOLLPF3TYC38.softaid.local',
			'Moshe-Solomon01.kyma.local',
			'ZOLLPF28VB9A.softaid.local',
			'ZOLLMJ0CY2VP.softaid.local',
			'ZOLLMJ0EHQ64.softaid.local',
			'ZOLLPF2KALWK.softaid.local',
			'ZOLLPF4R0LRB.softaid.local',
			'FILESRV.kyma.local',
			'ZOLLPF4N9HVE.softaid.local',
			'ZOLLPF4F59NT.softaid.local',
			'Rafi-Precision.kyma.local',
			'ZOLLPF16PN62.softaid.local',
			'ZOLLPF4REG00.softaid.local',
			'ZOLLPF1G0PHC.softaid.local',
			'ZOLLPF1B4KYY.softaid.local',
			'ZLVEPAPPSC03-OLD-keepoff',
			'ZOLLPF33GDXP.softaid.local',
			'ZOLLPF1G0PJ2.softaid.local',
			'ZOLLMJ0A26R9.softaid.local',
			'ZOLLPF1SJ54Q.softaid.local',
			'CMS-005.softaid.local',
			'ZLVORGCHART',
			'ZOLLMJ0CY2VK.softaid.local',
			'CMS-285.softaid.local',
			'ZOLLMJ0BEYCE.softaid.local',
			'Ofer-Tehori.kyma.local',
			'ZOLLMJ0A27Z3.softaid.local',
			'ZOLLMJ0BEYA2.softaid.local',
			'ZOLLMJ0BEYDV.softaid.local',
			'ZOLLPF3QKJXD.softaid.local',
			'ZOLLMJ0HD550.softaid.local',
			'ZLVMCONSOLE2',
			'CMS-093.softaid.local',
			'ZOLLMJ0A3J1J.softaid.local',
			'ZOLLPF3TYFPF.softaid.local',
			'ZOLLPF4GJQYZ.softaid.local',
			'ZOLLPF351RP4.softaid.local',
			'ZOLLPF36S2A3.softaid.local',
			'ZLVGMDHCP',
			'ENG-007.softaid.local',
			'CMS-280.softaid.local',
			'ZOLLPF2T5KDX.softaid.local',
			'ZOLLMJ0A26RB.softaid.local',
			'ZOLLPF1PLQXZ.softaid.local',
			'ZOLLPF3TYMWR.softaid.local',
			'ZLVSAILPOINT02',
			'ZOLLPF2KALR6.softaid.local',
			'ZOLLPF4SH3RN.softaid.local',
			'ZOLLMJ0A26RV.softaid.local',
			'ZOLLPF28V041.softaid.local',
			'ZOLLMJ0A27ZY.softaid.local',
			'ZOLLMJ0EHQ82.softaid.local',
			'ZOLLPF1YCYMW.softaid.local',
			'ZOLLMJ0EHQ8C.softaid.local',
			'ZOLLPF1LFLZ8.softaid.local',
			'CMS-046.softaid.local',
			'ZOLLMJ0BEYCZ.softaid.local',
			'ZOLLPF1TFLNX.softaid.local',
			'ZOLLMJ0A3J1M.softaid.local',
			'ZOLLMJ0AE080.softaid.local',
			'ZOLLPF4PW2ZS.softaid.local',
			'ZOLLMJ0A26TA.softaid.local',
			'ZLVCTXS01',
			'ZSOPCENTODS.softaid.local',
			'ZOLLPF1WXK3T.softaid.local',
			'ZOLLMJ0A281T.softaid.local',
			'ZOLLMJ0A2813.softaid.local',
			'ZOLLPF18X0MV.softaid.local',
			'Haim-Gilboa.kyma.local',
			'ZOLLMJ0HDH1V.softaid.local',
			'ZOLLPF1383H9.softaid.local',
			'ZLVGCAgg09-NEW',
			'ZOLLPF12WRQD.softaid.local',
			'CLARUS3.softaid.local',
			'ZOLLPF28VB8J.softaid.local',
			'ZOLLPF1WQ1WA.softaid.local',
			'ZLVADM',
			'ZOLLPF4DBGK4.softaid.local',
			'ZLVEPTASK03',
			'ZOLLPF1SJ2RZ.softaid.local',
			'ZOLLPF4HC0V5.softaid.local',
			'ZOLLMJ0A26SE.softaid.local',
			'ZLVConSrvDEV-restore',
			'ZOLLPF47HFEZ.softaid.local',
			'ZOLLMJ0BEYDX.softaid.local',
			'athena.softaid.local',
			'ZOLLMJ0EHQ8Q.softaid.local',
			'ZOLLPF4DP09Q.softaid.local',
			'ZOLLPF1KLD6Q.softaid.local',
			'ZMI-02.kyma.local',
			'zmcopcenttest.softaid.local',
			'ZMIW76189.softaid.local',
			'ZLVCSDBSTEST - keepoff',
			'ZOLLPF4N55GZ.softaid.local',
			'ZOLLPF3MC1WQ.softaid.local',
			'ZOLLPF4N7HP9.softaid.local',
			'ZOLLMJ0A26T0.softaid.local',
			'ZOLLPF4CQ1B8.softaid.local',
			'ZOLLMJ0EHQ71.softaid.local',
			'CMS-147.softaid.local',
			'ZOLLMJ0A2831.softaid.local',
			'ZOLLMJ0A3J22.softaid.local',
			'ZOLLMJ0BEYCX.softaid.local',
			'ZOLLPF2T5MLQ.softaid.local',
			'ZLVCONTENTBEQA02',
			'ZOLLPF2T59Z6.softaid.local',
			'ZOLLMJ0ASAV9.softaid.local',
			'ZOLLPF4N7CJP.softaid.local',
			'ZOLLMJ0A3J2X.softaid.local',
			'ZOLLPF144W9S.softaid.local',
			'ZOLLMJ0BEYBS.softaid.local',
			'ZOLLPF36S04S.softaid.local',
			'ZOLL-PC4.softaid.local',
			'ZOLLPF47KDPV.softaid.local',
			'ZOLLPF4PW1PB.softaid.local',
			'ZOLLPF47YEG4.softaid.local',
			'ZOLLMJ0EHWSF.softaid.local',
			'ZOLLMJ0A26WB.softaid.local',
			'ZLVEAWEB',
			'ZOLLPF36Q0AJ.softaid.local',
			'ZOLLMJ0A281K.softaid.local',
			'ZOLLMJ0DYQ4T.softaid.local',
			'ZOLLPF47HFJ0.softaid.local',
			'ZOLLPF36QG7G.softaid.local',
			'ZOLLPF4J2B7Y.softaid.local',
			'ZOLLPF3B8968.softaid.local',
			'ZOLLMJ0A26RH.softaid.local',
			'ZOLLMJ0A27Z2.softaid.local',
			'ZOLLPF1B986J.softaid.local',
			'ZOLLPF464ZEZ.softaid.local',
			'CMS-151.softaid.local',
			'ZLVZERO',
			'ZLVDOCMGRDBDEV',
			'ZLVDBSAUX2019.softaid.local',
			'ZOLLMJ0A26VX.softaid.local',
			'CMS-203.softaid.local',
			'ZOLLPF4REG0D.softaid.local',
			'ZOLLMJ0BEYDC.softaid.local',
			'ZOLLMJ0EHWS6.softaid.local',
			'AlonE-HJK1063.kyma.local',
			'CMS-336.softaid.local',
			'ZOLLPF19T6HD.softaid.local',
			'Bar-Ita.kyma.local',
			'ZOLLPF2T5EHC.softaid.local',
			'ZOLLPF3TY9TW.softaid.local',
			'ZOLLPF1JYDN1.softaid.local',
			'ZOLLPF47HL21.softaid.local',
			'ZOLLPF4SNZ7T.softaid.local',
			'ZOLLMJ0A26SP.softaid.local',
			'PR-Test.kyma.local',
			'ZLVEpAppTest03.softaid.local',
			'ZLVOCC164',
			'ZLVCliqstore',
			'ZOLLMJ0EHWRJ.softaid.local',
			'ZOLLMJ0DYQ4R.softaid.local',
			'ZOLLMJ0A2827.softaid.local',
			'ZOLLPF4NG5MX.softaid.local',
			'ZLVAZProxy.softaid.local',
			'ZOLLPF4NHMKH.softaid.local',
			'ZOLLMJ0BEYA6.softaid.local',
			'ZOLLPF3NPP4K.softaid.local',
			'ZLVRightFax2-off',
			'Apollo5.softaid.local',
			'ZLVCTXS02',
			'ZOLLMJ0A26RM.softaid.local',
			'zmcopcentdbstest.softaid.local',
			'ZOLLPF3V37ER.softaid.local',
			'ZOLLPF4N7A9D.softaid.local',
			'ZOLLPF2KALSB.softaid.local',
			'CMS-053.softaid.local',
			'ZOLLPF47HFED.softaid.local',
			'ZOLLPF1P146N.softaid.local',
			'CMS-208.softaid.local',
			'ZOLLPF1SJ2W3.softaid.local',
			'ZOLLMJ0BEWZZ.softaid.local',
			'ZLVCaptureQA',
			'ZOLLMJ0BEX1Z.softaid.local',
			'ZOLLPF47HHSS.softaid.local',
			'ZOLLPW01JDWW.softaid.local',
			'ZLVKYMADBS.softaid.local',
			'ZOLLPF1SJ7DA.softaid.local',
			'ZOLLPF47KDP6.softaid.local',
			'Charlie0.softaid.local',
			'ZOLLPF34MDP1.softaid.local',
			'ZOLLGM0H28TV.softaid.local',
			'Yacov-Monitz.kyma.local',
			'Moshe-Solomon01.kyma.local',
			'ZOLLPF4JK2H8.softaid.local',
			'ZOLLMJ0BEWYH.softaid.local',
			'ZOLLPF1H9HA5.softaid.local',
			'ZOLLMJ0BEX0G.softaid.local',
			'DESKTOP-NNT2Q4J.softaid.local',
			'ZOLLPF4HC4KW.softaid.local',
			'ZOLLMJ0KMFPT.softaid.local',
			'ZOLLPF40KD54.softaid.local',
			'ZOLLMJ0ASAV8.softaid.local',
			'ZOLLPF4PBWDQ.softaid.local',
			'ZLVCapPRDRN01',
			'ZOLLPF3TYHRG.softaid.local',
			'ZOLLPF4817LB.softaid.local',
			'ZOLLPF1B4HY6.softaid.local',
			'Tal-Dor.kyma.local',
			'ZOLLPF3NQ861.softaid.local',
			'ZOLLPF1ATV5S.softaid.local',
			'ZLVGCAgg11-NEW',
			'ZOLLPF4SNP4J.softaid.local',
			'ZMIW76095.softaid.local',
			'ZOLLMJ0CY2VG.softaid.local',
			'ZOLLPF4D3XNJ.softaid.local',
			'DESKTOP-RV8IVVG.softaid.local',
			'CMS-213.softaid.local',
			'ZOLLPF3MBMB0.softaid.local',
			'ZLVHCMSSRS',
			'CMS-002.softaid.local',
			'ZOLLPF2KALSB.softaid.local',
			'ZOLLPF4PW1ZE.softaid.local',
			'ZOLLMJ0CY2VX.softaid.local',
			'ZOLLPF4ASR6A.softaid.local',
			'ZOLLMJ0EHWR4.softaid.local',
			'ZOLLMJ0EHWQ91.softaid.local',
			'IdealIr1',
			'ZOLLPF4NRZJQ.softaid.local',
			'CMS-270.softaid.local',
			'ZOLLMJ0EHWSN.softaid.local',
			'ZOLLPF1TFSNZ.softaid.local',
			'CMS-083.softaid.local',
			'ZOLLMJ0BEX1D.softaid.local',
			'ZOLLPF14ZYWH.softaid.local',
			'ZOLLMJ0A26RD.softaid.local',
			'ZOLLPF4R181T.softaid.local',
			'Daniel-Dell.kyma.local',
			'DESKTOP-2I0509J.softaid.local',
			'ZOLLPF4NRZKK.softaid.local',
			'ZOLLMJ0BEX21.softaid.local',
			'ZOLLPF3S1T8S.softaid.local',
			'ZOLLPF1SJ544.softaid.local',
			'ZOLLMJ0EHQ8M.softaid.local',
			'ZOLLPF1ML35D.softaid.local',
			'ZOLLGM0H28V3.softaid.local',
			'CMS-326.softaid.local',
			'ZOLLPF3W5MXJ.softaid.local',
			'Win10-Test.kyma.local',
			'ZOLLMJ0A280R.softaid.local',
			'ZOLLPF4ATLL1.softaid.local',
			'ZOLLPF1H9HD7.softaid.local',
			'ZOLLMJ0BEYD8.softaid.local',
			'ZOLLMJ0BEX29.softaid.local',
			'ZLVServiceDesk-Sim-Restore',
			'ZOLLPF47YEGT.softaid.local',
			'ZOLLMJ0CXC80.softaid.local',
			'ZLVBIT',
			'CMS-012.softaid.local',
			'ZOLLPF36S2AS.softaid.local',
			'ZOLLPF47HL28.softaid.local',
			'ZOLLPF4DBMKA.softaid.local',
			'zlvadmanager.softaid.local',
			'ZOLLPF4ASJNT.softaid.local',
			'CMS-272.softaid.local',
			'ZOLLMJ0A27Z8.softaid.local',
			'ZOLLMJ0A3J2Y.softaid.local',
			'ZLVGPOTest.softaid.local',
			'ZOLLMJ0A26VZ.softaid.local',
			'ZOLLPF3W5M1H.softaid.local',
			'ZOLLMJ0A26V4.softaid.local',
			'ZOLLMJ0A3J2Q.softaid.local',
			'ZOLLMJ0A3J3X.softaid.local',
			'CMS-195.softaid.local',
			'ZOLLMJ0A280X.softaid.local',
			'COMM-SHIP-7.softaid.local',
			'ZOLLPC26S9QP.softaid.local',
			'ZOLLMJ0A26W8.softaid.local',
			'ZOLLPF36PY3T.softaid.local',
			'ZOLLPF4FWNSP.softaid.local',
			'ZOLLPF1CT20Z.softaid.local',
			'ZOLLMJ0EHWQ91.softaid.local',
			'ZOLLPF2G624C.softaid.local',
			'ZLVZERODEV',
			'ZOLLPF1S67YW.softaid.local',
			'ZLVCAPTUREDEV16',
			'ZOLLPF47WJRE.softaid.local',
			'opcentodstest.softaid.local',
			'ZOLLMJ0BEYB0.softaid.local',
			'ZOLLPF1BV2YM.softaid.local',
			'ZLVGCAgg03',
			'ZOLLMJ0A2826.softaid.local',
			'ZOLLPF4DREZV.softaid.local',
			'ZLVARCHIVEQA02',
			'ZOLLMJ0EHQ94.softaid.local',
			'ZOLLPF1K9Z2A.softaid.local',
			'ZOLLMJ0EHWR6.softaid.local',
			'ZOLLMJ0DYQ4C.softaid.local',
			'Daniel-Dell.kyma.local',
			'ZLVBITTEST',
			'ZOLLMJ0EHQ19.softaid.local',
			'ZOLLMJ0CY2VT.softaid.local',
			'ZOLLMJ0BEYE5.softaid.local',
			'ZOLLPF367FGD.softaid.local',
			'ZOLLPF1W8LBE.softaid.local',
			'ZLVADS',
			'ZOLLPF2T5A1W.softaid.local',
			'ZOLLMJ0A3J3J.softaid.local',
			'ZOLLMJ0EHWQQ.softaid.local',
			'ZOLLPF2KALSB.softaid.local',
			'ZLVEPAPP5',
			'ZOLLPF3S0AYB.softaid.local',
			'ZOLLMJ0BEYA1.softaid.local',
			'ZOLLMJ0AEWT3.softaid.local'
		]
	},
	{
		"Customer Name": 'Great Lakes Insurance',
		assets: []
	},
	{
		"Customer Name": 'Zoll LifeVest IR',
		assets: []
	},
	{
		"Customer Name": 'Pocket Nurse',
		assets: []
	},
	{
		"Customer Name": 'Pitt Ohio Express',
		assets: []
	},
	{
		"Customer Name": 'Allegheny College',
		assets: [
			'vCenter Server 7.0',
			'passcore (decomm)',
			'datawarehouse-test',
			'odyssey',
			'dc5',
			'kbox',
			'sage',
			'webmo',
			'csgolddb',
			'softdocs-new',
			'savalet',
			'fileserver',
			'remotedesktop',
			'greylog',
			'softdocs',
			'AC-XIQ-NAC',
			'mnova',
			'dhcp (kea)',
			'informer5.allegheny.edu',
			'croc',
			'addomain2',
			'colleague',
			'wsus',
			'papercutmf',
			'colleague-training',
			'informer-test',
			'AC-XIQ-Analytics',
			'ns2',
			'radius2',
			'collweb',
			'csgoldweb',
			'synoptix',
			'ipam',
			'radius1',
			'ns1',
			'webmo9',
			'selfservicetest',
			'ci',
			'collweb - old',
			'ui',
			'puppet',
			'GC-Coll-vukc',
			'PRTG',
			'GC-Coll-vukb',
			'mdt (powered off)',
			'mail',
			'securelink',
			'rstudio',
			'selfservicetest - old',
			'siemenspc',
			'gis',
			'GC-Coll-vuka',
			'addomain',
			'informer (decomm)',
			'whd-test',
			'shiny',
			'emsdb',
			'acmedns',
			'ipam-new-new',
			'selfservice',
			'datawarehouse',
			'dc4',
			'mdt-2022',
			'croc-old-old',
			'accounts',
			'ideal2',
			'illiad',
			'mail-old-old',
			'AC-XIQ-SE',
			'selfservice - old',
			'ideal1',
			'build - Legacy [ Do Not Start ]',
			'ui2 legacy',
			'dhcp-campnet',
			'bookstore',
			'dhcp-wireless',
			'esdev',
			'mdt-new',
			'PDQ',
			'colleague-test',
			'instantid',
			'GC-Coll-murrayb',
			'Build',
			'cleanaddress',
			'GC-Coll-murrayc',
			'webhelp',
			'GC-Coll-murraya',
			'synoptix-test',
			'GC-Agg-murrayb',
			'informer5',
			'ppv25',
			'VMware Skyline Appliance (powered off)',
			'vpn',
			'csgoldtps',
			'dns1',
			'dns2',
			'physics',
			'monitor',
			'papercutPC'
		]
	},
	{
		"Customer Name": 'Polyconcept North America',
		assets: []
	},
	{
		"Customer Name": 'Zoll Medical',
		assets: []
	},
	{
		"Customer Name": 'Valley Healthcare System',
		assets: [
			'VHCS-SAGEAP2022.vhs.valleyhealthcare.org',
			'VHCS-EXCH01.mail.net',
			'VHS-DC1-2008.vhs.valleyhealthcare.org',
			'SAGEDBSERVER.vhs.valleyhealthcare.org',
			'VHCS-SAGEAPP01.vhs.valleyhealthcare.org',
			'MAILDC02.mail.net',
			'ECET01.vhs.valleyhealthcare.org',
			'VHCS-SAGEDB2022.vhs.valleyhealthcare.org',
			'vhsadds.vhs.valleyhealthcare.org',
			'MORFS01.vhs.valleyhealthcare.org',
			'VHSSQL.vhs.valleyhealthcare.org',
			'maildc01.mail.net',
			'VHCS-DC02.vhs.valleyhealthcare.org',
			'VHCS-DHCP02.vhs.valleyhealthcare.org',
			'MORFS02.vhs.valleyhealthcare.org',
			'EXCHANGE2013.mail.net',
			'VHSDC2008.vhs.valleyhealthcare.org',
			'VHSPRINT2012.vhs.valleyhealthcare.org',
			'VHCS-DC01.vhs.valleyhealthcare.org',
			'VHCS-SYSAIDAPP.vhs.valleyhealthcare.org',
			'VHCS-DC1.vhs.valleyhealthcare.org',
			'VHCS-DUO01.vhs.valleyhealthcare.org',
			'ECET01.vhs.valleyhealthcare.org',
			'VHS-WEBSERVER.vhs.valleyhealthcare.org',
			'VHCS-DHCP01.vhs.valleyhealthcare.org'
		]
	},
	{
		"Customer Name": 'Central Electric Cooperative',
		assets: [
			'40017dbs',
			'ENG-Robinson-LT.cecmain.local',
			'IT-Laptop2-LT.cecmain.local',
			'EXEC-Linke-WS.cecmain.local',
			'ENG-Crawford-SP8.cecmain.local',
			'OPS-Craig-WS.cecmain.local',
			'IT-MONITOR-WS.cecmain.local',
			'MBR-DANIELS-WS.cecmain.local',
			'MBR-FrontCtr-WS.cecmain.local',
			'EXEC-KCLARK-WS.cecmain.local',
			'CECGIS.cecmain.local',
			'IT-Laptop1-LT.cecmain.local',
			'IT-Temp-WS.cecmain.local',
			'IT-ALLINONE1-WS.cecmain.local',
			'MBR-LONG-WS.cecmain.local',
			'MBR-TDefib-WS.cecmain.local',
			'OPS-EvankAI1-WS.cecmain.local',
			'CECADAUDIT.cecmain.local',
			'FIN-Conti-WS.cecmain.local',
			'CECSOLAR.cecmain.local',
			'ENG-OUT2-WS.cecmain.local',
			'MBR-LHurrel-WS.cecmain.local',
			'CECDUOPROX.cecmain.local',
			'FIN-Mong-WS.cecmain.local',
			'CECDC01',
			'IT-AllInOne2-WS.cecmain.local',
			'CECDC-02.cecmain.local',
			'EXEC-Boshaw-SP6.cecmain.local',
			'CECDC01.cecmain.local',
			'FIN-ContiWFH-LT.cecmain.local',
			'FIN-JMechling-WS.cecmain.local',
			'CECAOAPP',
			'MBR-PBETROS-WS.cecmain.local',
			'MBR-Front-WS.cecmain.local',
			'CEC-TNSAPP',
			'IT-KOSSMANC-WS.cecmain.local',
			'ENG-Outage2-WS.cecmain.local',
			'FIN-KMartin-WS.cecmain.local',
			'EXEC-CLARK-WS.cecmain.local',
			'CECSDESK.cecmain.local',
			'OPS-Aughton-WS.cecmain.local',
			'FIN-Sprasky-WS.cecmain.local',
			'ENG-ROBINSON-SP8.cecmain.local',
			'OPS-Mech-WS.cecmain.local',
			'MBR-Stefanacci.cecmain.local',
			'CECHVAC.cecmain.local',
			'CECDoors01.cecmain.local',
			'IT-CWHIT1-WS.cecmain.local',
			'MBR-CEC-LT.cecmain.local',
			'ENG-ONECALL-WS.cecmain.local',
			'EXEC-Bresn-WS.cecmain.local',
			'IT-AllInOne2-WS.cecmain.local',
			'OPS-Edwards-WS.cecmain.local',
			'CEC-TNSDB',
			'IT-AllinOne4-WS.cecmain.local',
			'ENG-Master-SP8.cecmain.local',
			'IT-Temp1-WS.cecmain.local',
			'ENG-BFESEN-WS.cecmain.local',
			'IT-SPARE-3-WS.cecmain.local',
			'CEC-GuestMtg-WS',
			'MBR-HURREL-WS.cecmain.local',
			'MBR-CallMonitor.cecmain.local',
			'IT-BoardRm-WS.cecmain.local',
			'OP-Jevank-WS.cecmain.local',
			'FIN-McGregor-TB.cecmain.local',
			'CECDC-01.cecmain.local',
			'CECDC02.cecmain.local',
			'MBR-Prosser-WS.cecmain.local',
			'40017web',
			'OPS-WBetros-WS.cecmain.local',
			'IT-Spare2-TB.cecmain.local',
			'HR-Kriebel-WS.cecmain.local',
			'ENG-Spare1-LT.cecmain.local',
			'40017ivr',
			'HR-CCULLEN-WS.cecmain.local',
			'ENG-ACraw-LT.cecmain.local',
			'ENG-CSmith-LT.cecmain.local',
			'MBR-STALEY-WS.cecmain.local',
			'IT-Work1-SP3.cecmain.local',
			'ENG-Kandor-LT.cecmain.local',
			'ENG-Fesenmy-WS.cecmain.local',
			'MBR-Meter-WS.cecmain.local',
			'CECMITEL',
			'EXEC-Boshaw-SP6.cecmain.local',
			'MBR-CLong-WS.cecmain.local',
			'MBR-ACRAIG-WS.cecmain.local',
			'ENG-CHEETER-WS.cecmain.local',
			'IT-ALLINONE5-WS.cecmain.local',
			'OPS-KElder-TB.cecmain.local',
			'FIN-Conti-SP4.cecmain.local',
			'CECAODB',
			'IT-Kossman-WS.cecmain.local',
			'CECREMIT.cecmain.local',
			'EXE-Boshaw-SP8.cecmain.local',
			'CECOPS01.cecmain.local',
			'ENG-Outage1-WS.cecmain.local',
			'OPS-Mech-TB.cecmain.local',
			'EXEC-Dlinke-WS.cecmain.local',
			'ENG-Robinson-LT.cecmain.local',
			'MBR-TRITTEMP-WS.cecmain.local',
			'IT-Temp-WS.cecmain.local',
			'OPS-CCOGLEY-WS.cecmain.local',
			'OPS-Mechanics-WS.cecmain.local',
			'FIN-Mechling-WS.cecmain.local',
			'MBR-Afair-WS.cecmain.local',
			'CECWUG.cecmain.local',
			'MBR-Mail-WS.cecmain.local',
			'Eng-LNeis-WS.cecmain.local',
			'CECDCENTRAL.cecmain.local',
			'MBR-SBLAIN-WS.cecmain.local',
			'MBR-CPANIAN-WS.cecmain.local',
			'MBR-Blain-WS.cecmain.local',
			'ENG-Wallin-SP6.cecmain.local',
			'ENG-Wallin-WS.cecmain.local',
			'MBR-Hoover-WS.cecmain.local',
			'MBR-MOORE-WS.cecmain.local',
			'FIN-Martin-WS.cecmain.local',
			'MBR-Meter-TB.cecmain.local',
			'MBR-DLARIMORE-WS.cecmain.local',
			'ENG-Wallin-LT.cecmain.local',
			'MBR-Panian-WS.cecmain.local',
			'IT-CWHIT-SP9.cecmain.local',
			'CECShoretel',
			'IT-CWHIT-SP4.cecmain.local',
			'40017vlt',
			'CECSOLAR.cecmain.local',
			'ENG-JWallin-WS.cecmain.local',
			'CECVEEAM02.cecmain.local',
			'CECSLGateway.cecmain.local',
			'ENG-Terwilliger-WS.cecmain.local',
			'ENG-OUT1-WS.cecmain.local',
			'ENG-Beckwith-WS.cecmain.local',
			'OPS-Stewart-WS.cecmain.local',
			'ENG-PAONE-WS.cecmain.local',
			'CECFILE.cecmain.local',
			'ENG-ACraw-LT.cecmain.local',
			'OPS-CEdwards-WS.cecmain.local',
			'IT-SBECHTEL-WS.cecmain.local',
			'IT-Bechtel-WS.cecmain.local',
			'ENG-NEISWONG-WS.cecmain.local',
			'ENG-Spare1-LT.cecmain.local',
			'MBR-MailRm-WS.cecmain.local',
			'OPS-BSTEWART-WS.cecmain.local',
			'FIN-MMong-WS.cecmain.local',
			'IT-Kossman-LT.cecmain.local',
			'IT-ALLINONE5-WS.cecmain.local',
			'OPS-BBETROS-WS.cecmain.local',
			'OPS-griebel-WS.cecmain.local',
			'FIN-DMcgreg-LT.cecmain.local',
			'CECPRINT01.cecmain.local',
			'ENG-BFesen-LT.cecmain.local',
			'FIN-Prasky-WS.cecmain.local',
			'OPS-Lineman-WS.cecmain.local',
			'OPS-WFHEvank-WS.cecmain.local',
			'OPS-MGriebel-WS.cecmain.local',
			'IT-SPARE-1-WS.cecmain.local'
		]
	},
	{
		"Customer Name": 'Ex-One',
		assets: []
	},
	{
		"Customer Name": 'Pharmacy Quality Solutions',
		assets: []
	},
	{
		"Customer Name": 'Auberle',
		assets: []
	},
	{
		"Customer Name": 'American Refining Group',
		assets: [
			'B-P-SP16BI.amref.com',
			'B-P-CBS-App2.amref.com',
			'B-P-NVR4.amref.com',
			'B-P-BCK1.amref.com',
			'S-P-NVR1',
			'Brad-FTMaint.amref.com',
			'S-P-APP2.amref.com',
			'B-D-SQL3.amref.com',
			'Pitt-App1.amref.com',
			'B-P-SP19App1',
			'B-P-App1.amref.com',
			'B-P-Web2.amref.com',
			'B-P-Print1.amref.com',
			'S-P-NVR2.amref.com',
			'Brad-DC3',
			'B-P-ADConn1.amref.com',
			'Brad-SKM.amref.com',
			'B-P-SP16App2.amref.com',
			'P-P-SQL1.amref.com',
			'B-P-SP19Web2',
			'B-P-FS2.amref.com',
			'B-D-Web4.amref.com',
			'B-P-PIAFVis1.amref.com',
			'B-P-DC4.amref.com',
			'Pitt-FS1.amref.com',
			'B-P-TS1',
			'B-P-Duo1.amref.com',
			'B-P-CertAuth1.amref.com',
			'Pitt-Board',
			'Brad-SP-Web1.amref.com',
			'B-P-FlexCapt1.amref.com',
			'B-P-Security2',
			'B-P-Arcoms1.amref.com',
			'B-S-SQL3.amref.com',
			'B-P-NPS2.amref.com',
			'Brad-WSUS1.amref.com',
			'B-P-WEB1.amref.com',
			'B-P-QCSQL.amref.com',
			'S-P-Backup1.amref.com',
			'B-P-Deploy1.amref.com',
			'P-P-Backup1.amref.com',
			'B-P-NVR1',
			'B-P-ITMon1',
			'P-P-FS1.amref.com',
			'B-P-QCApp.amref.com',
			'B-P-SQL1.amref.com',
			'B-P-IT1.amref.com',
			'B-P-SP19Web1',
			'B-D-QCSQL2.amref.com',
			'B-P-Print3.amref.com',
			'B-P-DC5.amref.com',
			'P-P-FS2.amref.com',
			'B-P-Print2',
			'main-lincoln10.amref.com',
			'B-P-MachHM1.amref.com',
			'B-P-PILogger1.amref.com',
			'B-P-Web4.amref.com',
			'B-P-Insight1',
			'B-P-CBS-Proc2.amref.com',
			'B-P-Rel-Inspect.amref.com',
			'P-P-Duo1.amref.com',
			'B-P-Sogas1.amref.com',
			'B-P-SQL3.amref.com',
			'B-D-WEB1.amref.com',
			'B-S-Web4.amref.com',
			'B-P-Sogas1',
			'B-P-Exchange1.amref.com',
			'B-P-MachWork1.amref.com',
			'B-P-SP19SQL1',
			'B-D-SP2016.amref.com',
			'B-P-PIODBC1.amref.com',
			'B-P-FF2-4Bay.amref.com',
			'B-P-FS1.amref.com',
			'P-D-SQL2.amref.com',
			'B-P-Security2.amref.com',
			'Brad-WSUS2.amref.com',
			'B-P-Glacier1.amref.com',
			'P-P-Sogas1.amref.com',
			'B-P-ITMon2.amref.com',
			'Main-ITMon10.amref.com',
			'P-P-DC2.amref.com',
			'B-P-Substation1.amref.com',
			'B-P-QCIM.amref.com',
			'B-P-SQL4.amref.com',
			'B-P-Security1.amref.com',
			'B-D-SQL4.amref.com',
			'B-P-InstForms.amref.com',
			'B-S-Web3.amref.com',
			'B-P-FTMaint2.amref.com',
			'S-P-Security1.amref.com',
			'P-P-SQL2.amref.com',
			'Brad-FS1.amref.com',
			'P-P-Board3',
			'B-D-SP16SQL1.amref.com',
			'B-S-WEB1.amref.com',
			'B-P-NVR6.amref.com',
			'B-P-TFS1.amref.com',
			'B-P-NVR2',
			'B-P-SP16Search2.amref.com',
			'B-P-DC3.amref.com',
			'B-P-iMaint2.amref.com',
			'B-P-PytApp1.amref.com',
			'B-P-HySys1.amref.com',
			'Brad-Sogas.amref.com',
			'B-P-SP16SQL2.amref.com',
			'B-P-SP19App2',
			'B-D-Web3.amref.com',
			'B-P-PIArchive1.amref.com',
			'B-P-SQL2.amref.com',
			'B-P-SP16Web2.amref.com',
			'S-P-DC1.amref.com',
			'B-P-FF2-Rose.amref.com',
			'B-P-SQLDW1.amref.com',
			'B-P-NVR3',
			'B-P-SKM1',
			'B-P-WinApp1.amref.com',
			'P-P-DC1.amref.com',
			'B-P-CBS-SQL2.amref.com',
			'S-P-APP1.amref.com',
			'P-D-Board4.amref.com',
			'B-P-DC1.amref.com',
			'B-S-SQL1.amref.com',
			'brad-deploy.amref.com',
			'Brad-SP-Search1.amref.com',
			'B-D-SQL1.amref.com',
			'B-D-QCApp2.amref.com',
			'Brad-TS-PP',
			'P-P-Board4.amref.com',
			'B-P-Web3.amref.com',
			'B-S-SQL4.amref.com',
			'B-P-NVR5.amref.com',
			'P-P-DR.amref.com',
			'B-P-FF2-FBBU.amref.com',
			'Brad-SP-SQL1.amref.com',
			'P-D-SQL1.amref.com',
			'B-P-Scales1',
			'B-P-ServiceDesk.amref.com',
			'Pitt-DR.amref.com'
		]
	},
	{
		"Customer Name": 'Exceleras',
		assets: []
	},
	{
		"Customer Name": 'Rosedale Technical College',
		assets: []
	},
	{
		"Customer Name": 'Consumer Fresh Produce Inc',
		assets: []
	},
	{
		"Customer Name": 'Romano Beverage',
		assets: [
			'pwrd-fp01.powerdist.net',
			'REPORT.powerdist.net',
			'pwrd-dc01.powerdist.net',
			'NESMITH.powerdist.net',
			'WEB.powerdist.net',
			'RGUERRERO2022.powerdist.net',
			'GORDON.powerdist.net',
			'MORRIS.powerdist.net',
			'pwrd-dc02.powerdist.net'
		]
	},
	{
		"Customer Name": 'Chameleon Software, LLC',
		assets: []
	},
	{
		"Customer Name": 'Butler County Community College',
		assets: []
	},
	{
		"Customer Name": 'The Minerals, Metals & Materials Society',
		assets: []
	},
	{
		"Customer Name": 'American Textiles',
		assets: []
	},
	{
		"Customer Name": 'Foundation Radiology Group',
		assets: []
	},
	{
		"Customer Name": 'Blue Bastion',
		assets: [
			'Windows 10 1803 Baseline',
			'ubuntu-test',
			'Win7-7',
			'Win7-6',
			'PC1.bluebastion.com',
			'BlueBastion-Q',
			'II-Sec-2012R2',
			'Win10-1803-Master',
			'Win7-9',
			'GC-COLL-ESX2',
			'Win7-10',
			'SOC-CLIENT-15',
			'Win10-1803-Master',
			'Win7-8',
			'WIN-FFQIASCDF7U',
			'aqeel-cortex.IdealDemo.Local',
			'beats-by-joe',
			'Ubuntu_Ross',
			'Win7-8',
			'Win7-5',
			'Demo-Win10-Q',
			'GuardAgg01',
			'BB-Server2016',
			'GuardColl01',
			'GC-AGG-01',
			'Demo-DC3.IdealDemo.Local',
			'Win7-13',
			'II-Sec-2016',
			'infection-monkey-ubuntu-20181113',
			'BB-Server2008',
			'II-Demo-DC2',
			'SOC-CLIENT6.IdealDemo.Local',
			'SOC-CLIENT3.IdealDemo.Local',
			'soc-client1.IdealDemo.Local',
			'win10-client.simple-domain.local',
			'SecKali',
			'Q-Cortex.IdealDemo.Local',
			'Win7-9',
			'SOC-CLIENT4.IdealDemo.Local',
			'Infection Monkey 1.6.2',
			'BB-Server2003',
			'GuardiCore_Centra_MGMTv29',
			'Win7-7',
			'TermServ01.bluebastion.com',
			'soc-app-01.IdealDemo.Local',
			'SOC-SQL-01.IdealDemo.Local',
			'II-Demo-vCenter16',
			'SOC-FS-01.IdealDemo.Local',
			'GuardiCore_Centra_MGMTv29',
			'GC-COLL-ESX1',
			'DESKTOP-I35UHAU',
			'BB-WorkstationW7',
			'Windows 10 1803 Baseline',
			'Win7-12',
			'BB-Server2016',
			'Win7-5',
			'Server-2016-Secureboot',
			'GC-COLL-ESX4',
			'SOC-CLIENT2.IdealDemo.Local',
			'BB-WorkstationW7',
			'client-02.simple-domain.local',
			'GuardColl02',
			'JakeR-ubuntutest',
			'II-Lab-DC1',
			'Win7-11',
			'Win10-1803-Master',
			'JKali',
			'Sec-Ubuntu',
			'Sec_Kali',
			'Server 2016 Baseline',
			'Win7-6',
			'Sec-Win_7_1',
			'Win7-11',
			'Server 2016 Baseline',
			'jrabinovitzs-MacBook-Air.local',
			'BB-Server2016',
			'Pentera_Main',
			'Win7Virus',
			'Infection Monkey 1.6.2',
			'Sec-Ubuntu',
			'infection-monkey-ubuntu-20181113',
			'SOC-CLIENT7.IdealDemo.Local',
			'BB-Server2008',
			'GC-AGG-02',
			'II-Demo-DC1',
			'BB-Server2003',
			'Win7-12',
			'DESKTOP-TDU7HSQ.simple-domain.local',
			'SOC-CLIENT5.IdealDemo.Local',
			'Win7-13',
			'Windows-Q-Second.IdealDemo.Local',
			'BBDC02.bluebastion.com'
		]
	},
	{
		"Customer Name": 'North Way Christian Community',
		assets: [
			'NWCCWEX116',
			'LEN210629-1.nwcc.org',
			'DEL190711-1.nwcc.org',
			'DEL101109-1-PC.nwcc.org',
			'NWCCWEX03.nwcc.org',
			'NWCC_SewickleyArchiver',
			'NWCCWEX24.nwcc.org',
			'DEL111010-1-PC.nwcc.org',
			'DEL180608-1.nwcc.org',
			'NWCCWEX22.nwcc.org',
			'NWCCWEX35.nwcc.org',
			'DEL210622-1.nwcc.org',
			'novak-asus-700.nwcc.org',
			'NWCCWEX23.nwcc.org',
			'DESKTOP-DT2GE7E.nwcc.org',
			'Sam221220-1.nwcc.org',
			'DEL180605-1.nwcc.org',
			'FRAMEWORK-697.nwcc.org',
			'NWCCWEX14.nwcc.org',
			'NWCCWEX10.nwcc.org',
			'NWCCWEX18.nwcc.org',
			'NWCCWEX10.nwcc.org',
			'DEL170619-1.nwcc.org',
			'GCTestServer2016.IdealDemo.Local',
			'NWCCWEX30.nwcc.org',
			'NOVAK-633.nwcc.org',
			'NWCCDUOAP.nwcc.org',
			'novak-705-1123.nwcc.org',
			'NWCCWEX10.nwcc.org',
			'NWCCWEX31.nwcc.org',
			'SAM230809-1.nwcc.org',
			'FEDIN-321.nwcc.org',
			'DEL161207-1.nwcc.org',
			'NWCCWEX11.nwcc.org',
			'DEL180625-1.nwcc.org',
			'del210604-1.nwcc.org',
			'NWCCRobCams.nwcc.org',
			'DEL170928-1.nwcc.org',
			'OaklandSafety.nwcc.org',
			'Finanace564.nwcc.org',
			'DEL180705-1.nwcc.org',
			'NWCCWEX04.nwcc.org',
			'NWCCWEX12.nwcc.org',
			'FEDIN-HP-600.nwcc.org',
			'nwccwex09.nwcc.org',
			'NWCCWEX32.nwcc.org',
			'Nautilus.nwcc.org',
			'DEL160805-1-PC.nwcc.org',
			'NWCCWEX16.nwcc.org',
			'LEN220408-1.nwcc.org'
		]
	},
	{
		"Customer Name": 'InVision Human Services',
		assets: [
			'W11-L010504',
			'IHSHELPDESK',
			'SVISVR03.SharpVisions.local',
			'IHSDC1',
			'SVIAdmin.SharpVisions.local',
			'L009964-CND24219X5.SharpVisions.local',
			'W11-L010503',
			'helpdesk',
			'IHSSQL01',
			'W11-L009454',
			'IHSAPI01.SharpVisions.local',
			'W11-L008850',
			'IHSRDS01',
			'IHSSQL01-NEW.SharpVisions.local',
			'W11-L009976',
			'SVISVR03',
			'W11-L009749',
			'ihsadmin1',
			'L008971-BDRFJX2.SharpVisions.local',
			'IHSADMIN01.SharpVisions.local',
			'IHSDDPEFE01',
			'IHSEXCH01',
			'W11-L009565',
			'IHSDC2',
			'W11-L008929',
			'IHSAPI01',
			'W11-L009741',
			'W11-L009582',
			'W11-R100089',
			'L008137-757Z7T2.SharpVisions.local'
		]
	},
	{
		"Customer Name": 'Pittsburgh International Race Complex',
		assets: []
	},
	{
		"Customer Name": 'Shepherd Electric',
		assets: []
	},
	{
		"Customer Name": 'Brayman Construction Corporation',
		assets: [
			'EA4039.BraymanTree.local',
			'EA4083.BraymanTree.local',
			'EA4204.BraymanTree.local',
			'EA4410.BraymanTree.local',
			'BCC-VP-PORTAL-TEST.BraymanTree.local',
			'BOB.BraymanTree.local',
			'EA3728.BraymanTree.local',
			'EA4049.BraymanTree.local',
			'EA4220.BraymanTree.local',
			'EA3064.BraymanTree.local',
			'EA4470.BraymanTree.local',
			'EA4527.BraymanTree.local',
			'BCC-HCSS-HB.BraymanTree.local',
			'EA4224.BraymanTree.local',
			'EA4225.BraymanTree.local',
			'EA3825.BraymanTree.local',
			'PC-322.BraymanTree.local',
			'EA4196.BraymanTree.local',
			'EA4085.BraymanTree.local',
			'EA4075.BraymanTree.local',
			'EA4320.BraymanTree.local',
			'BCC-HVC-04.BraymanTree.local',
			'BCDC-08.BraymanTree.local',
			'EA4105.BraymanTree.local',
			'EA4635.BraymanTree.local',
			'EA3494.BraymanTree.local',
			'BCC-VEEAM-SAX.BraymanTree.local',
			'BCC-SD-02.BraymanTree.local',
			'EA4211.BraymanTree.local',
			'EA4379.BraymanTree.local',
			'LENNY.BraymanTree.local',
			'EA4173.BraymanTree.local',
			'EA4082.BraymanTree.local',
			'EA3944.BraymanTree.local',
			'EA4247.BraymanTree.local',
			'EA3626.BraymanTree.local',
			'EA3237.BraymanTree.local',
			'EA3998.BraymanTree.local',
			'EA4164.BraymanTree.local',
			'EA3192.BraymanTree.local',
			'EA4249.BraymanTree.local',
			'EA4065.BraymanTree.local',
			'BPC-SD-02.BraymanTree.local',
			'DSP.BraymanTree.local',
			'SKINNER.BraymanTree.local',
			'EA3513.BraymanTree.local',
			'EA4408.BraymanTree.local',
			'EA3672.BraymanTree.local',
			'EA3836.BraymanTree.local',
			'EA3994.BraymanTree.local',
			'AQ-DFS-BUTLER.BraymanTree.local',
			'EA4447.BraymanTree.local',
			'EA3691.BraymanTree.local',
			'EA4338.BraymanTree.local',
			'EA3199.BraymanTree.local',
			'EA3453.BraymanTree.local',
			'EA3309.BraymanTree.local',
			'EA3765.BraymanTree.local',
			'EA4012.BraymanTree.local',
			'EA4279.BraymanTree.local',
			'ACR-PDM-SIM-2.BraymanTree.local',
			'EA3662.BraymanTree.local',
			'EA4337.BraymanTree.local',
			'EA4072.BraymanTree.local',
			'EA4330.BraymanTree.local',
			'EA4143.BraymanTree.local',
			'EA3162.BraymanTree.local',
			'EA4647.BraymanTree.local',
			'ACR-SD-03.BraymanTree.local',
			'ACRDC-01.BraymanTree.local',
			'EA4417.BraymanTree.local',
			'EA4352.BraymanTree.local',
			'LT-564.BraymanTree.local',
			'EA4167.BraymanTree.local',
			'EA3879.BraymanTree.local',
			'EA4559.BraymanTree.local',
			'EA3600.BraymanTree.local',
			'EA3592.BraymanTree.local',
			'EA3358.BraymanTree.local',
			'EA3968.BraymanTree.local',
			'EA4035.BraymanTree.local',
			'ACR-MISYS.BraymanTree.local',
			'EA3766.BraymanTree.local',
			'EA4486.BraymanTree.local',
			'EA3462.BraymanTree.local',
			'EA4291.BraymanTree.local',
			'EA4024.BraymanTree.local',
			'EA4067.BraymanTree.local',
			'EA3832.BraymanTree.local',
			'EA4359.BraymanTree.local',
			'EA3833.BraymanTree.local',
			'BCC-RDL-01.BraymanTree.local',
			'QUIMBY.BraymanTree.local',
			'EA3736.BraymanTree.local',
			'EA3730.BraymanTree.local',
			'BCC-TERA-DR1.BraymanTree.local',
			'EA3822.BraymanTree.local',
			'EA4013.BraymanTree.local',
			'EA3445.BraymanTree.local',
			'EA3709.BraymanTree.local',
			'EA4066.BraymanTree.local',
			'EA3977.BraymanTree.local',
			'ADV-PFAB-01.BraymanTree.local',
			'EA4271.BraymanTree.local',
			'EA4605.BraymanTree.local',
			'EA4164.BraymanTree.local',
			'BCC-CAM-03.BraymanTree.local',
			'EA4095.BraymanTree.local',
			'EA4174.BraymanTree.local',
			'EA4411.BraymanTree.local',
			'EA4529.BraymanTree.local',
			'BCC-SQL-02.BraymanTree.local',
			'EA4278.BraymanTree.local',
			'EA4373.BraymanTree.local',
			'EA4089.BraymanTree.local',
			'EA4017.BraymanTree.local',
			'EA3773.BraymanTree.local',
			'EA4293.BraymanTree.local',
			'EA3377.BraymanTree.local',
			'EA3983.BraymanTree.local',
			'EA3790.BraymanTree.local',
			'EA4223.BraymanTree.local',
			'PC-284.BraymanTree.local',
			'EA4255.BraymanTree.local',
			'EA3658.BraymanTree.local',
			'EA4661.BraymanTree.local',
			'EA4620.BraymanTree.local',
			'EA4003.BraymanTree.local',
			'EA3254.BraymanTree.local',
			'EA4178.BraymanTree.local',
			'EA4315.BraymanTree.local',
			'BCC-AZRCON-1.BraymanTree.local',
			'EA3765.BraymanTree.local',
			'EA4285.BraymanTree.local',
			'EA3769.BraymanTree.local',
			'EA4022.BraymanTree.local',
			'EA4623.BraymanTree.local',
			'EA4371.BraymanTree.local',
			'BCC-VP-MFM.BraymanTree.local',
			'EA4369.BraymanTree.local',
			'EA3410.BraymanTree.local',
			'BCC-CAM-05.BraymanTree.local',
			'EA4117.BraymanTree.local',
			'EA4256.BraymanTree.local',
			'EA4604.BraymanTree.local',
			'EA3768.BraymanTree.local',
			'EA4135.BraymanTree.local',
			'EA3622.BraymanTree.local',
			'EA4451.BraymanTree.local',
			'EA3372.BraymanTree.local',
			'EA3100.BraymanTree.local',
			'EA3708.BraymanTree.local',
			'BCC-PDQ-01.BraymanTree.local',
			'EA4528.BraymanTree.local',
			'EA4145.BraymanTree.local',
			'EA3219.BraymanTree.local',
			'EA3779.BraymanTree.local',
			'EA4165.BraymanTree.local',
			'EA4388.BraymanTree.local',
			'EA3230.BraymanTree.local',
			'EA4651.BraymanTree.local',
			'EA3491.BraymanTree.local',
			'EA3671.BraymanTree.local',
			'EA3305.BraymanTree.local',
			'EA4242.BraymanTree.local',
			'EA4641.BraymanTree.local',
			'EA4023.BraymanTree.local',
			'EA3525.BraymanTree.local',
			'EA4197.BraymanTree.local',
			'EA4363.BraymanTree.local',
			'EA3719.BraymanTree.local',
			'EA4201.BraymanTree.local',
			'EA4175.BraymanTree.local',
			'EA4025.BraymanTree.local',
			'BCC-CTX-SH-04.BraymanTree.local',
			'ACR-SQL.BraymanTree.local',
			'EA3514.BraymanTree.local',
			'EA3791.BraymanTree.local',
			'EA3665.BraymanTree.local',
			'EA4226.BraymanTree.local',
			'EA3358.BraymanTree.local',
			'EA4524.BraymanTree.local',
			'BCDC-09.BraymanTree.local',
			'EA3795.BraymanTree.local',
			'EA4442.BraymanTree.local',
			'CONFIGMGR.BraymanTree.local',
			'EA4096.BraymanTree.local',
			'EA4294.BraymanTree.local',
			'EA3051.BraymanTree.local',
			'EA3456.BraymanTree.local',
			'EA4657.BraymanTree.local',
			'EA4625.BraymanTree.local',
			'EA4637.BraymanTree.local',
			'EA3674.BraymanTree.local',
			'BCC-SD-01.BraymanTree.local',
			'EA4640.BraymanTree.local',
			'EA3824.BraymanTree.local',
			'WSUS2.BraymanTree.local',
			'BCDC-07.BraymanTree.local',
			'EA4286.BraymanTree.local',
			'BCDC-06.BraymanTree.local',
			'EA4000.BraymanTree.local',
			'EA4177.BraymanTree.local',
			'EA3507.BraymanTree.local',
			'EA3891.BraymanTree.local',
			'EA4173.BraymanTree.local',
			'EA3638.BraymanTree.local',
			'EA4654.BraymanTree.local',
			'MRBURNS.BraymanTree.local',
			'EA3515.BraymanTree.local',
			'EA3649.BraymanTree.local',
			'EA3126.BraymanTree.local',
			'BCC-CTX-REP-01.BraymanTree.local',
			'EA4321.BraymanTree.local',
			'EA3839.BraymanTree.local',
			'EA4360.BraymanTree.local',
			'EA4284.BraymanTree.local',
			'BCDC-05.BraymanTree.local',
			'EA3992.BraymanTree.local',
			'EA4597.BraymanTree.local',
			'BCC-MAIL-DB4.BraymanTree.local',
			'EA3601.BraymanTree.local',
			'ACR-SD-02.BraymanTree.local',
			'EA4333.BraymanTree.local',
			'EA4466.BraymanTree.local',
			'EA3838.BraymanTree.local',
			'EA4202.BraymanTree.local',
			'BCC-HCSS-HJ-2.BraymanTree.local',
			'EA3584.BraymanTree.local',
			'EA4389.BraymanTree.local',
			'EA4237.BraymanTree.local',
			'EA3236.BraymanTree.local',
			'EA3631.BraymanTree.local',
			'EA3098.BraymanTree.local',
			'BCC-DHCP-01.BraymanTree.local',
			'EA3707.BraymanTree.local',
			'EA3161.BraymanTree.local',
			'BCC-CAM-1.BraymanTree.local',
			'BCC-CES-01.BraymanTree.local',
			'EA3545.BraymanTree.local',
			'ACTIVATIONS.BraymanTree.local',
			'EA3458.BraymanTree.local',
			'EA4561.BraymanTree.local',
			'EA3000.BraymanTree.local',
			'EA3165.BraymanTree.local',
			'BCC-SDC-01.BraymanTree.local',
			'EA4386.BraymanTree.local',
			'EA3673.BraymanTree.local',
			'EA4246.BraymanTree.local',
			'EA3732.BraymanTree.local',
			'EA4221.BraymanTree.local',
			'EA4136.BraymanTree.local',
			'ADFR-SAX',
			'EA3460.BraymanTree.local',
			'EA3053.BraymanTree.local',
			'EA3060.BraymanTree.local',
			'EA4203.BraymanTree.local',
			'EA3598.BraymanTree.local',
			'EA3894.BraymanTree.local',
			'EA3132.BraymanTree.local',
			'NPS2.BraymanTree.local',
			'AQ-DFS-BEAVER.BraymanTree.local',
			'EA4078.BraymanTree.local',
			'BCC-DFS-02.BraymanTree.local',
			'EA4098.BraymanTree.local',
			'EA4234.BraymanTree.local',
			'EA4061.BraymanTree.local',
			'EA4060.BraymanTree.local',
			'EA3737.BraymanTree.local',
			'EA4467.BraymanTree.local',
			'BCC-CTX-CC-1.BraymanTree.local',
			'EA4662.BraymanTree.local',
			'ACR-SD-01.BraymanTree.local',
			'EA3731.BraymanTree.local',
			'EA3902.BraymanTree.local',
			'EA3545.BraymanTree.local',
			'EA3158.BraymanTree.local',
			'LT-484.BraymanTree.local',
			'BCC-MARKETING-1.BraymanTree.local',
			'EA4502.BraymanTree.local',
			'EA4409.BraymanTree.local',
			'EA3718.BraymanTree.local',
			'EA4244.BraymanTree.local',
			'EA3979.BraymanTree.local',
			'EA4054.BraymanTree.local',
			'EA3663.BraymanTree.local',
			'BCC-NETMON.BraymanTree.local',
			'BCC-MAIL-DB1.BraymanTree.local',
			'EA3868.BraymanTree.local',
			'EA3636.BraymanTree.local',
			'DRNICK.BraymanTree.local',
			'BCC-HVC-03.BraymanTree.local',
			'BCC-MAIL-DB2.BraymanTree.local',
			'EA3307.BraymanTree.local',
			'EA3874.BraymanTree.local',
			'EA4079.BraymanTree.local',
			'EA3569.BraymanTree.local',
			'EA4179.BraymanTree.local',
			'EA4560.BraymanTree.local',
			'EA4624.BraymanTree.local',
			'EA4219.BraymanTree.local',
			'EA3796.BraymanTree.local',
			'EA3218.BraymanTree.local',
			'EA4311.BraymanTree.local',
			'EA4652.BraymanTree.local',
			'EA4111.BraymanTree.local',
			'EA3860.BraymanTree.local',
			'EA4659.BraymanTree.local',
			'EA4141.BraymanTree.local',
			'BCC-NETMON-2.BraymanTree.local',
			'EA4143.BraymanTree.local',
			'EA3399.BraymanTree.local',
			'EA3840.BraymanTree.local',
			'EA4535.BraymanTree.local',
			'EA4549.BraymanTree.local',
			'EA3107.BraymanTree.local',
			'EA4372.BraymanTree.local',
			'EA3657.BraymanTree.local',
			'BCC-VP-PROD.BraymanTree.local',
			'BCC-MB-1.BraymanTree.local',
			'EA3443.BraymanTree.local',
			'EA4226.BraymanTree.local',
			'BCC-REPORTING.BraymanTree.local',
			'EA3150.BraymanTree.local',
			'EA3733.BraymanTree.local',
			'EA3624.BraymanTree.local',
			'EA4036.BraymanTree.local',
			'EA4332.BraymanTree.local',
			'EA4351.BraymanTree.local',
			'EA3495.BraymanTree.local',
			'EA3493.BraymanTree.local',
			'EA4396.BraymanTree.local',
			'EA3835.BraymanTree.local',
			'EA4116.BraymanTree.local',
			'EA3623.BraymanTree.local',
			'EA4384.BraymanTree.local',
			'EA4638.BraymanTree.local',
			'EA4374.BraymanTree.local',
			'EA4446.BraymanTree.local',
			'BOB.BraymanTree.local',
			'BCC-ME-SELFSRV.BraymanTree.local',
			'EA3873.BraymanTree.local',
			'BCC-CTX-SH-03.BraymanTree.local',
			'EA3337.BraymanTree.local',
			'EA4236.BraymanTree.local',
			'EA4104.BraymanTree.local',
			'EA4001.BraymanTree.local',
			'EA4087.BraymanTree.local',
			'EA3650.BraymanTree.local',
			'EA4047.BraymanTree.local',
			'EA4395.BraymanTree.local',
			'EA4291.BraymanTree.local',
			'EA3046.BraymanTree.local',
			'EA3452.BraymanTree.local',
			'EA3734.BraymanTree.local',
			'EA4583.BraymanTree.local',
			'EA3943.BraymanTree.local',
			'EA3001.BraymanTree.local',
			'EA4199.BraymanTree.local',
			'EA3151.BraymanTree.local',
			'EA4139.BraymanTree.local',
			'EA3763.BraymanTree.local',
			'EA3538.BraymanTree.local',
			'SCDP.BraymanTree.local',
			'NPS1.BraymanTree.local',
			'EA4231.BraymanTree.local',
			'EA3679.BraymanTree.local',
			'EA4235.BraymanTree.local',
			'EA3706.BraymanTree.local',
			'EA3704.BraymanTree.local',
			'EA4390.BraymanTree.local',
			'EA4102.BraymanTree.local',
			'EA3539.BraymanTree.local',
			'EA4401.BraymanTree.local',
			'EA3576.BraymanTree.local',
			'EA3888.BraymanTree.local',
			'BCC-CTX-SH-02.BraymanTree.local',
			'BCC-VP-TEST2.BraymanTree.local',
			'EA3409.BraymanTree.local',
			'EA4656.BraymanTree.local',
			'EA3659.BraymanTree.local',
			'EA4081.BraymanTree.local',
			'BCC-CTX-SZC-01.BraymanTree.local',
			'EA3895.BraymanTree.local',
			'EA4639.BraymanTree.local',
			'EA4538.BraymanTree.local',
			'EA4394.BraymanTree.local',
			'EA4445.BraymanTree.local',
			'EA3088.BraymanTree.local',
			'EA3067.BraymanTree.local',
			'EA4507.BraymanTree.local',
			'EA4541.BraymanTree.local',
			'EA4636.BraymanTree.local',
			'EA3735.BraymanTree.local',
			'BCC-CTX-SZC-02.BraymanTree.local',
			'EA4086.BraymanTree.local',
			'EA3714.BraymanTree.local',
			'EA4190.BraymanTree.local',
			'EA3670.BraymanTree.local',
			'EA3303.BraymanTree.local',
			'EA3461.BraymanTree.local',
			'EA3505.BraymanTree.local',
			'EA4209.BraymanTree.local',
			'EA3606.BraymanTree.local',
			'ACR-VEEAM.BraymanTree.local',
			'EA4595.BraymanTree.local',
			'BCC-SDC-02.BraymanTree.local',
			'EA4105.BraymanTree.local',
			'EA3877.BraymanTree.local',
			'EA4649.BraymanTree.local',
			'EA3787.BraymanTree.local',
			'EA4059.BraymanTree.local',
			'BARNEY.BraymanTree.local',
			'EA4596.BraymanTree.local',
			'EA4633.BraymanTree.local',
			'EA3878.BraymanTree.local',
			'EA4542.BraymanTree.local',
			'ACR-SQL-02.BraymanTree.local',
			'EA3403.BraymanTree.local',
			'EA4009.BraymanTree.local',
			'EA4418.BraymanTree.local',
			'EA3992.BraymanTree.local',
			'EA4140.BraymanTree.local',
			'EA4660.BraymanTree.local',
			'EA4290.BraymanTree.local',
			'EA3971.BraymanTree.local',
			'EA4468.BraymanTree.local',
			'EA4339.BraymanTree.local',
			'BCC-HVC-01.BraymanTree.local',
			'EA3790.BraymanTree.local',
			'EA3249.BraymanTree.local',
			'EA3631.BraymanTree.local',
			'EA3711.BraymanTree.local',
			'EA4634.BraymanTree.local',
			'EA3594.BraymanTree.local',
			'BCC-VP-PORTAL-1.BraymanTree.local',
			'BCC-TRAINING.BraymanTree.local',
			'EA3506.BraymanTree.local',
			'EA4276.BraymanTree.local',
			'EA4397.BraymanTree.local',
			'EA3384.BraymanTree.local',
			'EA4277.BraymanTree.local',
			'EA4284.BraymanTree.local',
			'EA4016.BraymanTree.local',
			'EA3059.BraymanTree.local',
			'EA3004.BraymanTree.local',
			'EA4166.BraymanTree.local',
			'EA3968.BraymanTree.local',
			'EA4062.BraymanTree.local',
			'EA4385.BraymanTree.local',
			'EA4472.BraymanTree.local',
			'EA4027.BraymanTree.local',
			'BCC-SAGE.BraymanTree.local',
			'EA3157.BraymanTree.local',
			'EA4002.BraymanTree.local',
			'EA4632.BraymanTree.local',
			'EA3677.BraymanTree.local',
			'EA3869.BraymanTree.local',
			'EA3690.BraymanTree.local',
			'EA4406.BraymanTree.local',
			'EA4222.BraymanTree.local',
			'EA4539.BraymanTree.local',
			'EA4243.BraymanTree.local',
			'ACR-VEEAM.BraymanTree.local',
			'EA4088.BraymanTree.local',
			'EA4189.BraymanTree.local',
			'BCC-MAIL-DB3.BraymanTree.local',
			'EA4484.BraymanTree.local',
			'EA4400.BraymanTree.local',
			'EA3957.BraymanTree.local',
			'BCC-VEEAM-TERA.BraymanTree.local',
			'EA3841.BraymanTree.local',
			'EA4444.BraymanTree.local',
			'EA4245.BraymanTree.local',
			'ubuntu-test',
			'BCC-VP-PROXY.BraymanTree.local',
			'AQ-DFS-SAX.BraymanTree.local',
			'EA3503.BraymanTree.local',
			'EA4341.BraymanTree.local',
			'EA3664.BraymanTree.local',
			'EA3188.BraymanTree.local',
			'EA3164.BraymanTree.local',
			'EA3705.BraymanTree.local',
			'EA4621.BraymanTree.local',
			'EA4628.BraymanTree.local',
			'BCC-HVC-02.BraymanTree.local',
			'EA4398.BraymanTree.local',
			'EA4558.BraymanTree.local',
			'EA4097.BraymanTree.local',
			'bcc-veeam-lnx-sax',
			'EA4619.BraymanTree.local',
			'EA3476.BraymanTree.local',
			'EA3512.BraymanTree.local',
			'EA3635.BraymanTree.local',
			'EA4399.BraymanTree.local',
			'EA4331.BraymanTree.local',
			'EA4029.BraymanTree.local',
			'BCC-DPM-01.BraymanTree.local',
			'EA3432.BraymanTree.local',
			'EA4080.BraymanTree.local',
			'EA3825.BraymanTree.local',
			'BCC-HCSS-E360.BraymanTree.local',
			'EA4537.BraymanTree.local',
			'EA4084.BraymanTree.local',
			'EA3504.BraymanTree.local',
			'BCC-BLUESTONE.BraymanTree.local',
			'EA4342.BraymanTree.local',
			'EA4246.BraymanTree.local',
			'EA3767.BraymanTree.local',
			'ACR-SW-PDM-1.BraymanTree.local',
			'EA4508.BraymanTree.local',
			'EA3727.BraymanTree.local',
			'EA4292.BraymanTree.local',
			'EA3069.BraymanTree.local',
			'EA3603.BraymanTree.local',
			'EA4598.BraymanTree.local',
			'BCC-NDES-01.BraymanTree.local',
			'EA4627.BraymanTree.local',
			'EA4630.BraymanTree.local',
			'BCC-DHCP-02.BraymanTree.local',
			'EA4028.BraymanTree.local',
			'EA4443.BraymanTree.local',
			'EA4198.BraymanTree.local',
			'EA4161.BraymanTree.local',
			'EA3898.BraymanTree.local',
			'EA3678.BraymanTree.local',
			'BCC-CAM-04.BraymanTree.local',
			'EA4293.BraymanTree.local',
			'EA4046.BraymanTree.local',
			'ACR-CAM.BraymanTree.local',
			'EA3121.BraymanTree.local',
			'BCC-CTX-CC-2.BraymanTree.local',
			'EA4137.BraymanTree.local',
			'EA3945.BraymanTree.local',
			'EA4469.BraymanTree.local',
			'EA4316.BraymanTree.local',
			'EA4536.BraymanTree.local',
			'EA4599.BraymanTree.local',
			'EA3710.BraymanTree.local'
		]
	},
	{
		"Customer Name": 'Zoo Atlanta',
		assets: []
	},
	{
		"Customer Name": 'Burlington Northern Santa Fe',
		assets: []
	},
	{
		"Customer Name": 'McKeesport Area School District',
		assets: [
			'MASD-DC01.internal.mckasd.com',
			'MASD-TECH.internal.mckasd.com',
			'MASD-SURVEYOR.internal.mckasd.com',
			'MASD-Records.internal.mckasd.com',
			'MASD-MEC.internal.mckasd.com',
			'MASD-ARCHIVE.internal.mckasd.com',
			'MASD-DC03.internal.mckasd.com',
			'MASD-BKUP.internal.mckasd.com',
			'MASD-WHD',
			'MASD-PAPERCUT.internal.mckasd.com',
			'MASD-EXCHANGE.internal.mckasd.com',
			'MASD-CSE.internal.mckasd.com',
			'MASD-WIDA.internal.mckasd.com'
		]
	},
	{
		"Customer Name": 'Robroy Industries Inc',
		assets: [
			'enigmaapp.robroy.net',
			'adconnect.robroy.net',
			'enigmasql.robroy.net',
			'DOCLOG.robroy.net',
			'beldingexchange.robroy.net',
			'BELDOMAIN.robroy.net',
			'beldingpwf.robroy.net',
			'IDLDC01.robroy.net',
			'VeeamProxy.robroy.net',
			'sedatapro-vm.robroy.net',
			'avingerpwf.robroy.net',
			'BELDINGAIMS.robroy.net',
			'GILMERPRINTSVR.robroy.net',
			'VEEAM.robroy.net',
			'sevault.robroy.net',
			'DLOGSQL.robroy.net',
			'beldingpwf.robroy.net',
			'hqdirit.robroy.net',
			'enigmasql.robroy.net',
			'GILMERAIMS.robroy.net',
			'Engineering.robroy.net',
			'GILSHR.robroy.net',
			'tableau.robroy.net',
			'BELCAMERA.robroy.net',
			'GILDOMAIN.robroy.net',
			'ScriptServer.robroy.net',
			'GILPLCCOMM.robroy.net',
			'CONDUITPWF.robroy.net',
			'enigmasql.robroy.net',
			'sevault.robroy.net',
			'conduitcomm1.robroy.net',
			'DOCTXT.robroy.net',
			'infonic.robroy.net',
			'conduitpwf1.robroy.net',
			'dlxretention.robroy.net',
			'clarity7.robroy.net',
			'verdomain1.robroy.net',
			'gilarchive.robroy.net',
			'verarchive.robroy.net',
			'conduitpwf1.robroy.net',
			'dlxhtml.robroy.net'
		]
	},
	{
		"Customer Name": 'Armina Stone',
		assets: [
			'ARMFL-DT-001',
			'ARM-LT-19',
			'ARM-DT-15',
			'ARM-LT-20',
			'ARM-LT-34',
			'ARM-LT-32',
			'12051-Armina',
			'ARM-LT-03',
			'ARM-LT-01',
			'ARM-DT-08',
			'Titan-PC',
			'ARM-LT-07',
			'ARM-DT-50',
			'ARM-DT-05',
			'ARM-DT-POD-01',
			'ARM-LT-22',
			'ARM-DT-19',
			'ARM-DT-23',
			'ARM-LT-80',
			'ARM-LT-Taylor',
			'ARM-LT-05',
			'ARM-LT-18',
			'ARM-DT-06',
			'ARM-LT-55',
			'ARM-DT-07',
			'ARM-LT-54',
			'ARM-DT-CONF',
			'ARM-DT-11',
			'ARM-LT-100',
			'ARM-DT-18',
			'ARM-LT-27',
			'ARM-DT-21',
			'ARM-DT-HD-01',
			'11833-ArminaStone',
			'TITAN1A-PC',
			'ARM-LT-17',
			'9177-Armina',
			'ARM-LT-53',
			'ARM-LT-60',
			'ARM-LT-30',
			'ARM-LAP-13',
			'SABERJET2T',
			'DESKTOP-HPBC34V',
			'ARM-LT-26',
			'ARM-LT-40',
			'ARM-DT-25',
			'ARM-DT-22',
			'SABERJET',
			'ARM-LT-15',
			'ARM-LT-35',
			'ARM-LT-33',
			'ARM-DT-14',
			'ARM-DT-Rex',
			'ARM-DT-13',
			'ARM-DT-TV-1'
		]
	},
	{
		"Customer Name": 'Gallagher Fluid Seals',
		assets: []
	},
	{
		"Customer Name": 'Burris Logistics',
		assets: []
	},
	{
		"Customer Name": 'Shaft Drillers',
		assets: []
	},
	{
		"Customer Name": 'Paltronics USA',
		assets: []
	},
	{
		"Customer Name": 'Washington Financial Bank',
		assets: []
	},
	{
		"Customer Name": 'Rayus Radiology',
		assets: []
	},
	{
		"Customer Name": 'GCU',
		assets: []
	},
	{
		"Customer Name": 'Warner Telecomm',
		assets: [
			'WTCFP01.warnertelecomm.local',
			'WTCEXCH01.warnertelecomm.local',
			'warner-ot-test.warnertelecomm.local',
			'bi-linux.warnertelecomm.local',
			'WTCDC01.warnertelecomm.local',
			'wtc-ata-ot.warnertelecomm.local'
		]
	},
	{
		"Customer Name": 'Modern Transportation Services',
		assets: []
	},
	{
		"Customer Name": 'TAKTL-LLC',
		assets: []
	},
	{
		"Customer Name": 'Middletown Tractor Sales',
		assets: []
	},
	{
		"Customer Name": 'RRExpress',
		assets: []
	},
	{
		"Customer Name": 'Bruce Aerospace Inc',
		assets: [
			'SCHBASCAN.bruce.lcl',
			'SCHBADOCLINK01.bruce.lcl',
			'SCHBAUTIL01.bruce.lcl',
			'SamsungIT',
			'SCHBASQL02.bruce.lcl',
			'SCHBAXTRA.bruce.lcl',
			'SCHBAJMPMU.bruce.lcl',
			'YesTechAOI-19JP.bruce.lcl',
			'SCHBAPDM01.bruce.lcl'
		]
	},
	{
		"Customer Name": 'Western Pennsylvania School for the Deaf',
		assets: [
			'WPSD-DC01.wpsd.int',
			'BRIDGIT.wpsd.int',
			'fs01.wpsd.int',
			'wpsd-dc02.wpsd.int',
			'fs02.wpsd.int',
			'ap02.wpsd.int',
			'ap01.wpsd.int',
			'appserver2.wpsd.int'
		]
	},
	{
		"Customer Name": 'Adams Township',
		assets: []
	},
	{
		"Customer Name": 'Dynasplint Systems Inc',
		assets: []
	},
	{
		"Customer Name": 'Cabot Creamery',
		assets: []
	},
	{
		"Customer Name": 'Liberty Wire and Steel',
		assets: []
	},
	{
		"Customer Name": 'Moon Township Police Department',
		assets: []
	}
]
